olid,lt,lg,c,rg,rt
1,DD-0900,RB-3500,JN-1200,DF-0900,SG-1000
2,BW-1400,BH-0200,CC-3800,AR-0300,TC-1500
3,TB-1800,BM-1900,QN-0100,BS-3700,ZW-0200
4,RO-0100,JP-4500,DW-4200,EL-0300,SZ-0100
5,TT-1200,JW-1800,BM-2700,JM-1800,JR-3400
6,FA-0100,LA-0300,MS-4600,SP-0200,EW-1100
7,MW-0200,RV-0200,FW-0800,MR-0900,ED-0600
8,JF-0100,KJ-0300,KM-0700,RT-0500,RY-0100
9,JT-0200,DS-5200,TG-1900,WS-0400,VR-0300
10,TG-1000,SM-2100,JS-0600,LM-1700,AM-1700
11,RW-1200,MD-0500,TR-1000,KD-1300,TW-0100
12,WJ-0400,PK-0100,CG-2100,FW-0700,TW-1200
13,TS-3200,CL-1100,MB-2400,DD-1600,KS-2400
14,BB-2900,TP-1100,OK-0200,CV-0400,JW-3900
15,BA-1100,DF-1100,DW-4700,ML-0300,GW-1300
16,PP-0600,RM-2200,JC-2800,FM-0300,JW-6700
17,RR-0800,TS-1200,MC-2500,JH-2300,AG-0700
18,WR-0600,WW-0500,JF-2400,CN-0100,KT-1000
19,LS-0600,MJ-2600,CD-1600,LH-1700,AC-1600
20,LB-1600,GP-0200,DZ-0300,RS-3200,LP-0500
21,MS-4900,SW-1900,BR-0600,MC-2200,LK-0300
22,BC-1800,RR-1200,RF-0800,KG-0600,VP-0100
23,WG-0100,AF-0100,DD-0700,RT-2100,MS-2800
24,JO-0500,EM-1900,JM-5200,HS-0300,MF-1100
25,CS-0100,KS-1200,MF-0500,JL-1000,JJ-0900
26,CJ-2200,MC-0300,FG-0100,JN-1000,CT-0700
27,JF-1500,RB-4000,JO-0600,JN-0200,RH-1900
28,BH-1600,BM-0400,KL-1200,BO-0300,FM-0400
29,OP-0100,TN-0700,AM-1300,AT-0800,RT-1900
30,TJ-2800,MS-0300,TN-0100,DN-0300,ML-1200
31,JO-0500,EM-1900,JM-5200,MF-1100,HS-0300
32,RJ-2200,SR-0400,RB-2800,MG-0900,WA-0300
33,CS-0100,KS-1200,MF-0500,TJ-2100,JJ-0900
34,TS-3200,CL-0100,MB-2400,DD-1600,KS-2400
35,JT-0200,JB-3700,TG-1900,WS-0400,VR-0300
36,MJ-2600,CD-1600,ND-0200,AC-1600,YS-0100
37,BA-1100,DF-1100,DW-4700,SI-0200,GW-1300
38,RO-0100,JB-7600,DW-4200,EL-0300,SZ-0100
39,RR-0800,JA-2800,MC-2500,JH-2300,AG-0700
40,MW-0200,RV-0200,FW-0800,MR-0900,MT-0200
41,TB-1800,BM-1900,JW-0100,BS-3700,ZW-0200
42,RJ-2200,MO-0100,RB-2800,MG-0900,WA-0300
43,BA-1100,JA-1900,DW-4700,SI-0200,GW-1300
44,MJ-2600,MG-2000,LH-1700,AC-1600,CD-1600
45,MW-0200,RV-0200,MF-0600,MR-0900,MT-0200
46,RJ-2200,MO-0100,BG-2500,MG-0900,WA-0300
47,JH-3500,TP-1100,CW-2000,CV-0400,JW-3900
48,RR-0800,MC-2500,EB-0900,JH-2300,AG-0700
49,BS-2600,MD-0500,TR-1000,KD-1300,TW-0100
50,TB-1800,BM-1900,JS-4200,BS-3700,ZW-0200
51,WG-0100,AF-0100,DD-0700,RT-2100,SP-1600
52,LS-0600,MJ-2600,MG-2000,LH-1700,AC-1600
53,BW-1400,CB-0500,CC-3800,TC-1500,MT-0950
54,BB-2900,TP-1100,CW-2000,CV-0400,JW-3900
55,JM-1300,BM-0400,KL-1200,BO-0300,FM-0400
56,BA-1100,JA-1900,DW-4700,GW-1300,ML-0300
57,EM-1900,JM-5200,MF-1100,HS-0300,OB-0100
58,JF-1500,RB-4000,JO-0600,JN-0200,MS-3800
59,CC-2700,RV-0200,FW-0800,MR-0900,MT-0200
60,WG-0100,AF-0100,DD-0700,RT-2100,LT-0200
61,WJ-0400,PK-0100,CG-2100,FW-0700,CM-1900
62,BW-1400,CB-0500,CC-3800,TC-1500,ES-0100
63,JO-0500,EM-1900,MF-1100,KV-0300,HS-0300
64,KS-1200,MF-0500,JL-1000,JJ-0900,CS-0100
65,TJ-2800,LF-0800,TN-0100,DN-0300,ML-1200
66,JJ-0400,MO-0100,BG-2500,MG-0900,WA-0300
67,LS-0600,CD-1600,MG-2000,LH-1700,AC-1600
68,BA-1100,JA-1900,DW-4700,SI-0200,ML-0300
69,CS-0100,AH-2500,MF-0500,JL-1000,JJ-0900
70,OP-0100,TN-0700,SE-0500,AM-1300,RT-1900
71,BB-2900,TP-1100,OK-0200,CW-2000,JW-3900
72,RW-1200,JB-4000,TR-1000,KD-1300,TW-0100
73,MC-0300,BS-4200,FG-0100,JN-1000,CT-0700
74,BW-1400,CC-3800,TM-1500,TC-1500,ES-0100
75,TB-1800,BM-1900,JS-4200,BS-3700,TF-1100
76,SM-1500,MC-2500,EB-0900,JH-2300,AG-0700
77,JT-0200,JB-3700,DW-4000,WS-0400,VR-0300
78,BS-2100,SW-1900,BR-0600,MC-2200,LK-0300
79,JJ-0700,MC-0300,FG-0100,JN-1000,CT-0700
80,JJ-0400,MO-0100,RB-2800,MG-0900,WA-0300
81,LS-0600,MJ-2600,MG-2000,CD-1600,AC-1600
82,LB-1600,MR-1800,DZ-0300,RS-3200,LP-0500
83,WG-0100,AF-0100,RT-2100,LT-0200,MS-0400
84,MW-3000,RB-3500,JN-1200,DF-0900,SG-1000
85,JO-0500,EM-1900,JM-5200,MF-1100,SF-0200
86,SM-1500,TS-1200,MC-2500,JH-2300,BB-3100
87,LS-0600,MJ-2600,CD-1600,ND-0200,AC-1600
88,BH-0200,CC-3800,TM-1500,TC-1500,ES-0100
89,RO-0100,SZ-0100,DW-4200,EL-0300,JB-6600
90,WG-0100,AF-0100,RD-2000,RT-2100,MS-2800
91,FA-0100,LA-0300,BF-1200,SP-0200,EW-1100
92,BA-1100,DW-4700,SI-0200,AK-0700,GW-1300
93,RO-0100,SZ-0100,SO-0200,EL-0300,JB-6600
94,LB-1600,GP-0200,DZ-0300,JW-2900,LP-0500
95,BA-1100,JA-1900,DW-4700,SI-0200,AK-0700
96,BC-1800,RR-1200,RF-0800,DG-2200,VP-0100
97,BA-1100,AK-0700,DW-4700,SI-0200,GR-0100
98,WS-0400,JB-3700,TG-1900,DW-4000,VR-0300
99,MS-3800,RB-4000,JO-0600,JN-0200,RH-1900
100,LS-0600,MJ-2600,CD-1600,AC-1600,YS-0100
101,JO-0500,EM-1900,JM-5200,MF-1100,JH-5700
102,RH-1900,RB-4000,JO-0600,JN-0200,MS-3800
103,CJ-2200,JD-1800,FG-0100,JN-1000,CT-0700
104,BC-1800,RR-1200,RF-0800,KJ-0200,VP-0100
105,JJ-0400,SR-0400,RB-2800,MG-0900,WA-0300
106,SM-1500,TS-1200,MC-2500,JH-2300,RR-0800
107,LB-1600,JW-2900,DZ-0300,RS-3200,LP-0500
108,GH-1000,RM-2200,JC-2800,FM-0300,JW-6700
109,MW-3000,RB-3500,JN-1200,TH-2500,SG-1000
110,BW-1400,CC-3800,EP-0500,TC-1500,ES-0100
111,BC-1800,KJ-0200,RF-0800,KG-0600,VP-0100
112,CS-0100,MM-4900,MF-0500,JL-1000,JJ-0900
113,BB-2900,RT-1700,OK-0200,CV-0400,JW-3900
114,JO-0500,EM-1900,MF-1100,KV-0300,SW-1300
115,JF-1500,RB-4000,BC-2100,CH-4700,JJ-1900
116,RW-1200,MO-0100,RB-2800,MG-0900,WA-0300
117,GW-1300,MC-2500,DW-4700,JA-1900,GR-0100
118,RO-0100,RV-0200,DW-4200,TJ-2100,RC-1000
119,WJ-0400,SH-1500,RT-1100,CG-2100,TW-1200
120,KW-0100,RM-2200,TW-1000,CC-3700,JW-6700
121,FA-0100,LA-0300,MS-4600,KG-0200,SP-0200
122,JB-0400,SM-1500,EB-0900,BS-3700,AG-0700
123,CC-2700,MW-0200,MF-0600,MR-0900,MT-0200
124,TB-1800,BM-1900,JS-4200,ZW-0200,MW-2400
125,WG-0100,AF-0100,JH-2300,RT-2100,MS-2800
126,JT-0200,MS-3600,BW-0600,WS-0400,VR-0300
127,BB-0200,CL-0100,MB-2400,DD-1600,CL-1100
128,TS-3200,JN-1000,JM-5200,KD-1300,CT-0700
129,TT-1200,JW-1800,HF-0300,JM-1800,JR-3400
130,DM-1900,RR-1200,KJ-0200,DG-2200,VP-0100
131,CS-0100,DS-5200,CR-0400,DB-3700,JJ-0900
132,BW-1400,BH-0200,TM-1500,KF-0300,TC-1500
133,MS-3800,MD-0500,TR-1000,TP-1100,TW-0100
134,TT-0600,LF-0800,TN-0100,DN-0300,DD-1100
135,BW-1400,BH-0200,TM-1500,TC-1500,ES-0100
136,JT-0200,MS-3600,CW-2000,WS-0400,VR-0300
137,SF-0200,MD-0500,TR-1000,TP-1100,TW-0100
138,ML-2000,MC-2500,DW-4700,JA-1900,GR-0100
139,WJ-0400,SH-1500,RT-1100,CG-2100,CM-1900
140,LS-0600,PK-0100,MG-2000,LD-0200,AC-1600
141,TT-0600,LF-0800,TN-0100,DN-0300,ML-1200
142,CS-0100,DS-5200,CR-0400,MC-0300,JJ-0900
143,KF-0100,RB-4000,BC-2100,CH-4700,MS-5600
144,JO-0500,EM-1900,MF-1100,BA-0600,SW-1300
145,AK-0800,BM-1900,JS-4200,ZW-0200,MW-2400
146,KW-0100,RM-2200,JC-2800,CC-3700,JW-6700
147,ML-2000,MC-2500,GR-0500,JA-1900,GR-0100
148,BS-2100,SW-1900,AT-1200,MC-2200,LK-0300
149,TT-1200,DB-5400,HF-0300,JM-1800,JR-3400
150,BH-1600,ZP-0200,BM-0400,BO-0300,FM-0400
151,RO-0100,RV-0200,DW-4200,JM-3400,RC-1000
152,BS-2100,SW-1900,AT-1200,FM-0300,LK-0300
153,TS-3200,JJ-0700,JN-1000,KD-1300,CT-0700
154,DD-0900,RB-3500,BL-1500,DF-0900,SG-1000
155,JO-0500,KV-0300,MF-1100,BA-0600,SW-1300
156,BB-0200,EL-0300,MB-2400,DD-1600,CL-1100
157,JB-0400,TS-1200,EB-0900,BS-3700,AG-0700
158,ML-2000,DW-4700,MC-2500,JA-1900,GR-0100
159,SF-0200,MD-0500,TR-1000,TP-1100,HS-0300
160,TF-1100,BM-1900,JS-4200,ZW-0200,MW-2400
161,JT-0200,DW-4000,CW-2000,WS-0400,MS-3600
162,JB-0400,TS-1200,EB-0900,BS-3700,MJ-2600
163,TG-1000,SM-2100,JS-0600,LM-1700,RD-1000
164,WR-0600,DT-0300,JF-2400,CN-0100,KT-1000
165,OP-0100,TN-0700,AM-1300,AT-0800,RJ-2200
166,TT-0600,LF-0800,TN-0100,SH-0700,ML-1200
167,CS-0100,DS-5200,CR-0400,BC-1800,JJ-0900
168,JO-0500,EM-1900,MF-1100,BA-0600,KV-0300
169,TS-3200,JN-1000,JM-5200,LJ-1600,CT-0700
170,JB-0400,MJ-2600,EB-0900,BS-3700,AG-0700
171,JF-1500,RB-4000,BC-2100,CH-4700,JC-0800
172,DT-0300,WW-0500,JF-2400,CN-0100,KT-1000
173,MS-5600,RB-4000,BC-2100,CH-4700,JC-0800
174,JO-0500,EM-1900,MF-1100,SW-1300,KV-0300
175,OR-0100,AF-0100,JH-2300,RT-2100,MS-2800
176,JF-0100,KJ-0300,KM-0700,JM-0100,RY-0100
177,BS-4000,MW-0200,MF-0600,MR-0900,MT-0200
178,JJ-1900,RB-4000,BC-2100,CH-4700,JO-0600
179,TS-3200,JN-1000,JM-5200,LJ-1600,MT-2500
180,RW-1200,SR-0400,RB-2800,MG-0900,WA-0300
181,TT-0600,SH-0700,TN-0100,DN-0300,ML-1200
182,TG-1000,LM-1700,JS-0600,RD-1000,AM-1700
183,MS-4900,SW-1900,AT-1200,FM-0300,LK-0300
184,OP-0100,FG-0100,AM-1300,AT-0800,RT-1900
185,EL-0300,CC-3800,MB-2400,DD-1600,CL-1100
186,SF-0200,MD-0500,HI-0100,TP-1100,TW-0100
187,JF-1500,RB-4000,BC-2100,CH-4700,JO-0600
188,BW-1400,BH-0200,TM-1500,KF-0300,ES-0100
189,JT-0200,BW-0600,CW-2000,WS-0400,MS-3600
190,WG-0100,AF-0100,JH-2300,OR-0100,MS-2800
191,JM-1300,ZP-0200,BM-0400,BO-0300,FM-0400
192,SF-0200,HI-0100,TR-1000,TP-1100,TW-0100
193,TS-3200,JN-1000,JM-5200,JJ-0700,CT-0700
194,EL-0300,CL-0100,MB-2400,CW-3500,CL-1100
195,JF-1500,RB-4000,BC-2100,JO-0600,JJ-1900
196,LS-0600,CD-1600,MG-2000,LD-0200,AC-1600
197,TG-1000,SM-2100,JS-0600,RD-1000,AM-1700
198,RV-0200,SO-0200,DW-4200,BB-1400,RC-1000
199,EL-0300,CL-0100,MB-2400,DD-1600,CL-1100
200,BW-1400,RG-0500,TM-1500,KF-0300,TC-1500
201,BH-1600,BM-0400,BO-0300,FM-0400,GD-0200
202,BH-1600,BM-0400,GD-0200,BO-0300,FM-0400
203,BW-1400,RG-0500,TM-1500,KF-0300,ES-0100
204,VP-0100,RR-1200,KJ-0200,DG-2200,EE-0300
205,FA-0100,LA-0300,MS-4600,KG-0200,CD-1900
206,BS-2100,SW-1900,AT-1200,FM-0300,DA-1800
207,BB-0200,CC-3800,MB-2400,EL-0300,CL-1100
208,RO-0100,SO-0200,DW-4200,BB-1400,RC-1000
209,WG-0100,KV-0500,JH-2300,OR-0100,MS-2800
210,BW-1400,TC-1500,RG-0500,KF-0300,MT-0950
211,LS-0600,CD-1600,JS-6100,LD-0200,AC-1600
212,RS-0500,JW-1800,JP-4500,BW-1800,JR-3400
213,LP-0500,RS-0800,CB-1800,JW-2900,MR-1800
214,DD-0900,DF-0900,JN-1200,RS-3200,SG-1000
215,JJ-1900,RB-4000,TT-0600,MS-5600,MW-2600
216,JF-0100,JM-0100,KM-0700,RT-0500,KM-1200
217,TS-3200,JJ-0700,JM-5200,KD-1300,CT-0700
218,JO-0500,CR-0100,MF-1100,BA-0600,EM-1900
219,BR-0700,RT-1700,OK-0200,CV-0400,JW-3900
220,DM-1900,BH-0200,CR-0400,TF-0800,VP-0100
221,WR-0600,BW-0600,CW-2000,WS-0400,JT-0200
222,RV-0200,BS-4000,DW-4200,SO-0200,RT-1900
223,OP-0100,TN-0700,AM-1300,AT-0800,JS-5500
224,ES-0100,BH-0300,TN-0100,DN-0300,ML-1200
225,BW-1400,TC-1500,TM-1500,RG-0500,TW-1200
226,CC-2700,MW-0200,FW-0800,MR-0900,MT-0200
227,ZW-0200,BM-1900,JW-0100,CN-0100,MW-2400
228,TG-1000,RD-0800,JS-0600,RD-1000,AM-1700
229,MD-0500,JN-0200,TR-1000,TP-1100,TW-0100
230,JB-0400,TS-1200,DR-0300,RB-3500,KB-1200
231,BS-2100,FM-0300,BR-0600,MS-4900,LK-0300
232,FW-0900,SH-1500,RT-1100,CG-2100,JW-6700
233,KT-1000,KJ-0200,JF-2400,LB-0300,SF-0200
234,RO-0100,KJ-0300,JC-2800,TW-1000,CG-2200
235,BH-1600,ZP-0200,GD-0200,BO-0300,FM-0400
236,CS-0100,DL-2200,LM-1700,BS-3700,JJ-0900
237,LS-0600,PK-0100,MG-2000,CD-1600,LD-0200
238,CP-1700,DG-2200,SM-2100,FW-0600,JH-3500
239,FA-0100,LA-0300,AG-1900,KG-0200,SP-0200
240,ML-2000,JA-1900,MC-2500,DW-4700,KJ-1000
241,RO-0100,KJ-0300,JC-2800,CC-3700,KW-0100
242,RV-0200,BS-4000,SO-0200,PZ-0200,RC-1000
243,ML-2000,MC-2500,DW-4700,JA-1900,KJ-1000
244,DM-1900,BH-0200,CR-0400,MK-0400,VP-0100
245,BS-2100,MS-4900,BR-0600,FM-0300,LK-0300
246,WG-0100,AF-0100,JH-2300,KS-0900,MS-2800
247,JB-0400,TS-1200,DR-0300,RB-3500,SM-1500
248,CC-2700,MW-0200,FW-0800,MR-0900,ED-0600
249,LK-0100,CL-0100,MB-2400,DD-1600,CL-1100
250,FW-0900,SH-1500,RT-1100,CG-2100,WJ-0400
251,FA-0100,ML-0900,AG-1900,KG-0200,SP-0200
252,BW-1400,TC-1500,TM-1500,KF-0300,TW-1200
253,RO-0100,KJ-0300,JC-2800,CC-3700,CG-2200
254,RW-1200,MO-0100,RB-2800,SR-0400,WA-0300
255,CC-2700,MW-0200,MF-0600,MR-0900,ED-0600
256,RV-0200,BS-4000,SO-0200,PZ-0200,RT-1900
257,ML-2000,MC-2500,GR-0500,AK-0700,KJ-1000
258,DM-1900,BH-0200,JB-1000,TF-0800,VP-0100
259,FA-0100,KG-0200,AG-1900,SP-0200,LA-0300
260,GW-1300,TN-0700,AM-1300,AT-0800,JS-5500
261,WJ-0400,SH-1500,RT-1100,CG-2100,FW-0900
262,BB-2900,BH-0300,TN-0100,DN-0300,ES-0100
263,JO-0500,EM-1900,MF-1100,BA-0600,EB-1500
264,BS-2100,MS-4900,BR-0600,FM-0300,LW-0100
265,FA-0100,KG-0200,ML-0900,SP-0200,LA-0300
266,TG-1000,WJ-0100,JS-0600,RD-1000,AM-1700
267,LJ-1400,MO-0100,RB-2800,SR-0400,WA-0300
268,ML-2000,MC-2500,GR-0500,DW-4700,KJ-1000
269,MS-3800,JN-0200,TR-1000,TP-1100,TW-0100
270,DD-0900,EH-0300,JN-1200,RS-3200,SG-1000
271,FA-0100,LA-0300,ML-0900,SP-0200,JC-3600
272,TS-3200,MT-2500,JM-5200,KD-1300,CT-0700
273,CP-1700,DG-2200,SM-2100,RS-0500,JH-3500
274,JO-0500,EM-1900,CR-0100,BA-0600,EB-1500
275,ML-2000,MC-2500,DW-4700,SN-0200,KJ-1000
276,LP-0500,RS-0800,CB-1800,DZ-0300,MR-1800
277,RV-0200,BS-4000,MF-1500,SO-0200,RT-1900
278,CS-0100,LM-1700,WB-1100,BS-3700,JJ-0900
279,WJ-0400,CG-2100,RT-1100,FW-0700,FW-0900
280,LS-0600,PK-0100,MG-2000,RR-1200,LD-0200
281,JC-3600,ML-0900,AG-1900,SP-0200,FA-0100
282,MP-0800,BM-1900,JW-0100,CN-0100,ZW-0200
283,CP-1700,DG-2200,SM-2100,RS-0500,RY-0100
284,MC-2300,MG-0200,OK-0200,CV-0400,JW-3900
285,CS-0100,DL-2200,LM-1700,WB-1100,JJ-0900
286,MF-0600,MW-0200,FW-0800,MR-0900,ED-0600
287,JJ-1900,RB-4000,TT-0600,MS-5600,MP-2200
288,LW-0100,MS-4900,BR-0600,FM-0300,LK-0300
289,WG-0100,AF-0100,CO-0600,KS-0900,MS-2800
290,LJ-1400,MO-0100,RB-2800,MG-0900,WA-0300
291,FA-0100,JM-3400,AG-1900,SP-0200,JC-3600
292,BS-2100,MC-2200,BR-0600,FM-0300,LK-0300
293,ES-0100,SH-0700,BH-0300,DN-0300,ML-1200
294,BW-1400,TC-1500,TM-1500,KF-0300,MT-0950
295,AS-3700,DL-2200,LM-1700,WB-1100,JJ-0900
296,TG-1000,RD-0800,JS-0600,RD-1000,WJ-0100
297,MC-2300,MG-0200,OK-0200,KD-1200,JW-3900
298,FA-0100,JM-3400,TW-0300,AG-1900,SP-0200
299,WJ-0400,CG-2100,RT-1100,FW-0700,JW-6700
300,RO-0100,TW-1000,JC-2800,CC-3700,KW-0100
301,MP-0800,BM-1900,JW-0100,CN-0100,TF-1100
302,LS-0600,PK-0100,JS-6100,CD-1600,LD-0200
303,JB-0400,MJ-2600,DR-0300,RB-3500,SM-1500
304,EE-0300,BH-0200,JB-1000,TF-0800,VP-0100
305,CP-1700,DG-2200,SM-2100,FW-0600,CD-1900
306,BS-2100,FM-0300,BR-0600,MC-2200,LK-0300
307,KT-1000,KJ-0200,JF-2400,VR-0300,SF-0200
308,CP-1700,DG-2200,SM-2100,FW-0600,RY-0100
309,FA-0100,RT-1800,TW-0300,AG-1900,SP-0200
310,BM-1600,CL-0100,MB-2400,DD-1600,CL-1100
311,LS-0600,PK-0100,JS-6100,RR-1200,LD-0200
312,EE-0300,BH-0200,JB-1000,TF-0800,SW-1300
313,MC-2300,MG-0200,KD-1200,CV-0400,JW-3900
314,JO-0500,CR-0100,MF-1100,BA-0600,EB-1500
315,TS-3200,JN-1000,JM-5200,KD-1300,MT-2500
316,MG-0200,KD-1200,OK-0200,CV-0400,JW-3900
317,LP-0500,RS-0800,JW-2900,TH-2400,MR-1800
318,KT-1000,KJ-0200,JF-2400,SF-0200,VR-0300
319,CS-0100,AS-3700,LM-1700,WB-1100,JJ-0900
320,LJ-1400,MO-0100,BG-2500,MG-0900,WA-0300
321,CP-1700,CS-3300,SM-2100,FW-0600,RY-0100
322,WG-0100,AF-0100,CO-0600,KV-0500,MS-2800
323,BM-1600,CL-0100,MB-2400,EL-0300,CL-1100
324,OP-0100,HI-0100,AM-1300,AT-0800,JS-5500
325,DM-1900,KG-0200,JB-1000,TF-0800,SW-1300
326,WJ-0400,CG-2100,RT-1100,FW-0700,CT-0700
327,LS-0600,RR-1200,JS-6100,CD-1600,LD-0200
328,MW-3000,EH-0300,JN-1200,RS-3200,SG-1000
329,JS-5500,HI-0100,AM-1300,FG-0100,AT-0800
330,JF-0100,DS-5200,KM-0700,RT-0500,KM-1200
331,MP-2200,RB-4000,TT-0600,MS-5600,MW-2600
332,SW-1300,KG-0200,JB-1000,TF-0800,VP-0100
333,JB-0400,EB-0900,DR-0300,RB-3500,MJ-2600
334,CP-1700,CS-3300,SM-2100,FW-0600,JH-3500
335,CS-0100,DL-2200,LM-1700,TJ-2100,JJ-0900
336,DD-0900,MW-3000,JN-1200,RS-3200,SG-1000
337,MF-0600,MW-0200,FW-0800,MR-0900,KB-0600
338,BH-1600,TA-0100,GD-0200,BO-0300,FM-0400
339,MD-0500,SM-2000,TR-1000,TP-1100,TW-0100
340,JM-1300,TA-0100,GD-0200,BO-0300,FM-0400
341,WJ-0400,CG-2100,RT-1100,JW-6700,CT-0700
342,CS-0100,KV-0300,LM-1700,TJ-2100,JJ-0900
343,ML-2000,MC-2500,DW-4700,JA-1900,AK-0700
344,LS-0600,TW-3800,JS-6100,CD-1600,RR-1200
345,FA-0100,RT-1800,TW-0300,AG-1900,JC-3600
346,MW-3000,EH-0300,JN-1200,KK-1300,SG-1000
347,BS-2100,FM-0300,AT-1200,MC-2200,LK-0300
348,CS-0100,DF-0900,LM-1700,RT-0500,JJ-0900
349,JF-0100,DS-5200,KM-0700,BS-2600,KM-1200
350,JJ-1900,RB-4000,TT-0600,MP-2500,MW-2600
351,TS-3200,JJ-0700,JM-5200,KD-1300,JG-3900
352,MP-0800,VM-0100,BM-1900,CN-0100,MW-2400
353,LJ-1400,ES-1300,MG-0900,MO-0100,WA-0300
354,TG-1000,RD-0800,JS-0600,SS-0800,RD-1000
355,BS-4000,MF-1500,JF-0200,SO-0200,RT-1900
356,FA-0100,LA-0300,ML-0900,AG-1900,RY-0100
357,JB-0400,EB-0900,DR-0300,RB-3500,SM-1500
358,LS-0600,CS-3300,PK-0100,LD-0200,AC-1600
359,BM-1600,CL-1100,MB-2400,DD-1600,MR-1800
360,DM-1900,KG-0200,JB-1000,SP-0200,VP-0100
361,CP-1700,MB-4200,SM-2100,ZW-0200,GR-0100
362,WS-0700,JN-0200,TR-1000,TP-1100,TW-0100
363,LP-0500,RS-0800,CB-1800,DD-1400,IA-0300
364,OP-0100,AM-1300,DW-4200,AT-0800,KT-1000
365,MS-2800,AF-0100,JH-2300,KS-0900,TF-1100
366,MG-0200,SE-0100,OK-0200,CV-0400,AG-0700
367,DD-0900,EH-0300,JN-1200,RS-3200,KK-1300
368,WG-0100,KJ-0200,JF-2400,LB-0300,VR-0300
369,BS-2100,FM-0300,MS-4900,MC-2200,LK-0300
370,BH-1600,ZP-0200,JH-2400,BO-0300,FM-0400
371,RO-0100,CC-3700,JW-0100,JW-2900,KW-0100
372,LJ-1400,ES-1300,RB-2800,MG-0900,WA-0300
373,ML-2000,MC-2500,DK-1000,JA-1900,AK-0700
374,KH-0700,DL-0500,JN-1200,RS-3200,KK-1300
375,MG-0200,SE-0100,OK-0200,CL-0100,AG-0700
376,JR-2900,RS-0800,WL-0100,DD-1400,CB-1800
377,LS-0600,CS-3300,PK-0100,CD-1600,AC-1600
378,CP-1700,TW-1000,SM-2100,ZW-0200,GR-0100
379,ML-2000,JA-1900,DK-1000,DW-4700,AK-0700
380,KH-0700,KK-1300,JN-1200,RS-3200,SG-1000
381,WJ-0400,SH-1500,RT-1100,CG-2100,MH-2900
382,LP-0500,RS-0800,WL-0100,DD-1400,CB-1800
383,JO-0500,EM-1900,MF-1100,BA-0600,OB-0300
384,BS-4000,SO-0200,JF-0200,PZ-0200,RT-1900
385,FA-0100,LA-0300,ML-0900,AG-1900,KV-0600
386,BS-2100,FM-0300,BR-0600,MC-2200,LW-0100
387,DM-1900,KG-0200,JB-1000,BH-0200,PB-0500
388,OR-0100,AF-0100,JH-2300,KS-0900,TF-1100
389,CS-0100,DD-1900,LM-1700,RT-0500,JJ-0900
390,ML-2000,JA-1900,DK-1000,RH-2400,TA-1000
391,TG-1000,RD-0800,JS-0600,SS-0800,AM-1700
392,ML-2000,DW-4700,DK-1000,JA-1900,TA-1000
393,WS-0700,JN-0200,SM-2000,TP-1100,TW-0100
394,DD-0900,KK-1300,JN-1200,RS-3200,SG-1000
395,BS-2100,FM-0300,BR-0600,BB-0200,LW-0100
396,TT-1200,JW-1800,HF-0300,BW-1800,JR-3400
397,AF-0100,KV-0500,JH-2300,KS-0900,OR-0100
398,MF-1600,RD-0800,JS-0600,SS-0800,AM-1700
399,WJ-0400,SH-1500,RT-1100,CG-2100,CT-0700
400,BW-1400,RG-0500,TM-1500,KF-0300,TW-1200
401,BS-4000,CB-1100,MF-1500,PZ-0200,RT-1900
402,DM-1900,KG-0200,JB-1000,PB-0500,SP-0200
403,RO-0100,KJ-0300,JW-0100,CC-3700,KW-0100
404,BS-2100,MS-4900,BR-0600,BB-0200,LW-0100
405,KH-0700,KK-1300,JN-1200,SG-1000,RS-3200
406,BB-2900,BH-0300,TN-0100,DN-0300,ML-1200
407,MF-1600,RD-0800,JS-0600,SS-0800,RD-1000
408,LP-0500,WL-0100,CB-1800,DD-1400,IA-0300
409,JG-2100,ED-0300,MF-1500,PZ-0200,RT-1900
410,AF-0100,KV-0500,JH-2300,KS-0900,TF-1100
411,DM-1900,KG-0200,CR-0400,PB-0500,SP-0200
412,DM-1900,KG-0200,CR-0400,PB-0500,CV-0100
413,BS-2100,BB-0200,BR-0600,MC-2200,LW-0100
414,KW-0100,KJ-0300,JW-0100,CC-3700,CG-2200
415,MP-2200,RB-4000,TT-0600,MP-2500,MW-2600
416,JG-2100,SO-0200,JF-0200,PZ-0200,RT-1900
417,KS-0500,RG-0500,TM-1500,KF-0300,TW-1200
418,BS-2100,BB-0200,BR-0600,MC-2200,LK-0300
419,CS-0100,DD-1900,LF-0800,RT-0500,JJ-0900
420,JJ-1900,RB-4000,TT-0600,MP-2500,MP-2200
421,WG-0100,MH-3000,JF-2400,LB-0300,VR-0300
422,TT-1200,AH-3100,HF-0300,BW-1800,JR-3400
423,MP-0800,JN-1000,BM-1900,CN-0100,MW-2400
424,MS-2800,AF-0100,JH-2300,KS-0900,OR-0100
425,DM-1900,KG-0200,JB-1000,PB-0500,CV-0100
426,WS-0700,SM-2000,TR-1000,GJ-0500,TW-0100
427,FA-0100,LA-0300,ML-0900,AG-1900,TT-1600
428,DD-0900,EH-0300,JN-1200,KK-1300,SG-1000
429,RG-0500,KS-0500,TM-1500,KF-0300,TW-1200
430,JR-2900,WL-0100,CB-1800,DD-1400,IA-0300
431,JJ-1900,RB-4000,TT-0600,RT-1800,MW-2600
432,BS-4000,CB-1100,MF-1500,SO-0200,RT-1900
433,BW-2600,DD-1900,LF-0800,RT-0500,JJ-0900
434,MS-5600,RB-4000,TT-0600,RT-1800,MW-2600
435,SP-0200,KG-0200,CR-0400,PB-0500,CV-0100
436,MG-0200,SE-0100,OK-0200,TM-2700,AG-0700
437,IA-0300,SP-1000,CB-1800,DD-1400,JH-2700
438,FA-0100,LA-0300,ML-0900,RY-0100,KV-0600
439,BS-2100,FM-0300,AT-1200,BB-0200,LK-0300
440,TG-1000,RD-0800,JS-0600,AM-1700,RD-1000
441,LS-0600,CS-3300,FG-0100,LD-0200,AC-1600
442,QM-0300,SE-0100,OK-0200,TM-2700,AG-0700
443,BS-4000,SO-0200,MF-1500,PZ-0200,RT-1900
444,CP-1700,TW-1000,SM-2100,FW-0600,GR-0100
445,RO-0100,KJ-0300,JW-0100,CC-3700,CG-2200
446,WG-0100,MH-3000,JF-2400,SF-0200,VR-0300
447,AH-3100,JW-1800,HF-0300,BW-1800,JR-3400
448,KS-0500,MB-2300,TM-1500,KF-0300,TW-1200
449,MS-5600,RB-4000,TT-0600,RT-1800,MP-2200
450,TS-3200,JJ-0700,BN-0400,KD-1300,JG-3900
451,QM-0300,SE-0100,OK-0200,CV-0400,AG-0700
452,WG-0100,KJ-0200,JF-2400,MH-3000,VR-0300
453,DM-1900,KG-0200,CR-0400,MK-0400,PB-0500
454,LJ-1400,SR-0400,RB-2800,MG-0900,WA-0300
455,ES-0100,BH-0300,TN-0100,CC-0600,ML-1200
456,BS-2100,LW-0100,AT-1200,BB-0200,LK-0300
457,MS-5600,MP-2500,TT-0600,RT-1800,MP-2200
458,RW-1500,CS-3300,FG-0100,LD-0200,AC-1600
459,JG-2100,ED-0300,MF-1500,SO-0200,RT-1900
460,TG-1000,RD-0800,JS-0600,TP-0700,RD-1000
461,JF-0100,BM-3500,KM-0700,BS-2600,KM-1200
462,BS-2100,CS-2200,AT-1200,BB-0200,LW-0100
463,EE-0300,KG-0200,CR-0400,MK-0400,PB-0500
464,JO-0500,EM-1900,MF-1100,CR-0100,OB-0300
465,WJ-0400,SH-1500,RT-1100,FW-0900,CT-0700
466,TG-1000,RD-0800,TP-0700,JS-0600,RD-1000
467,ML-2000,RH-2400,DK-1000,JA-1900,TA-1000
468,WS-0700,JJ-0700,SM-2000,TW-2000,JS-5500
469,JJ-1900,LS-1300,TT-0600,CV-0400,MW-2600
470,QM-0300,RB-4000,OK-0200,MG-0200,JT-0200
471,JB-0400,DL-2200,DR-0300,DW-4700,SM-1500
472,RV-0200,PZ-0200,JF-0200,KG-0200,RT-1900
473,EB-1500,EM-1900,CR-0100,BA-0600,OB-0300
474,SW-0300,CP-1700,SM-2100,ZW-0200,TW-0100
475,RO-0100,TF-0800,NH-0200,MG-0900,SO-0300
476,FA-0100,LA-0300,TW-0300,AG-1900,TT-1600
477,WG-0100,KJ-0200,LB-0300,MH-3000,VR-0300
478,LJ-1400,LM-1700,RB-2800,BW-1800,WA-0300
479,JF-0100,PK-0100,KM-0700,BM-3500,KM-1200
480,LP-0500,JW-2900,SO-0200,CS-2800,DD-1400
481,TT-1200,JM-1800,HF-0300,SA-0900,JR-3400
482,MS-2800,AF-0100,JH-2300,KV-0500,OR-0100
483,BS-2100,FM-0300,AT-1200,RS-3200,LW-0100
484,KS-0500,MM-4900,TM-1500,KF-0300,TW-1200
485,KH-0700,EH-0300,JN-1200,KK-1300,SG-1000
486,LD-0200,RW-1500,AS-3500,CS-3300,AC-1600
487,OP-0100,CD-1600,AM-1300,AT-0800,GW-1300
488,DD-0900,MS-4900,JW-0100,CC-3700,TS-3200
489,CS-0100,DD-1900,LF-0800,RT-0500,KJ-1000
490,WR-0600,BW-0600,CW-2000,WS-0400,JW-1800
491,ML-1200,BH-0300,TN-0100,DN-0300,GF-0300
492,JG-3900,DB-5400,JM-5200,RT-2100,MW-3000
493,SH-0700,TM-1500,KF-0300,TW-1200,RG-0500
494,JO-0500,EM-1900,CR-0100,BA-0600,OB-0300
495,FA-0100,LA-0300,AJ-0700,ML-0900,TT-1600
496,SW-0300,CP-1700,SM-2100,ZW-0200,MS-3600
497,JG-3900,TR-0200,JM-5200,DB-5400,MW-3000
498,KH-0700,EH-0300,BG-2500,KK-1300,SG-1000
499,CS-0100,DD-1900,LF-0800,RT-0500,RB-3500
500,BS-2100,FM-0300,AT-1200,RS-3200,RG-0100
501,BH-1600,JB-2500,JH-2400,BO-0300,FM-0400
502,LJ-1400,ES-1300,JF-2400,BW-1800,WA-0300
503,TT-1200,AH-3100,HF-0300,JM-1800,JR-3400
504,SW-0300,CP-1700,SM-2100,FW-0600,TW-0100
505,DM-1900,JJ-0700,SM-2000,TW-2000,JS-5500
506,QM-0300,RB-4000,OK-0200,SE-0100,JT-0200
507,BM-1600,CL-1100,MB-2400,DD-1600,AH-0100
508,RV-0200,PZ-0200,JF-0200,KG-0200,JG-2100
509,KK-1300,EH-0300,BG-2500,JS-4000,SG-1000
510,CS-0100,DD-1900,CR-0400,RT-0500,RB-3500
511,ML-2000,JA-1900,DK-1000,SN-0200,TA-1000
512,CC-2700,MW-0200,GR-0500,MR-0900,MT-0200
513,OP-0100,ST-0300,AM-1300,AT-0800,GW-1300
514,FA-0100,LA-0300,AJ-0700,AG-1900,TT-1600
515,BM-1600,CL-1100,CW-3500,DD-1600,ND-0500
516,BS-2100,FM-0300,AT-1200,BB-0200,RG-0100
517,DM-1900,JJ-0700,SM-2000,TW-2000,VC-0100
518,JJ-1900,LS-1300,RT-1800,CV-0400,MW-2600
519,RO-0100,TF-0800,JB-1000,MG-0900,SO-0300
520,ES-0100,VM-0100,BM-1900,CN-0100,MW-2400
521,LD-0200,RW-1500,AS-3500,JB-5500,LS-0600
522,CS-0100,DD-1900,CR-0400,RT-0500,KJ-1000
523,MP-2200,LS-1300,RT-1800,CV-0400,MW-2600
524,QM-0300,SE-0100,OK-0200,MG-0200,JT-0200
525,LJ-1400,ES-1300,RB-2800,BW-1800,WA-0300
526,RV-0200,ED-0300,JF-0200,KG-0200,RT-1900
527,JF-0100,BS-2600,KM-0700,JG-2400,KM-1200
528,BH-1600,JB-2500,JH-2400,JM-1300,FM-0400
529,BM-1600,CL-1100,MB-2400,DD-1600,ND-0500
530,DD-0900,MS-4900,JW-0100,CC-3700,KW-0100
531,JG-3900,TW-1400,JM-5200,DB-5400,TF-1100
532,JF-0100,PK-0100,KM-0700,JG-2400,KM-1200
533,TG-1000,RD-0800,JS-0600,JS-1300,RD-1000
534,LP-0500,JW-2900,WL-0100,CS-2800,DD-1400
535,ML-2000,JA-1900,DK-1000,SN-0200,BG-0900
536,BS-2100,BB-0200,AT-1200,RS-3200,RG-0100
537,QM-0300,RB-4000,OK-0200,RT-1700,JT-0200
538,BS-2100,BB-0200,AT-1200,JG-4000,RG-0100
539,TT-1200,AH-3100,HF-0300,SS-0800,JR-3400
540,WG-0100,KJ-0200,LB-0300,MH-3000,SF-0200
541,DD-0900,MS-4900,CC-3700,KW-0100,SM-0300
542,RV-0200,ED-0300,JF-0200,JG-2100,RT-1900
543,TG-1000,JS-1300,JS-0600,TP-0700,RD-1000
544,JG-3900,TW-1400,JM-5200,TR-0200,TF-1100
545,JJ-1900,RT-1800,TT-0600,CV-0400,MW-2600
546,OP-0100,TN-0700,AM-1300,AT-0800,BS-0200
547,TG-1000,RL-0800,JS-0600,JS-1300,RD-1000
548,JM-1300,JB-2500,JH-2400,BO-0300,FM-0400
549,DM-1900,RH-0100,SM-2000,TW-2000,JS-5500
550,DD-0900,MS-4900,SM-0300,CC-3700,KW-0100
551,QM-0300,SE-0100,OK-0200,RT-1700,JT-0200
552,WG-0100,JN-1000,LB-0300,MH-3000,VR-0300
553,RV-0200,ED-0300,JF-0200,DC-3600,JG-2100
554,WR-0600,BW-0600,CW-2000,WS-0400,CB-1800
555,BM-1600,CL-1100,CW-3500,DD-1600,AG-1000
556,JO-0500,EM-1900,CR-0100,MF-1100,EB-1500
557,TT-1200,SS-0800,HF-0300,JM-1800,JR-3400
558,CS-0100,DD-1900,CR-0400,MW-3200,RB-3500
559,OP-0100,TN-0700,AM-1300,AT-0800,GW-1300
560,QM-0300,TM-2700,OK-0200,SE-0100,AG-0700
561,LD-0200,RW-1500,AS-3500,CS-3300,LS-0600
562,TG-1000,RL-0800,RD-0800,JS-1300,RD-1000
563,DM-1900,JJ-0700,SM-2000,RH-0100,JS-5500
564,WG-0100,JN-1000,LB-0300,SF-0200,VR-0300
565,TT-1200,SS-0800,HF-0300,AE-1000,JR-3400
566,LP-0500,JW-2900,SO-0200,WL-0100,DD-1400
567,JJ-1900,RT-1800,TT-0600,CV-0400,MP-2200
568,JG-3900,TW-1400,JM-5200,TR-0200,MW-3000
569,ML-1200,BH-0300,TN-0100,CC-0600,GF-0300
570,CC-2700,MW-0200,SW-0800,MR-0900,MT-0200
571,WR-0600,BW-0600,CW-2000,WS-0400,JB-3600
572,OP-0100,LT-1000,AM-1300,AT-0800,BS-0200
573,RV-0200,ED-0300,DC-3600,MF-1500,JG-2100
574,JB-0400,MJ-2600,DR-0300,DW-4700,SM-1500
575,JM-1300,JB-2500,EA-0500,BO-0300,FM-0400
576,FA-0100,LA-0300,AJ-0700,AG-1900,KV-0600
577,WG-0100,KJ-0200,LB-0300,JN-1000,VR-0300
578,JO-0500,EM-1900,CR-0100,MF-1100,OB-0300
579,BM-1600,CL-1100,MB-2400,DD-1600,AG-1000
580,MC-2300,TM-2700,OK-0200,SE-0100,JT-0200
581,SW-0300,CP-1700,SM-2100,MB-4200,TW-0100
582,RV-0200,ED-0300,MF-1500,DC-3600,JG-2100
583,AH-3100,SS-0800,HF-0300,AE-1000,JR-3400
584,RW-1500,CS-3300,AS-3500,JB-5500,AC-1600
585,JO-0500,CR-0100,MF-1100,BA-0600,OB-0300
586,BH-1600,EA-0500,JH-2400,BO-0300,FM-0400
587,FA-0100,LA-0300,AJ-0700,BN-0600,KV-0600
588,BS-2100,LW-0100,JG-4000,RS-3200,RG-0100
589,ML-2000,LM-0200,DK-1000,SN-0200,TA-1000
590,MG-0200,BA-0600,TT-0600,CV-0400,MW-2600
591,VR-0300,CP-1700,SM-2100,ZW-0200,TW-0100
592,WG-0100,KJ-0200,LB-0300,JM-1800,JB-6700
593,TW-1400,MW-0200,JM-5200,TR-0200,JG-3900
594,LS-0600,JA-1900,JF-0200,CC-3700,RT-1900
595,JB-0400,RD-0800,DR-0300,DW-4700,KB-2800
596,CC-2700,AK-0700,MF-0600,WW-0400,MT-0200
597,WJ-0400,SH-1500,RT-1100,CG-2100,SL-0800
598,JF-0100,PK-0100,KM-0700,BM-3500,AJ-1300
599,DM-1900,JJ-0700,SM-2000,RH-0100,VC-0100
600,AD-0650,DB-5600,JW-0100,SM-0300,KW-0100
601,BM-1600,CL-1100,CW-3500,MJ-1400,MR-1800
602,LD-0200,RW-1500,SL-1100,OR-0100,EB-1600
603,LP-0500,DD-1400,SO-0200,CS-2800,KM-1200
604,MR-1700,ZP-0200,JH-2400,BO-0300,JB-2500
605,MS-2800,AF-0100,JH-2300,KS-0900,MS-4400
606,FA-0100,LA-0300,AJ-0700,MR-0900,RP-0700
607,OP-0100,TN-0700,AM-1300,AT-0800,RT-1700
608,JJ-1900,JS-4000,JN-1200,EH-0300,KH-0700
609,JT-0200,RB-4000,OK-0200,TM-2700,FM-0400
610,CS-0100,DD-1900,CR-0100,RT-0500,JJ-0900
611,JO-0500,EM-1900,MF-1100,KV-0500,OB-0300
612,TT-1200,AH-3100,HF-0300,SA-0900,JR-3400
613,KS-0500,ML-0900,TM-1500,KF-0300,TW-1200
614,LD-0200,RW-1500,AS-3500,EB-1600,OR-0100
615,BH-1600,ZP-0200,JH-2400,BO-0300,MR-1700
616,JB-3600,BW-0600,CW-2000,WS-0400,CB-1800
617,MG-0200,BA-0600,TT-0600,CV-0400,GJ-0500
618,WG-0100,KJ-0200,LB-0300,JN-1000,JB-6700
619,RO-0100,KD-0900,NH-0200,MG-0900,SO-0300
620,AJ-1300,PK-0100,KM-0700,BM-3500,JF-0100
621,JB-3600,BW-0600,CW-2000,WS-0400,KS-0100
622,NK-0100,LM-0200,DK-1000,SN-0200,TA-1000
623,WG-0100,KJ-0200,LB-0300,MH-3000,JB-6700
624,OP-0100,TN-0700,AM-1300,AT-0800,AB-0700
625,LD-0200,RW-1500,AS-3500,EB-1600,FW-0200
626,AC-1600,JS-4000,JN-1200,EH-0300,KH-0700
627,MG-0200,BA-0600,TT-0600,DP-2200,GJ-0500
628,DM-1900,JJ-0700,SM-2000,RH-0100,SM-1500
629,CC-2700,AK-0700,SW-0800,WW-0400,MT-0200
630,LJ-1400,ES-1300,EG-0300,BW-1800,WA-0300
631,KB-0500,VM-0100,BM-1900,CN-0100,MW-2400
632,BM-1600,CL-1100,MF-1500,AG-1000,MR-1800
633,JS-5500,RG-0500,OK-0200,TM-2700,FM-0400
634,WG-0100,KJ-0200,LB-0300,MH-3000,JN-1000
635,RO-0100,KD-0900,NH-0200,MG-0900,LJ-1600
636,BS-2100,LW-0100,AT-1200,RS-3200,RG-0100
637,CP-1700,MB-4200,SM-2100,ZW-0200,TW-0100
638,OP-0100,CT-0500,AM-1300,AT-0800,AB-0700
639,JT-0200,RG-0500,OK-0200,TM-2700,FM-0400
640,JB-0400,KK-1300,DR-0300,DW-4700,KB-2800
641,CP-1700,SM-2100,DH-3300,MB-4200,TW-0100
642,RO-0100,KD-0900,BH-0200,MG-0900,SO-0300
643,TT-1600,LA-0300,AJ-0700,MR-0900,RP-0700
644,WG-0100,KJ-0200,LB-0300,JM-1800,JN-1000
645,AJ-1300,JG-2400,PK-0100,BM-3500,JF-0100
646,MG-0200,BA-0600,TT-0600,CV-0400,JP-2400
647,LD-0200,RW-1500,NL-0300,AS-3500,OR-0100
648,JB-3600,BW-0600,CW-2000,WS-0400,JW-1800
649,LJ-1600,KD-0900,BH-0200,MG-0900,SO-0300
650,CC-2700,SW-0800,MF-0600,WW-0400,MT-0200
651,MG-0200,MW-2600,TT-0600,CV-0400,JP-2400
652,JT-0200,RB-4000,OK-0200,TM-2700,JS-5500
653,AC-1600,JS-4000,EH-0300,AS-2700,KH-0700
654,CP-1700,MB-4200,SM-2100,VR-0300,TW-0100
655,NK-0100,LM-0200,DK-1000,SN-0200,BG-0900
656,LS-0600,JA-1900,JF-0200,MP-2500,RT-1900
657,TT-1200,AH-3100,JJ-0100,SA-0900,JR-3400
658,JO-0500,EM-1900,MF-1100,BR-0500,TP-0600
659,TE-0400,AF-0100,JH-2300,KS-0900,MS-4400
660,LS-0600,MP-2500,JF-0200,CC-3700,RT-1900
661,AJ-1300,JG-2400,PK-0100,BM-3500,SG-1000
662,NK-0100,LM-0200,RH-2400,SN-0200,BG-0900
663,LJ-1600,KD-0900,NH-0200,MG-0900,SO-0300
664,AS-2700,JS-4000,JN-1200,EH-0300,KH-0700
665,LD-0200,AS-3500,NL-0300,JB-5500,OR-0100
666,BS-2100,BB-0200,JG-4000,RS-3200,RG-0100
667,CP-1700,MB-4200,SM-2100,VR-0300,ZW-0200
668,BM-1600,TF-0800,CW-3500,AG-1000,MR-1800
669,KS-0500,ML-0900,TM-1500,KF-0300,BS-4000
670,LD-0200,AH-0100,NL-0300,FW-0200,OR-0100
671,BM-1600,AH-2900,MF-1500,AG-1000,MJ-1400
672,TH-1500,AC-1400,JJ-0100,SA-0900,JR-3400
673,CC-2700,SW-0800,MF-0600,GR-0500,MT-0200
674,AS-2700,JS-4000,EH-0300,DB-0100,KH-0700
675,OP-0100,CT-0500,AM-1300,AT-0800,RT-1700
676,BS-2100,JG-4000,AT-1200,RS-3200,RG-0100
677,TA-1000,LM-0200,RH-2400,SN-0200,BG-0900
678,JO-0500,JB-6800,MF-1100,BR-0500,TP-0600
679,KB-0500,VM-0100,DN-1300,CN-0100,MW-2400
680,TH-1500,AH-3100,JJ-0100,SA-0900,JR-3400
681,JT-0200,RB-4000,OK-0200,RG-0500,FM-0400
682,CP-1700,MB-4200,SM-2100,FW-0600,ZW-0200
683,BW-1400,RS-0800,SO-0200,CS-2800,DD-1400
684,DM-1900,JJ-0700,RH-0100,AE-1000,VC-0100
685,WG-0100,MH-3000,LB-0300,JM-1800,JB-6700
686,AH-3100,AC-1400,JJ-0100,SA-0900,JR-3400
687,LD-0200,JB-5500,NL-0300,EB-1600,OR-0100
688,TT-1600,LA-0300,AJ-0700,AG-1900,RP-0700
689,LS-0600,JA-1900,MP-2500,CC-3700,RT-1900
690,WG-0100,MH-3000,KJ-0200,JM-1800,JB-6700
691,TG-1000,RL-0800,JS-0600,DG-0400,JS-1300
692,LP-0500,DD-1400,SO-0200,CS-2800,BW-1400
693,CS-0100,DD-1900,CR-0100,RB-3500,JJ-0900
694,BM-1600,AH-2900,CW-3500,AG-1000,MR-1800
695,KS-0500,AK-0600,TM-1500,KF-0300,TW-1200
696,LS-0600,JA-1900,MP-2500,DY-0400,RT-1900
697,SL-0800,SH-1500,RT-1100,CG-2100,FW-0900
698,OR-0100,JB-5500,NL-0300,EB-1600,FW-0200
699,KB-0500,VM-0100,DN-1300,DF-1100,MW-2400
700,ES-1300,SK-0700,RB-2800,BW-1800,WA-0300
701,WG-0100,MH-3000,KJ-0200,JM-1800,JN-1000
702,TA-1000,LM-0200,RH-2400,BG-0900,LP-0300
703,LS-0600,JJ-0700,RH-0100,BA-0600,VC-0100
704,WG-0100,ML-0900,TM-1500,KF-0300,TW-1200
705,TW-1400,MW-0200,JH-2400,EM-0400,JG-3900
706,JO-0500,EM-1900,MF-1100,KV-0500,TP-0600
707,AD-0650,SM-0300,JW-0100,JT-1100,KW-0100
708,ML-2000,LM-0200,DK-1000,SN-0200,RO-0200
709,MG-0200,TR-0200,MF-1500,CV-0400,JP-2400
710,KT-1000,BW-0600,CW-2000,WS-0400,JB-3600
711,OP-0100,RI-0100,AM-1300,AT-0800,AB-0700
712,KS-0500,JA-1900,HF-0300,CC-3700,RT-1900
713,JB-6700,JN-1000,JF-0200,JE-1000,JS-6800
714,DF-0600,PK-0100,NM-0200,BM-3500,AC-1600
715,MR-1700,ZP-0200,KM-0700,BO-0300,JB-2500
716,CS-3000,CP-1700,MF-0600,FW-0600,ZW-0200
717,TT-1200,TH-1500,JJ-0100,SA-0900,JR-3400
718,WJ-0400,FW-0900,RT-1100,CG-2100,SL-0800
719,JB-0400,RD-0800,DR-0300,DW-4700,BS-4000
720,CC-2700,JS-5400,SW-0800,TM-3100,MT-0200
721,FA-0100,KK-1300,AG-1900,MR-0900,MC-2300
722,JJ-1900,LA-0300,EH-0300,JS-4000,KH-0700
723,LD-0200,RW-1500,AS-3500,MB-4200,CL-1100
724,TG-1000,DG-0400,JS-0600,JS-1300,RD-1000
725,BM-1600,SH-1500,MB-2400,AH-3100,MJ-1400
726,RG-0100,BS-2100,JG-4000,PM-0700,LW-0100
727,MM-2900,KD-0900,NH-0200,MG-0900,SO-0300
728,JG-3900,MW-0200,GH-0200,WM-0800,TF-1100
729,ES-1300,AW-1100,RB-2800,BW-1800,WA-0300
730,JB-0400,RD-0800,DR-0300,DW-4700,RT-1700
731,CS-3000,CP-1700,MF-0600,SM-2100,ZW-0200
732,CC-2700,DC-3000,SW-0800,TM-3100,MT-0200
733,CS-2200,BS-2100,JG-4000,PM-0700,LW-0100
734,LD-0200,CL-1100,AS-3500,MB-4200,RW-1500
735,OP-0100,TS-3200,RI-0100,AT-0800,AB-0700
736,AS-2700,TW-3800,EH-0300,JS-4000,KH-0700
737,KT-1000,BW-0600,CW-2000,WS-0400,KS-0100
738,DF-0600,NK-0500,NM-0200,BM-3500,AC-1600
739,MR-1700,ZP-0200,KM-0700,BO-0300,DS-4400
740,JG-3900,MW-0200,GH-0200,EM-0400,JB-5500
741,JB-0400,RV-0200,DR-0300,DW-4700,JS-1400
742,LS-0600,JJ-0700,RH-0100,KJ-0200,VC-0100
743,ES-0100,CP-1700,DH-3300,SM-2100,ZW-0200
744,WJ-0400,CS-3100,RT-1100,CG-2100,SL-0800
745,JJ-1900,AS-2700,EH-0300,JS-4000,KH-0700
746,LD-0200,RW-1500,AS-3500,MB-4200,OR-0100
747,MR-1700,JB-2500,KM-0700,BO-0300,DS-4400
748,LS-0600,JJ-0700,RH-0100,DM-1900,VC-0100
749,TS-3200,AG-1000,RI-0100,AT-0800,AB-0700
750,JB-0400,RD-0800,DR-0300,DW-4700,JS-1400
751,RG-0100,BS-2100,JG-4000,KB-1400,LW-0100
752,ML-2000,LM-0200,DK-1000,SN-0200,WB-1000
753,MG-0200,TR-0200,MF-1500,DP-2200,JP-2400
754,CC-2700,DC-3000,SW-0800,JS-5400,MT-0200
755,AD-0650,DB-5600,JW-0100,SM-0300,JT-3500
756,JO-0500,JB-6800,MF-1100,KV-0500,TP-0600
757,JB-0400,RD-0800,DR-0300,BS-0200,BS-4000
758,AD-0650,DB-5600,JW-0100,DJ-3000,JT-3500
759,LJ-1400,AW-1100,ES-1300,BW-1800,WA-0300
760,ES-0100,CP-1700,MF-0600,SM-2100,ZW-0200
761,MS-2800,AF-0100,JH-2300,CK-0400,MS-4400
762,DM-1900,JJ-0700,RH-0100,LS-0600,VC-0100
763,LD-0200,RW-1500,NL-0300,CL-1100,OR-0100
764,AW-1100,ES-1300,EG-0300,BW-1800,WA-0300
765,DC-3000,JS-5400,SW-0800,TM-3100,MT-0200
766,ES-0100,CP-1700,MF-0600,FW-0600,ZW-0200
767,MG-0200,AM-1900,MF-1500,CV-0400,JP-2400
768,AD-0650,SM-0300,JW-0100,DJ-3000,JT-3500
769,WG-0100,TC-1400,TM-1500,KF-0300,TW-1200
770,LD-0200,CL-1100,NL-0300,DL-2400,RW-1500
771,WG-0100,PA-0200,TM-1500,TC-1400,TW-1200
772,WJ-0400,CS-3100,RT-1100,CG-2100,TA-1000
773,EP-0300,BH-0300,TN-0100,CC-0600,GF-0300
774,KS-0500,JA-1900,HF-0300,CC-3700,KB-2800
775,ML-2000,LM-0200,DK-1000,BY-0200,RO-0200
776,JB-0400,RV-0200,DR-0300,BS-4000,RT-1700
777,WG-0100,PA-0200,TM-1500,KF-0300,TW-1200
778,JP-2400,MG-0200,MF-1500,CV-0400,TP-0900
779,JB-3600,BW-0600,CW-2000,WS-0400,KT-1000
780,ZS-0200,JN-1000,JF-0200,JE-1000,JS-6800
781,MS-2800,AF-0100,CO-0600,KS-0900,MS-4400
782,ML-2000,LM-0200,DK-1000,BY-0200,NK-0100
783,RG-0100,CH-4700,JG-4000,KB-1400,LW-0100
784,WJ-0400,FW-0900,RT-1100,CG-2100,TA-1000
785,DN-1300,VM-0100,BM-1900,CN-0100,MW-2400
786,JB-3600,CB-1800,CW-2000,WS-0400,KT-1000
787,EP-0300,BH-0300,TN-0100,CC-0600,AM-1700
788,CS-2200,CH-4700,JG-4000,KB-1400,LW-0100
789,WJ-0400,FW-0900,CS-3100,CG-2100,TA-1000
790,JO-0500,JB-6800,MF-1100,CC-1700,TP-0600
791,ES-0100,CP-1700,MF-0600,FW-0600,EW-1500
792,JP-2400,MG-0200,MF-1500,DP-2200,TP-0900
793,AW-1100,ES-1300,EG-0300,SA-1000,WA-0300
794,DM-1900,KJ-0200,RH-0100,LS-0600,VC-0100
795,CC-2700,DC-3000,SW-0800,JS-5400,TM-3100
796,ML-2000,LM-0200,DK-1000,SN-0200,NK-0100
797,AG-1000,TS-3200,RI-0100,AT-0800,AB-0700
798,LD-0200,MB-4200,NL-0300,DL-2400,RW-1500
799,BW-1400,DD-1400,SO-0200,CS-2800,KM-1200
800,BM-1600,SH-1500,MB-2400,JW-2900,MR-1800
801,WG-0100,ML-0900,TM-1500,TC-1400,TW-1200
802,TS-3200,MS-0900,RI-0100,AT-0800,AB-0700
803,MM-2900,SM-3800,NH-0200,MG-0900,SO-0300
804,JB-0400,RV-0200,DR-0300,BS-0200,BS-4000
805,TG-1000,RL-0800,JS-0600,JS-1300,CJ-1500
806,ES-0100,CP-1700,DH-3300,FW-0600,EW-1500
807,BM-1600,SH-1500,MB-2400,AH-3100,MR-1800
808,CS-2200,PM-0700,JG-4000,KB-1400,LW-0100
809,MR-1700,JB-2500,KM-0700,EA-0500,DS-4400
810,WJ-0400,FW-0900,CS-3100,CG-2100,SL-0800
811,WJ-0400,RS-1200,CS-3100,CG-2100,SL-0800
812,KS-0500,LF-0800,HF-0300,CC-3700,KB-2800
813,JB-0400,RD-0800,DR-0300,FD-0100,BS-4000
814,BM-1600,SH-1500,MB-2400,AH-3100,RC-2100
815,BW-1400,DD-1400,RS-0800,CS-2800,KM-1200
816,JG-3900,WM-0800,GH-0200,EM-0400,JB-5500
817,JS-5500,RB-4000,OK-0200,RG-0500,FM-0400
818,CS-0100,DD-1900,CR-0100,RT-0500,TW-0100
819,JN-1000,JF-0200,JE-1000,JS-6800,KH-2400
820,TS-3200,MS-0900,BR-1400,RI-0100,AB-0700
821,RG-0100,PM-0700,JG-4000,KB-1400,LW-0100
822,MS-2800,AF-0100,JH-2300,KS-0900,WC-0200
823,AT-0300,JB-6800,MF-1100,KV-0500,TP-0600
824,JB-0400,FD-0100,DR-0300,SP-0900,JS-1400
825,ES-0100,CP-1700,SM-2100,FW-0600,EW-1500
826,KS-0500,JA-1900,HF-0300,CC-3700,ND-0500
827,JJ-1900,LA-0300,TW-3800,JS-4000,KH-0700
828,GR-0500,DD-1400,SO-0200,CS-2800,KM-1200
829,KS-0500,RS-1800,HF-0300,LF-0800,ND-0500
830,WJ-0400,RS-1200,CS-3100,FW-0900,SL-0800
831,AT-0300,JB-6800,MF-1100,CC-1700,TP-0600
832,AS-2700,LA-0300,TW-3800,JS-4000,KH-0700
833,DD-1400,RS-0800,SO-0200,CS-2800,KM-1200
834,TU-0100,RL-0800,JS-0600,JS-1300,RD-1000
835,WG-0100,JB-3900,TM-1500,KF-0300,TW-1200
836,TW-1400,MW-0200,JH-2400,RK-0100,JG-3900
837,OP-0100,MS-0900,BR-1400,MB-4200,AB-0700
838,JP-2400,DD-1900,MF-1500,BB-4000,LW-0100
839,ML-1200,CM-3600,TN-0100,MH-3000,EP-0300
840,DM-1900,BW-0600,CW-2000,JW-1800,KT-1000
841,VC-0100,CL-1100,SS-0400,RH-0100,LS-0600
842,CS-0100,PK-0100,CR-0100,RT-0500,JJ-0900
843,DF-0600,AC-1400,NM-0200,BM-3500,AC-1600
844,JT-1600,ES-1300,HF-0300,SM-2000,KS-0500
845,MS-2800,AF-0100,SM-0300,KS-0900,WC-0200
846,KB-0500,VM-0100,DN-1300,CN-0100,TP-0600
847,JB-0400,EM-1900,DR-0300,DW-4700,GF-0300
848,BS-2100,RG-0100,JN-1200,CC-0600,CG-2200
849,LP-0500,AS-0500,JW-0100,DJ-3000,JT-3500
850,FA-0100,KK-1300,AG-1900,LD-0200,MC-2300
851,JO-0500,JB-6800,MF-1100,CC-1700,AT-0300
852,AW-1100,SA-1000,EG-0300,BW-1800,WA-0300
853,JJ-1900,LA-0300,EH-0300,JS-4000,JS-5700
854,MG-0200,RW-1500,AJ-0700,DL-2400,LB-1400
855,AW-1100,SA-1000,AS-3500,BW-1800,WA-0300
856,CC-2700,DC-3000,SW-0800,JC-5300,MT-0200
857,AB-0700,MS-0900,BR-1400,CT-0500,MB-4200
858,MG-0200,RW-1500,LS-0500,DL-2400,LB-1400
859,AT-0300,JB-6800,MF-1100,CC-1700,MY-0100
860,BS-2100,RG-0100,JG-4000,CC-0600,CG-2200
861,CS-0100,PK-0100,CR-0100,RT-0500,TW-0100
862,ML-2000,LM-0200,DK-1000,RH-2400,NK-0100
863,MM-2900,KD-0900,NH-0200,MG-0900,JC-3000
864,AB-0700,MS-0900,BR-1400,CT-0500,AG-1000
865,TW-1400,MW-0200,JH-2400,JB-5500,JG-3900
866,CS-0100,PK-0100,CR-0100,JF-0100,TW-0100
867,JB-0400,EM-1900,DR-0300,SP-0900,GF-0300
868,AB-0700,CT-0500,BR-1400,MB-4200,AG-1000
869,MG-0200,RW-1500,AJ-0700,DL-2400,EB-1600
870,WJ-0700,TH-1500,JJ-0100,SA-0900,JR-3400
871,LJ-1400,AW-1100,AS-3500,BW-1800,WA-0300
872,AB-0700,AM-1300,BR-1400,RI-0100,MB-4200
873,ML-2000,LM-0200,RH-2400,SN-0200,NK-0100
874,DM-1900,BW-0600,CW-2000,JW-1800,CT-0700
875,MW-2400,VM-0100,DN-1300,CN-0100,TP-0600
876,DP-1100,AS-0500,JW-0100,DJ-3000,JT-3500
877,AT-0300,JB-6800,MF-1100,BG-2200,MY-0100
878,AS-2700,LA-0300,EH-0300,JS-4000,JS-5700
879,ML-1200,CM-3600,TN-0100,EP-0300,MH-3000
880,LJ-1400,AW-1100,EG-0300,BW-1800,SA-1000
881,KB-0500,VM-0100,BM-1900,CN-0100,TP-0600
882,BM-1600,SH-1500,MB-2400,AH-2900,RC-2100
883,JG-0300,JB-6800,CC-1700,BG-2200,MY-0100
884,CC-2700,DC-3000,JS-5400,TM-3100,MT-0200
885,RF-0900,JB-3900,TM-1500,KF-0300,TC-1400
886,CS-0100,PK-0100,MP-2500,JF-0100,TW-0100
887,MY-0100,JB-6800,MF-1100,BG-2200,JG-0300
888,LJ-1400,AW-1100,EG-0300,BW-1800,WA-0300
889,ML-1200,CK-1200,CM-3600,MH-3000,EP-0300
890,AB-0700,MB-4200,AM-1300,RI-0100,BG-0900
891,CJ-1500,RL-0800,JS-0600,JS-1300,RD-1000
892,MM-2900,KD-0900,CW-3500,MG-0900,SO-0300
893,JB-6700,JN-1000,JG-2400,JE-1000,JS-6800
894,JB-0400,EM-1900,DR-0300,SP-0900,JS-1400
895,MW-2400,VM-0100,BM-1900,CN-0100,TP-0600
896,QO-0100,JB-3900,TM-1500,KF-0300,TC-1400
897,JO-0500,JB-6800,MF-1100,BG-2200,AT-0300
898,QO-0100,JB-3900,TM-1500,KF-0300,TW-1200
899,JT-1600,ES-1300,HF-0300,KS-0500,RT-1900
900,KB-0500,VM-0100,BM-1900,MW-2400,TP-0600
901,AB-0700,MB-4200,AM-1300,NL-0300,BG-0900
902,JT-0200,TM-2700,OK-0200,RG-0500,FM-0400
903,AS-2700,LA-0300,EH-0300,DB-0100,JS-5700
904,JT-1600,ES-1300,HF-0300,RT-1900,KS-0500
905,TC-1400,JB-3900,TM-1500,KF-0300,TW-1200
906,QO-0100,JB-3900,TM-1500,DB-1100,TC-1400
907,CJ-1500,RL-0800,JS-0600,DG-0400,JS-1300
908,BS-2100,RG-0100,JN-1200,CC-0600,PM-0700
909,AB-0700,MB-4200,BR-1400,TS-3200,RP-0700
910,CS-0100,PK-0100,CR-0100,JF-0100,SH-0800
911,JO-0500,JB-6800,MF-1100,BG-2200,MY-0100
912,MS-4400,AF-0100,SM-0300,KS-0900,WC-0200
913,AB-0700,MB-4200,AM-1300,TS-3200,BG-0900
914,JB-0400,EM-1900,DR-0300,SP-0900,DW-4700
915,TU-0100,RL-0800,JS-0600,JS-1300,CJ-1500
916,JT-0200,TM-2700,OK-0200,RG-0500,JS-5500
917,CS-0100,PK-0100,CR-0100,RT-0500,SH-0800
918,TW-1400,MW-0200,JH-2400,GH-0200,JG-3900
919,VC-0100,CL-0700,SS-0400,RH-0100,LS-0600
920,TT-1200,NC-0500,JJ-0100,SA-0900,JR-3400
921,CC-2700,JS-5400,SW-0800,JC-5300,MT-0200
922,ES-0100,CP-1700,MF-0600,MB-3600,EW-1500
923,WS-1000,BW-0600,CW-2000,JW-1800,CT-0700
924,QO-0100,DB-1100,TM-1500,KF-0300,TC-1400
925,DM-1900,BW-0600,CW-2000,JW-1800,WS-1000
926,JT-0200,JS-5500,OK-0200,RG-0500,FM-0400
927,AB-0700,MB-4200,BR-1400,TS-3200,BG-0900
928,FA-0100,KK-1300,CP-2400,LD-0200,MC-2300
929,CC-2700,JC-5300,SW-0800,JS-5400,MT-0200
930,JB-0400,BS-0200,DR-0300,SP-0900,DW-4700
931,TT-1200,TH-1500,JJ-0100,MJ-0500,JR-3400
932,MR-1700,JB-2500,EA-0500,BO-0300,DS-4400
933,DF-0600,WM-0800,NM-0200,BM-3500,AC-1600
934,ML-2000,LM-0200,DK-1000,RH-2400,RO-0200
935,KC-0800,DD-1900,MF-1500,LW-0100,BB-4000
936,TW-1400,MW-0200,GH-0200,JG-3900,RK-0100
937,LJ-1400,AW-1100,AS-3500,BW-1800,SA-1000
938,KB-0500,UN-0100,DN-1300,MW-2400,RC-1800
939,FW-0900,RS-1200,CS-3100,CG-2100,SL-0800
940,MG-0200,RW-1500,AJ-0700,KV-0500,LB-1400
941,AF-0100,SM-0300,KS-0900,WC-0200,TE-0400
942,DD-1400,RS-0800,GR-0500,CS-2800,KM-1200
943,MR-1700,JB-2500,EA-0500,DL-2000,DS-4400
944,JG-0300,BG-2200,JB-6800,MY-0100,AT-0300
945,JL-2500,SS-0400,DT-1100,VC-0100,IN-0100
946,DF-0600,AF-0100,NM-0200,BM-3500,DW-4700
947,BA-0200,BW-0600,RN-1200,AJ-1300,DM-1900
948,DB-4900,CP-1700,CM-3600,MB-3600,EW-1500
949,MS-2800,CK-0400,JH-2400,KS-0900,WC-0200
950,KB-0500,VM-0100,DN-1300,MW-2400,TP-0600
951,MR-1700,EA-0500,KM-0700,JS-1300,DS-4400
952,SB-0100,JB-3900,TM-1500,HD-0100,TC-1400
953,LW-0100,DD-1900,MF-1500,BB-4000,KC-0800
954,WJ-0400,MW-0200,CS-3100,RS-1200,RW-3500
955,DP-1100,AS-0500,JF-0200,JZ-0300,JT-3500
956,OP-0100,JB-2500,NL-0300,RI-0100,AB-0700
957,FA-0100,CP-2400,AG-1900,LD-0200,MC-2300
958,JG-3900,TW-1400,RK-0100,KV-0500,JO-0800
959,LS-0600,KD-0900,JN-1200,MG-0900,JC-3000
960,JS-5700,AS-2700,EH-0300,TW-3800,JJ-1900
961,TU-0100,CJ-1500,JR-2100,DF-0400,RD-1000
962,JS-5500,JB-2300,OK-0200,RG-0500,JT-0200
963,AH-3100,SH-1500,MB-2400,AH-2900,RC-2100
964,RC-1200,BH-0300,CW-2000,CK-1200,RH-1000
965,KH-0700,RG-0100,JG-4000,CC-0600,CG-2200
966,MH-2300,RG-0100,JG-4000,CC-0600,CG-2200
967,JG-3900,GH-0200,RK-0100,KV-0500,JO-0800
968,OP-0100,AG-1000,NL-0300,RI-0100,AB-0700
969,KB-0500,UN-0100,DN-1300,MB-4200,TP-0600
970,WJ-0400,MW-0200,CS-3100,FW-0900,RW-3500
971,JL-2500,JS-4000,SS-0400,IN-0100,VC-0100
972,JT-1600,ES-1300,HF-0300,RH-0100,KS-0500
973,JL-2500,SS-0400,IN-0100,VC-0100,AA-0700
974,JB-0400,EM-1900,DR-0300,SP-0900,GC-0400
975,JS-5700,AS-2700,EH-0300,TW-3800,BS-2100
976,CJ-1500,SJ-0900,JS-0600,DF-0400,RD-1000
977,JT-1600,SM-2000,HF-0300,RH-0100,KS-0500
978,MM-2900,KD-0900,JN-1200,MG-0900,JC-3000
979,JB-6700,CN-0700,JG-2400,JE-1000,JS-6800
980,TW-1200,JB-3900,TM-1500,HD-0100,TC-1400
981,KH-0700,RG-0100,JG-4000,CM-3000,CG-2200
982,MM-2900,NH-0200,JN-1200,MG-0900,JC-3000
983,CJ-1500,JR-2100,JS-0600,MP-1400,RD-1000
984,JL-2500,SS-0400,IN-0100,VC-0100,EM-0400
985,FO-0200,TW-1400,RK-0100,KV-0500,JB-5500
986,HT-0200,BW-0600,RN-1200,AJ-1300,DM-1900
987,JB-0400,EM-1900,DR-0300,MR-0100,GC-0400
988,WJ-0400,MW-0200,CS-3100,FW-0900,SL-0800
989,DP-1100,AS-0500,JF-0200,DJ-3000,JT-3500
990,MS-2800,CK-0400,JH-2400,DS-3900,WC-0200
991,JG-0300,BG-2200,JB-6800,MY-0100,WA-0300
992,JG-3900,TW-1400,GH-0200,KV-0500,JB-5500
993,KB-0500,UN-0100,DN-1300,TR-0200,TP-0600
994,JT-1600,ES-1300,HF-0300,RH-0100,RT-1900
995,JP-2400,DD-1900,DP-2200,BB-4000,LW-0100
996,MS-4400,CK-0400,JH-2400,DS-3900,WC-0200
997,JG-0300,BG-2200,JB-6800,CC-1700,WA-0300
998,AG-1000,JB-2500,NL-0300,RI-0100,AB-0700
999,JB-0400,DC-3600,DR-0300,SP-0900,GF-0300
1000,ML-2000,LM-0200,DK-1000,BY-0200,ML-1400
1001,JB-6700,CN-0700,ML-0900,JE-1000,JS-6800
1002,JP-2400,DD-1900,DP-2200,JW-2900,LW-0100
1003,SH-0800,PK-0100,CR-0100,RT-0500,JJ-0900
1004,JB-0400,DC-3600,DR-0300,SP-0900,GC-0400
1005,KB-0500,UN-0100,BM-1900,TR-0200,TP-0600
1006,JS-5700,DB-0100,EH-0300,TW-3800,BS-2100
1007,TU-0100,CJ-1500,JS-0600,MP-1400,RD-1000
1008,DP-1100,JZ-0300,JF-0200,DJ-3000,JT-3500
1009,DC-3000,JS-5400,SW-0800,JS-3500,MT-0200
1010,JB-0400,EM-1900,AM-1300,SP-0900,GC-0400
1011,KB-0500,UN-0100,BM-1900,DN-1300,TP-0600
1012,JP-2400,DD-1900,DP-2200,KC-0800,LW-0100
1013,WJ-0400,MW-0200,CS-3100,RW-3500,SL-0800
1014,TT-1200,NC-0500,JJ-0100,MJ-0500,JR-3400
1015,JS-5700,DB-0100,EH-0300,TW-3800,AS-2700
1016,KH-0700,RG-0100,JW-0100,CC-0600,CG-2200
1017,JG-0300,BG-2200,JB-6800,CC-1700,AT-0300
1018,BA-0200,BW-0600,RN-1200,WS-0700,DM-1900
1019,JG-3900,TW-1400,GH-0200,KV-0500,JO-0800
1020,AC-2200,NL-0500,EG-0300,BW-1800,SA-1000
1021,JS-5700,DB-0100,EH-0300,CR-0200,AS-2700
1022,AT-0300,BG-2200,JB-6800,CC-1700,WA-0300
1023,AG-1000,JB-2500,BR-1400,RI-0100,AB-0700
1024,BM-1600,SH-1500,MB-2400,AH-2900,AH-3100
1025,WJ-0400,FW-0900,CS-3100,RW-3500,SL-0800
1026,JB-0400,DC-3600,AM-1300,SP-0900,GC-0400
1027,FA-0100,MH-3000,AG-1900,LD-0200,MC-2300
1028,WJ-0400,FW-0900,SV-0100,RW-3500,SL-0800
1029,OP-0100,JB-2500,BR-1400,RI-0100,AB-0700
1030,TU-0100,CJ-1500,JR-2100,MP-1400,RD-1000
1031,MM-2900,SM-3800,NH-0200,MG-0900,JC-3000
1032,JL-2500,AA-0700,SS-0400,IN-0100,VC-0100
1033,TT-1200,TH-1500,JJ-0100,NC-0500,JR-3400
1034,SL-0800,FW-0900,SV-0100,MW-3900,RW-3500
1035,OP-0100,JB-2500,BR-1400,RI-0100,AG-1000
1036,ZS-0200,CN-0700,JG-2400,JE-1000,JS-6800
1037,BA-0200,BW-0600,WS-0700,AJ-1300,DM-1900
1038,SH-0800,PK-0100,CR-0100,RT-0500,JF-0100
1039,JS-5700,DB-0100,EH-0300,CR-0200,BS-2100
1040,KW-1700,FW-0900,SV-0100,MW-3900,RW-3500
1041,KC-0800,DD-1900,DP-2200,BB-4000,LW-0100
1042,JG-3900,TW-1400,RK-0100,GH-0200,JO-0800
1043,MR-1700,EA-0500,LH-0700,JS-1300,DS-4400
1044,AC-2200,NL-0500,EG-0300,BW-1800,DR-2900
1045,OP-0100,AG-1000,BR-1400,JG-3100,AB-0700
1046,CC-2700,JS-5400,SW-0800,JS-3500,DC-3000
1047,JB-0400,MR-0100,DR-0300,SP-0900,GC-0400
1048,TU-0100,CJ-1500,JS-0600,DF-0400,RD-1000
1049,JG-3900,TW-1400,RK-0100,JB-5500,JO-0800
1050,MS-4400,CK-0400,JH-2400,TE-0400,WC-0200
1051,JL-2500,JS-4000,JG-4000,DT-1100,VC-0100
1052,BA-0200,BW-0600,RN-1200,MG-0900,IN-0100
1053,JG-0300,BG-2200,MB-2400,CC-1700,MO-0200
1054,JP-2400,NC-0500,JJ-0100,SA-0900,WJ-0700
1055,RC-1200,BH-0300,CW-2000,RH-2400,RH-1000
1056,AW-1100,NL-0500,KC-2300,BW-1800,AC-2200
1057,JT-1600,ES-1300,AM-0100,FW-0900,JS-5500
1058,BM-1600,SH-1500,JS-7200,AH-2900,PL-0300
1059,CJ-1500,RL-0800,JS-0600,MP-1400,RD-1000
1060,EM-1300,VM-0100,BM-1900,MW-2400,EB-1300
1061,JB-8200,CN-0700,JG-2400,JE-1000,JS-6800
1062,JB-0400,DL-2000,DR-0300,SP-0900,GC-0400
1063,CS-0100,DD-1900,CR-0100,RT-0500,SH-0800
1064,SL-0800,RS-1200,SV-0100,MU-0400,RW-3500
1065,AB-0700,JB-2500,JB-6800,RI-0100,JS-4100
1066,CC-2700,DC-3000,JS-5400,JS-3500,AB-0500
1067,OP-0100,FO-0200,OK-0200,RG-0500,CW-2700
1068,DB-1400,AL-0700,GH-0200,EW-1600,BB-4000
1069,MH-2300,RG-0100,CM-3000,CC-0600,CG-2200
1070,MM-2900,KD-0900,NH-0200,LV-0100,JC-3000
1071,AW-1100,EM-0400,KC-2300,BW-1800,AC-2200
1072,JP-2400,NC-0500,JJ-0100,MJ-0500,WJ-0700
1073,DP-1100,JZ-0300,SM-0300,DJ-3000,JT-3500
1074,MM-2900,KD-0900,SM-3800,BD-1000,JC-3000
1075,JT-1600,ES-1300,AM-0100,HF-0300,JS-5500
1076,CS-0100,DD-1900,CR-0100,CR-0900,SH-0800
1077,DB-4900,KS-2500,CM-3600,MB-3600,EW-1500
1078,MR-1700,LH-0700,KM-0700,JS-1300,DS-4400
1079,AB-0700,JB-2500,JB-6800,RI-0100,AG-1000
1080,DC-3000,JS-5400,SW-0800,JS-3500,AB-0500
1081,DB-1400,AL-0700,GH-0200,EW-1600,JS-1400
1082,BF-1400,RS-1200,CS-3100,MU-0400,RW-3500
1083,MH-2300,EP-0300,CM-3000,CC-0600,CG-2200
1084,TT-1200,VM-0100,BM-1900,UN-0100,MW-2400
1085,BA-0200,BW-0600,RN-1200,MG-0900,RO-0200
1086,JS-1400,AL-0700,GH-0200,EW-1600,KC-0800
1087,RC-1200,RH-2400,CW-2000,CK-1200,RH-1000
1088,MM-2900,KD-0900,SM-3800,LV-0100,JC-3000
1089,MO-0200,BG-2200,MB-2400,CC-1700,MY-0100
1090,CS-0100,DD-1900,CR-0100,MW-2600,SH-0800
1091,JB-0400,MR-0100,DR-0300,SP-0900,JJ-0900
1092,MH-2300,CM-3000,SS-0400,CC-0600,EP-0300
1093,BM-1600,SH-1500,JS-7200,AH-2900,AH-3100
1094,BF-1400,MW-3900,CS-3100,MU-0400,RW-3500
1095,TT-1200,VM-0100,BM-1900,UN-0100,EB-1300
1096,TU-0100,RL-0800,JS-0600,MP-1400,RD-1000
1097,AW-1100,EM-0400,KC-2300,BW-1800,DR-2900
1098,DB-4900,KS-2500,CM-3600,CW-1700,EW-1500
1099,CC-2700,DC-3000,SW-0800,JS-3500,AB-0500
1100,WS-0700,BW-0600,RN-1200,MG-0900,RO-0200
1101,SH-0800,DD-1900,CR-0100,WM-0800,MW-2600
1102,KW-1700,SV-0100,CS-3100,MU-0400,RW-3500
1103,SV-0400,LM-0200,DK-1000,SN-0200,NK-0100
1104,DB-1400,AL-0700,GH-0200,EW-1600,JM-4100
1105,TL-0300,DC-3000,SW-0800,JS-3500,AB-0500
1106,JS-5700,DB-0100,EH-0300,AS-2700,TP-0600
1107,MH-2300,CM-3000,SS-0400,CC-0600,KB-0500
1108,DD-1400,RS-0800,SO-0200,CS-2800,WB-0400
1109,JP-2400,TH-1500,JJ-0100,NC-0500,WJ-0700
1110,JT-1600,ES-1300,AM-0100,RH-0100,JS-5500
1111,OP-0100,JB-2300,OK-0200,RG-0500,CW-2700
1112,DM-1900,RS-1200,CS-3100,MU-0400,RW-3500
1113,JB-0400,JJ-0900,DR-0300,SP-0900,GC-0400
1114,AB-0700,JB-2500,JB-6800,AG-1000,JS-4100
1115,CJ-1500,RL-0800,JS-0600,KD-0700,RD-1000
1116,EM-1300,VM-0100,BM-1900,UN-0100,EB-1300
1117,BA-0200,BW-0600,RN-1200,AA-0700,RO-0200
1118,CC-2700,DC-3000,SW-0800,JS-3500,MT-0200
1119,MR-1700,EA-0500,KM-0700,JS-1300,LH-0700
1120,BS-2100,DB-0100,EH-0300,CR-0200,AS-2700
1121,RC-1200,BH-0300,CW-2000,CK-1200,TP-1800
1122,WS-1000,JB-3900,TM-1500,HD-0100,TC-1400
1123,JL-2500,NG-0100,JG-4000,DT-1100,VC-0100
1124,AW-1100,NL-0500,KC-2300,BW-1800,DR-2900
1125,DB-1400,AL-0700,GH-0200,EW-1600,KC-0800
1126,RC-1200,RH-2400,CW-2000,CK-1200,TP-1800
1127,LJ-1400,DD-1900,CR-0100,CR-0900,SH-0800
1128,MH-2300,RG-0100,SS-0400,CC-0600,CG-2200
1129,SL-0800,RS-1200,CS-3100,MU-0400,RW-3500
1130,CC-2700,DC-3000,SW-0800,JS-3500,TL-0300
1131,TH-1500,NC-0500,JJ-0100,SA-0900,WJ-0700
1132,TW-1400,MB-2200,RK-0100,KV-0500,JO-0800
1133,FA-0100,KK-1300,AG-1900,LD-0200,DF-1800
1134,JB-0400,MR-0100,DR-0300,DL-2000,GC-0400
1135,AL-0700,SM-2000,GH-0200,EW-1600,KC-0800
1136,BA-0200,BW-0600,RN-1200,WS-0700,RO-0200
1137,SV-0400,LM-0200,DK-1000,DC-3400,NK-0100
1138,RC-1200,RH-2400,CW-2000,CK-1200,BG-0900
1139,JS-1400,AL-0700,GH-0200,KS-0900,KC-0800
1140,JL-2500,NG-0100,JB-3200,DT-1100,VC-0100
1141,BM-1600,SH-1500,JS-7200,AH-3100,PL-0300
1142,LJ-1400,DD-1900,CR-0100,EW-1000,SH-0800
1143,AB-0700,JB-2500,JB-6800,MS-0900,AG-1000
1144,MM-2900,KD-0900,SM-3800,LV-0100,BD-1000
1145,MS-4400,RF-0900,JH-2400,TE-0400,WC-0200
1146,WS-1000,JB-3900,TM-1500,QO-0100,TC-1400
1147,CW-2700,FO-0200,OK-0200,RG-0500,KS-0500
1148,JB-0400,MR-0100,DR-0300,DG-0400,GC-0400
1149,TU-0100,RL-0800,JS-0600,KD-0700,RD-1000
1150,ML-2000,LM-0200,DK-1000,DC-3400,NK-0100
1151,JB-8200,CN-0700,JG-2400,JS-6800,JE-1000
1152,LJ-1400,DD-1900,CR-0100,MW-2600,SH-0800
1153,JB-5500,RW-1500,LS-0500,DL-2400,LB-1400
1154,JG-0300,BG-2200,MB-2400,MY-0100,MO-0200
1155,SB-0100,JB-3900,TM-1500,QO-0100,TC-1400
1156,MO-0200,BG-2200,MB-2400,MY-0100,OC-0200
1157,DB-4900,KS-2500,CM-3600,AC-0200,EW-1500
1158,JL-2500,JS-4000,JB-3200,NG-0100,VC-0100
1159,AW-1100,NL-0500,KC-2300,BW-1800,AS-2000
1160,MH-2300,CM-3000,SS-0400,CC-0600,CG-2200
1161,JS-1400,AL-0700,GH-0200,RI-0100,KC-0800
1162,ML-2000,LM-0200,DK-1000,DC-3400,SV-0400
1163,BA-0200,AA-0700,RN-1200,WS-0700,BR-0300
1164,AB-0700,MS-0900,JB-6800,JG-3100,AG-1000
1165,MH-2300,LW-0100,SS-0400,CC-0600,CG-2200
1166,SL-0800,RS-1200,MU-0400,CS-3100,RW-3500
1167,TW-1400,MB-2200,RK-0100,KV-0500,GS-0400
1168,MM-2900,KD-0900,NH-0200,LV-0100,BD-1000
1169,JT-1600,ES-1300,AM-0100,RH-0100,FW-0900
1170,ML-2000,LM-0200,DK-1000,SN-0200,SV-0400
1171,DD-1400,KB-1400,SO-0200,CS-2800,WB-0400
1172,JM-4100,AL-0700,GH-0200,RI-0100,KC-0800
1173,TU-0100,RL-0800,JS-0600,KD-0700,MT-1600
1174,JP-2400,TH-1500,NC-0500,MJ-0500,WJ-0700
1175,JB-0400,DL-2000,DR-0300,DG-0400,GC-0400
1176,AB-0700,RA-0700,JB-6800,JG-3100,AG-1000
1177,DB-1400,AL-0700,GH-0200,EW-1600,CG-2200
1178,JL-2500,RI-0100,JB-3200,JJ-2100,VC-0100
1179,CW-2700,RG-0500,OK-0200,LL-1200,FO-0200
1180,JB-0400,RS-1200,DR-0300,SP-0900,GC-0400
1181,MH-2300,RG-0100,JV-0300,CC-0600,LW-0100
1182,MR-1700,LH-0700,EA-0500,JS-1300,DS-4400
1183,ML-2000,DC-3400,DK-1000,SN-0200,SV-0400
1184,JG-3900,TW-1400,RK-0100,MB-2200,GS-0400
1185,MS-4400,CK-0400,MP-1900,TE-0400,FA-0100
1186,DP-1100,KV-0500,JF-0200,DJ-3000,JT-3500
1187,RC-1200,SD-0100,JW-0700,CK-1200,ZB-0100
1188,EM-1300,JS-4000,BM-1900,UN-0100,EB-1300
1189,DB-4900,WS-0700,CM-3600,AC-0200,EW-1500
1190,TP-1800,MG-0400,CS-3100,MU-0400,SL-0800
1191,JS-5700,MI-0200,DB-0100,CR-0200,AD-0600
1192,LB-1400,AF-0100,LS-0500,DL-2400,BK-0400
1193,RS-0100,JB-2500,JB-6800,AG-1000,JS-4100
1194,DF-1800,MH-3000,AG-1900,LD-0200,AB-0700
1195,TW-2800,DD-1900,CR-0100,AH-3100,JB-6700
1196,DF-0600,MS-2300,NM-0200,BM-3500,DW-4700
1197,BA-0200,BW-0600,CW-2000,RL-0800,BR-0300
1198,BD-1000,KD-0900,NH-0200,LV-0100,JC-3000
1199,DF-1800,KK-1300,AG-1900,LD-0200,MC-2300
1200,JP-2400,TH-1500,MM-2600,NC-0500,WJ-0700
1201,JS-1400,CK-0400,MP-1900,TE-0400,FA-0100
1202,MH-2300,DL-2000,SS-0400,CC-0600,LW-0100
1203,TP-1800,BH-0300,CS-3100,SA-1000,SL-0800
1204,RC-1200,SD-0100,JW-0700,RH-2400,ZB-0100
1205,JS-5700,MI-0200,DB-0100,AS-2700,AD-0600
1206,DD-1400,RS-0800,AK-0900,CS-2800,KM-1200
1207,MS-4400,CK-0400,MP-1900,DL-0800,FA-0100
1208,RB-5000,WS-0700,CM-3600,MB-3600,EW-1500
1209,SH-0800,KL-1000,CR-0100,AH-3100,JB-6700
1210,JL-2000,JR-2100,JS-0600,MP-1400,RD-1000
1211,JL-2500,RI-0100,JB-3200,PM-0600,VC-0100
1212,FO-0200,RG-0500,OK-0200,LL-1200,KS-0500
1213,JT-1600,ES-1300,AM-0100,FW-0900,TP-0600
1214,RC-1200,SD-0100,JW-0700,CK-1200,RH-1000
1215,RO-0400,BH-0300,CS-3100,SA-1000,TP-1800
1216,CJ-1500,KD-0700,JS-0600,MP-1400,RD-1000
1217,BD-1000,KD-0900,NH-0200,TG-1700,JC-3000
1218,JP-2400,TH-1500,MM-2600,MJ-0500,WJ-0700
1219,CC-2700,DC-3000,SW-0800,JS-3500,BB-3700
1220,TW-2800,KL-1000,CR-0100,AH-3100,JB-6700
1221,FO-0200,RG-0500,OK-0200,EW-1000,JW-1400
1222,RC-1200,RH-2400,JW-0700,CK-1200,RH-1000
1223,MR-1700,FV-0100,EA-0500,JS-1300,DS-4400
1224,BM-1600,SH-1500,RC-2100,AH-2900,PL-0300
1225,FO-0200,CW-2700,OK-0200,EW-1000,JW-1400
1226,RO-0400,BH-0300,CS-3100,SA-1000,SL-0800
1227,KD-1600,TH-1500,MM-2600,MJ-0500,WJ-0700
1228,RB-5000,WS-0700,CM-3600,AC-0200,EW-1500
1229,DP-1100,KV-0500,JZ-0300,DJ-3000,JT-3500
1230,MH-2300,RG-0100,SS-0400,CC-0600,LW-0100
1231,RC-1200,RH-2400,JW-0700,CK-1200,ZB-0100
1232,BM-1600,SH-1500,JC-4500,AH-2900,PL-0300
1233,JT-1600,ES-1300,AM-0100,FW-0900,BY-0200
1234,DP-1100,TL-0400,JZ-0300,DJ-3000,JT-3500
1235,JG-3900,TW-1400,RK-0100,GS-0400,GW-1100
1236,DB-1400,AL-0700,GH-0200,EW-1600,CH-4500
1237,JV-0300,RG-0100,SS-0400,CC-0600,LW-0100
1238,DF-1800,MH-3000,AG-1900,LD-0200,MC-2300
1239,DF-1800,PC-0700,AG-1900,LD-0200,MC-2300
1240,EM-1300,VM-0100,BM-1900,UN-0100,JB-3600
1241,TW-2800,KL-1000,CR-0100,AH-3100,SH-0800
1242,BA-0200,BW-0600,CW-2000,JA-2500,BR-0300
1243,RS-0100,JB-2500,JB-6800,AG-1000,RF-1000
1244,DP-1100,TL-0400,JZ-0300,DJ-3000,JL-0900
1245,FO-0200,CW-2700,OK-0200,RG-0500,JW-1400
1246,JT-1600,ES-1300,AM-0100,BY-0200,FW-0900
1247,MM-2900,TG-1700,NH-0200,LV-0100,JC-3000
1248,DB-4900,WS-0700,CM-3600,MB-3600,EW-1500
1249,CP-1700,MG-0400,CS-3100,SA-1000,SL-0800
1250,SA-0900,DD-1400,RS-0800,CS-2800,KM-1200
1251,DB-1400,AL-0700,GH-0200,EW-1600,MW-3900
1252,CJ-1500,KD-0700,JS-0600,JL-2000,RD-1000
1253,DP-1100,TL-0400,JF-0200,DJ-3000,JL-0900
1254,RC-1200,ZB-0100,JW-0700,CK-1200,RH-1000
1255,SA-0900,KB-1400,RS-0800,CS-2800,KM-1200
1256,TP-1800,CP-1700,CS-3100,SA-1000,SL-0800
1257,JS-1400,RF-0900,MP-1900,TE-0400,FA-0100
1258,JL-2500,RI-0100,CP-2400,JJ-2100,VC-0100
1259,JS-1400,CK-0400,MP-1900,RF-0900,FA-0100
1260,JG-3900,MB-2200,RK-0100,GS-0400,GW-1100
1261,MO-0200,BG-2200,MB-2400,TM-3100,MY-0100
1262,JT-1600,ES-1300,AM-0100,SL-0300,JS-5500
1263,TW-2800,KL-1000,CR-0100,WM-0800,JB-6700
1264,LB-1400,AF-0100,LS-0500,DL-2400,JB-5500
1265,RO-0400,CP-1700,CS-3100,SA-1000,SL-0800
1266,BS-2100,MI-0200,DB-0100,CR-0200,AD-0600
1267,DB-1400,AL-0700,GH-0200,KU-0200,MW-3900
1268,WB-0400,KB-1400,RS-0800,CS-2800,KM-1200
1269,GW-0700,VM-0100,BM-1900,UN-0100,JB-3600
1270,BM-1600,SH-1500,JS-7200,PL-0300,RC-2100
1271,BR-0300,BW-0600,CW-2000,RL-0800,RO-0200
1272,RO-0400,MG-0400,CS-3100,SA-1000,SL-0800
1273,MM-2900,KD-0900,NH-0200,TG-1700,JC-3000
1274,BM-1600,CD-1200,JS-7200,RC-2100,PL-0300
1275,SH-0800,KL-1000,CR-0100,WM-0800,JB-6700
1276,DP-1100,TL-0400,JF-0200,JZ-0300,JL-0900
1277,DB-1400,AL-0700,EW-1600,CH-4500,MW-3900
1278,JB-0400,RS-1200,DR-0300,SP-0900,CH-3300
1279,DP-1100,TL-0400,JZ-0300,DH-1200,JL-0900
1280,TW-2800,KL-1000,CR-0100,JB-6700,NS-0900
1281,JL-2500,RI-0100,JB-3200,PM-0600,LM-1900
1282,JP-2400,TH-1500,MM-2600,MJ-0500,KD-1600
1283,DD-1400,KB-1400,RS-0800,CS-2800,KM-1200
1284,MO-0200,BG-2200,MB-2400,MY-0100,MC-2800
1285,TW-2800,KL-1000,WM-0800,CR-0100,JB-6700
1286,MR-1700,LH-0700,FV-0100,JS-1300,DS-4400
1287,JL-2500,RI-0100,JB-3200,JJ-2100,LM-1900
1288,DB-1400,AL-0700,EW-1600,CR-0900,MW-3900
1289,RO-0400,CP-1700,CS-3100,MG-0400,SL-0800
1290,DF-0600,MS-2300,NM-0200,BM-3500,WH-1000
1291,ML-2000,LM-0200,DK-1000,RW-1600,SV-0400
1292,JL-2500,PM-0600,RI-0100,JJ-2100,LM-1900
1293,DP-1100,TL-0400,JZ-0300,DH-1200,JT-3500
1294,TW-2800,KL-1000,CR-0100,WM-0800,SH-0800
1295,JV-0300,RG-0100,SS-0400,CC-0600,MH-2300
1296,MR-1700,LH-0700,KM-0600,JS-1300,DS-4400
1297,JL-2500,RI-0100,JB-3200,JJ-2100,PM-0600
1298,DB-1400,AL-0700,CR-0900,EW-1600,EP-0300
1299,AH-3700,RW-1500,NC-0500,MJ-0500,KD-1600
1300,RO-0400,TP-1800,CS-3100,MG-0400,SL-0800
1301,CJ-1500,KD-0700,JS-0600,MP-1400,JL-2000
1302,JS-1400,CK-0400,DL-0800,RF-0900,FA-0100
1303,CC-2700,TL-0300,SW-0800,JS-3500,BB-3700
1304,JB-8200,CN-0700,OK-0200,JE-1000,ZS-0200
1305,JW-1400,CW-2700,RG-0500,LL-1200,GC-0300
1306,SB-0100,JB-3900,JH-2900,GR-0300,TC-1400
1307,AC-1200,JR-1600,JS-0600,RD-1000,JL-2000
1308,DB-1400,AL-0700,EW-1600,KU-0200,EP-0300
1309,BA-0200,RL-0800,CW-2000,JA-2500,BR-0300
1310,EM-1300,WR-0100,BM-1900,UN-0100,GW-0700
1311,JT-1600,JP-3000,AM-0100,SL-0300,OC-0200
1312,AW-1100,NL-0500,KC-2300,CB-2000,AS-2000
1313,JP-2400,EM-0400,JK-0500,KD-0700,TH-1500
1314,RS-0100,JB-2500,JB-6800,HD-0100,JS-4100
1315,BM-1600,BG-2200,MB-2400,MY-0100,MO-0200
1316,JS-1400,CK-0400,MP-1900,DL-0800,WC-0200
1317,DP-1100,TL-0400,JF-0200,DJ-3000,JT-3500
1318,CJ-1500,SH-1500,JS-7200,AH-2900,PL-0300
1319,TW-2800,KL-1000,WM-0800,CC-1700,JB-6700
1320,WB-0400,DD-1400,DB-0100,CS-2800,KM-1200
1321,LB-1400,DC-3000,LS-0500,RH-0100,BK-0400
1322,RO-0400,JC-1000,MU-0400,JM-5400,BG-0500
1323,JS-5700,MI-0200,JG-2400,CR-0200,AD-0600
1324,DF-1800,BN-0100,PC-0700,KK-1300,TS-2700
1325,JL-2500,RI-0100,MP-2000,VC-0100,MC-2300
1326,ML-2000,LM-0200,DK-1000,BW-0600,NS-0500
1327,RC-1200,ZB-0100,JW-0700,CK-1200,OF-0100
1328,JV-0300,SW-1900,SS-0400,CC-0600,KB-0500
1329,JS-1400,RF-0900,MP-1900,DL-0800,MG-0500
1330,RO-0400,RG-0100,MU-0400,JM-5400,JC-1000
1331,BM-1600,ML-1400,MB-2400,MY-0100,MO-0200
1332,JW-1400,CW-2700,RG-0500,CS-3100,GC-0300
1333,JG-3900,TW-1400,RK-0100,GH-0200,BB-1600
1334,AC-1200,JR-1600,JS-0600,RD-1000,MP-1400
1335,JT-1600,JP-3000,AM-0100,SL-0300,AH-3100
1336,DF-1800,DD-1900,PC-0700,KK-1300,TS-2700
1337,ML-2000,LM-0200,DC-3400,BW-0600,SV-0400
1338,EM-1300,EB-1300,BM-1900,UN-0100,GW-0700
1339,ML-2000,LM-0200,DC-3400,BW-0600,NS-0500
1340,DB-1400,AL-0700,EW-1600,CR-0900,EP-0300
1341,DF-0600,MS-2300,CB-1000,BM-3500,WH-1000
1342,BM-1600,AG-1900,MB-2400,MY-0100,MO-0200
1343,SB-0100,JB-3900,TM-1500,GR-0300,TC-1400
1344,JW-1400,CW-2700,RG-0500,CS-3100,FO-0200
1345,RO-0400,PM-0700,MU-0400,JM-5400,JC-1000
1346,JS-1400,CK-0400,MP-1900,DL-0800,MG-0500
1347,AC-1200,JR-1600,JS-0600,MP-1400,JL-2000
1348,GW-0700,WR-0100,BM-1900,UN-0100,EB-1300
1349,JB-8200,CN-0700,BD-0800,JE-1000,CB-3400
1350,JT-1600,JP-3000,AM-0100,SL-0300,TP-0600
1351,AW-1100,NL-0500,KC-2300,MM-2600,AS-2000
1352,JS-5700,MI-0200,JG-2400,AS-2700,AD-0600
1353,TE-0400,CK-0400,MP-1900,RF-0900,MG-0500
1354,CC-2700,TL-0300,SW-0800,JS-3500,MN-0400
1355,KD-1600,EM-0400,JK-0500,DW-1600,TH-1500
1356,CH-0200,AL-0700,EW-1600,KU-0200,EP-0300
1357,WB-0400,DD-1400,KB-1400,CS-2800,KM-1200
1358,JL-2000,JR-1600,JS-0600,MP-1400,QO-0100
1359,JS-1400,DL-0800,MP-1900,RF-0900,MG-0500
1360,LB-1400,DC-3000,LS-0500,RH-0100,JB-5500
1361,JW-1400,CW-2700,RG-0500,LL-1200,FO-0200
1362,JL-2000,JR-1600,JS-0600,MP-1400,RD-1000
1363,TH-1500,EM-0400,JK-0500,DW-1600,WJ-0700
1364,MN-0400,TL-0300,SW-0800,JS-3500,BB-3700
1365,CB-2400,WR-0100,BM-1900,UN-0100,GW-0700
1366,MS-4400,DL-0800,MP-1900,RF-0900,JS-1400
1367,WB-0400,DD-1400,DB-0100,KB-1400,KM-1200
1368,JB-8200,CN-0700,OK-0200,JE-1000,CB-3400
1369,JW-1400,CW-2700,RG-0500,CS-3100,LL-1200
1370,RO-0400,RG-0100,LJ-0500,JM-5400,JC-1000
1371,WS-1000,JB-3900,TM-1500,GR-0300,TC-1400
1372,SL-0800,WM-0800,EC-0600,CC-1700,JB-6700
1373,MS-4400,CK-0400,MP-1900,RF-0900,MG-0500
1374,CJ-1500,SH-1500,JB-3200,AH-2900,PL-0300
1375,DF-1800,MH-3000,PC-0700,KK-1300,TS-2700
1376,RS-0100,JB-2500,JB-6800,HD-0100,AG-1000
1377,JL-2500,NG-0100,MP-2000,VC-0100,MC-2300
1378,CJ-1500,SH-1500,JS-7200,JB-3200,PL-0300
1379,JL-2000,SO-0400,JS-0600,MT-0400,QO-0100
1380,AL-0700,CR-0900,EW-1600,KU-0200,EP-0300
1381,JP-2400,EM-0400,JK-0500,DW-1600,TH-1500
1382,JB-8200,CN-0700,BD-0800,JE-1000,ZS-0200
1383,AC-1200,MT-0400,JS-0600,RD-1000,JL-2000
1384,WS-1000,JB-3900,TM-1500,JH-2900,TC-1400
1385,TW-2800,MH-3800,WM-0800,CC-1700,JB-6700
1386,JV-0300,SH-0800,SW-1900,CC-0600,KB-0500
1387,RS-0100,JB-2500,TW-3800,HD-0100,AG-1000
1388,TW-2800,MH-3800,WM-0800,CC-1700,SL-0800
1389,JP-2400,KD-1600,JK-0500,DW-1600,TH-1500
1390,TW-2800,WM-0800,CC-1700,TP-1800,NS-0900
1391,CH-0200,CR-0900,KU-0200,EP-0300,AL-0700
1392,RO-0400,RG-0100,MU-0400,PM-0700,BG-0500
1393,ML-1400,JB-2500,TW-3800,HD-0100,AG-1000
1394,JW-1400,EW-1000,RG-0500,CS-3100,LL-1200
1395,BD-1000,SM-3800,NH-0200,SS-0500,JC-3000
1396,MR-1700,LH-0700,EA-0500,JS-1300,MO-0400
1397,AG-1000,JB-2500,TW-3800,JB-6800,HD-0100
1398,CH-0200,AL-0700,KU-0200,CR-0900,EP-0300
1399,ML-2000,LM-0200,RW-1600,BW-0600,SV-0400
1400,BD-1000,SS-0500,NH-0200,TM-3100,JC-3000
1401,BA-0200,RH-3200,CW-2000,JA-2500,BR-0300
1402,MS-4400,DL-0800,MP-1900,RF-0900,MG-0500
1403,DD-1400,KB-1400,DB-0100,CS-2800,KM-1200
1404,JL-2500,RI-0100,MP-2000,JJ-2100,MC-2300
1405,AC-1200,MP-1400,JS-0600,RD-1000,JL-2000
1406,ML-2000,LM-0200,NM-0400,BW-0600,NS-0500
1407,DD-1400,MP-1100,KB-1400,CS-2800,KM-1200
1408,MN-0400,TL-0300,SW-0800,ED-0500,BB-3700
1409,JG-0300,TG-1700,NH-0200,LV-0100,JC-3000
1410,SL-0800,MH-3800,WM-0800,CC-1700,TP-1800
1411,TW-1400,MB-2200,RK-0100,GH-0200,BB-1600
1412,PM-0700,RG-0100,MU-0400,LJ-0500,BG-0500
1413,ML-1400,JB-6800,TW-3800,BM-0500,HD-0100
1414,AG-1000,JB-6800,TW-3800,BM-0500,HD-0100
1415,AW-1100,NL-0500,KC-2300,MM-2600,AC-2200
1416,DB-1400,AL-0700,KU-0200,CR-0900,EP-0300
1417,JJ-2100,RI-0100,MP-2000,VC-0100,MC-2300
1418,WS-0900,MH-3800,WM-0800,CC-1700,TP-1800
1419,ML-2000,LM-0200,RW-1600,BW-0600,NS-0500
1420,MS-4400,TE-0400,DL-0800,RF-0900,MG-0500
1421,LM-0200,DT-1100,DC-3400,BW-0600,NS-0500
1422,WS-0900,MH-3800,WM-0800,CC-1700,JB-6700
1423,CJ-1500,JB-3200,JS-7200,AH-2900,PL-0300
1424,MS-4400,TE-0400,DL-0800,RF-0900,JS-1400
1425,EM-1300,WR-0100,BM-1900,UN-0100,CB-2400
1426,MN-0400,ED-0500,SW-0800,JS-3500,TL-0300
1427,DP-1100,JZ-0300,JF-0200,DJ-3000,JL-0900
1428,CH-0200,AL-0700,CB-3800,CR-0900,EP-0300
1429,ML-2000,RW-1600,DC-3400,BW-0600,NS-0500
1430,MS-4400,CK-0400,DL-0800,RF-0900,MG-0500
1431,RC-1200,ZB-0100,JW-0700,RH-2400,OF-0100
1432,SL-0800,KB-1400,DB-0100,CS-2800,DD-1400
1433,TS-2700,NL-0500,PC-0700,MB-2200,DF-1800
1434,JW-1400,CS-3100,RG-0500,LL-1200,GC-0300
1435,AC-1200,SO-0400,SS-0400,MM-2600,WJ-0700
1436,JT-1600,JP-3000,AM-0100,SL-0300,MS-0550
1437,BA-0200,RL-0800,RH-3200,JA-2500,EW-1500
1438,DF-0600,MS-2300,NM-0200,BM-3500,AH-3700
1439,CG-1250,AL-0700,EW-1600,KU-0200,EP-0300
1440,RS-0100,RT-2000,SW-0800,HD-0100,BR-0300
1441,JB-8200,BG-2200,BD-0800,JE-1000,ZS-0200
1442,TW-2800,KL-1000,WM-0800,CC-1700,TP-1800
1443,JL-2500,RI-0100,MP-2000,JJ-2100,JM-1130
1444,DB-4900,WS-0700,CM-3600,AC-0200,DN-0700
1445,MR-1700,SH-1500,FV-0100,LH-0700,DS-4400
1446,NS-0500,LM-0200,RW-1600,DC-3400,SV-0400
1447,MK-0150,CJ-1500,JS-7200,BF-1500,PL-0300
1448,EM-1300,EB-1300,BM-1900,UN-0100,CB-2400
1449,JG-3900,AS-0940,RK-0100,GH-0200,BB-1600
1450,DP-1100,CN-0700,JZ-0300,TL-0400,JT-3500
1451,RO-0400,PM-0700,MU-0400,JS-7450,BG-0500
1452,DB-1100,DC-3000,LS-0500,AS-2700,BM-0360
1453,JS-5700,MI-0200,JG-2400,AB-2100,AD-0600
1454,MN-0400,TL-0300,JS-0600,JS-3500,BB-3700
1455,RC-1200,ZB-0100,JW-0700,MR-0100,OF-0100
1456,MS-4400,WC-0200,MP-1900,RF-0900,MG-0500
1457,MO-0200,RH-0600,MB-2400,MY-0100,KO-0750
1458,AW-1100,CB-2000,JF-0200,KZ-0050,AS-2000
1459,JV-0300,CC-0600,AP-0350,MB-3600,KB-0500
1460,MH-1030,TG-1700,NH-0200,LV-0100,JC-3000
1461,AC-1200,SO-0400,SS-0400,MM-2600,JL-2000
1462,DP-1100,CN-0700,JZ-0300,TL-0400,DD-2300
1463,EM-1300,HT-0200,BM-1900,UN-0100,GW-0700
1464,NS-0500,LM-0200,RW-1600,DT-1100,SV-0400
1465,RS-0100,QO-0100,RT-2000,HD-0100,BR-0300
1466,FO-0200,PM-0700,MU-0400,JM-5400,BG-0500
1467,TS-2700,NL-0500,RC-2100,MB-2200,DF-1800
1468,JV-0300,CC-0600,SW-1900,MB-3600,KB-0500
1469,WB-0400,KB-1400,DB-0100,CS-2800,SL-0800
1470,JG-3900,AS-0940,RK-0100,GH-0200,GW-1100
1471,JW-1400,CR-0200,RG-0500,LL-1200,GC-0300
1472,WH-1000,QO-0100,RT-2000,HD-0100,BR-0300
1473,EM-1300,MB-3550,BM-1900,UN-0100,GW-0700
1474,DB-1400,EM-0400,DR-1250,DW-1600,TH-1500
1475,JV-0300,CC-0600,SW-1900,MB-3600,WS-0900
1476,RO-0400,PM-0700,MU-0400,JM-5400,BG-0500
1477,NS-0500,DT-1100,RW-1600,DC-3400,SV-0400
1478,BA-0200,JA-1050,RL-0800,JA-2500,EW-1500
1479,RO-0400,JC-1000,MU-0400,PM-0700,BG-0500
1480,AC-1200,JL-2000,AS-0920,MM-2600,WJ-0700
1481,JG-3900,AS-0940,RK-0100,GW-1100,BB-1600
1482,RO-0400,PM-0700,MU-0400,JC-1000,BG-0500
1483,CH-0200,AL-0700,EW-1600,CB-3800,EP-0300
1484,RC-1200,ZB-0100,DK-1000,MR-0100,OF-0100
1485,DP-1100,CN-0700,JZ-0300,JM-4100,DD-2300
1486,KD-1600,EM-0400,DR-1250,DW-1600,TH-1500
1487,AC-1200,JL-2000,SS-0400,MM-2600,WJ-0700
1488,MO-0200,BW-1800,MB-2400,MY-0100,KO-0750
1489,CH-0200,AL-0700,EW-1600,CR-0900,EP-0300
1490,RC-1200,ZB-0100,DK-1000,CK-1200,OF-0100
1491,SS-0400,WJ-0700,JL-2000,AC-1200,MM-2600
1492,JT-1600,JG-3100,AM-0100,SL-0300,MS-0550
1493,JG-3900,AS-0940,GH-0200,GW-1100,BB-1600
1494,JB-1400,SS-1900,RT-2000,HD-0100,BR-0300
1495,DB-4900,WS-0700,CM-3600,BJ-1950,DN-0700
1496,MS-4400,WC-0200,DL-0800,RF-0900,MA-0250
1497,JG-3900,AS-0940,GH-0200,JB-8600,BB-1600
1498,SB-0100,JB-3900,TM-1500,PK-0250,TC-1400
1499,KD-1600,EM-0400,DR-1250,DK-0430,TH-1500
1500,EM-1300,MB-3550,BM-1900,UN-0100,CB-2400
1501,MS-4400,WC-0200,MP-1900,RF-0900,MA-0250
1502,MO-0400,SH-1500,FV-0100,LH-0700,DS-4400
1503,DB-1100,DC-3000,LS-0500,RO-0300,BM-0360
1504,AW-1100,CB-2000,TR-0650,KZ-0050,AS-2000
1505,CG-1250,AL-0700,EW-1600,KU-0200,CH-0200
1506,MR-1700,SH-1500,FV-0100,DL-2400,DS-4400
1507,AC-1200,JR-1600,SS-0400,MM-2600,WJ-0700
1508,DP-1100,JZ-0300,TL-0400,JM-4100,DD-2300
1509,RO-0400,JM-5400,MU-0400,PM-0700,BG-0500
1510,WB-0400,KB-1400,DB-0100,CS-2800,DD-1400
1511,AC-1200,JR-1600,AS-0920,MM-2600,JL-2000
1512,JB-8200,BG-2200,BD-0800,JE-1000,CB-3400
1513,RS-0100,SS-1900,RT-2000,HD-0100,BR-0300
1514,DB-1400,EM-0400,DR-1250,DK-0430,KD-1600
1515,BA-0200,JA-1050,RH-2400,EW-1500,DS-4050
1516,TS-2700,NL-0500,MB-2200,DD-1900,DF-1800
1517,NP-0400,DC-3000,LS-0500,AS-2700,BM-0360
1518,MN-0400,ED-0500,JS-0600,JS-3500,TL-0300
1519,NS-0500,DT-1100,RW-1600,NM-0400,SV-0400
1520,EM-0400,DR-1250,JS-1300,DK-0430,KD-1600
1521,MO-0200,JR-1500,MB-2400,MY-0100,KO-0750
1522,RR-0250,RS-1200,DR-0300,SP-0900,GC-0400
1523,JP-0900,NL-0500,MB-2200,DD-1900,DF-1800
1524,NS-0500,DT-1100,RW-1600,DC-3400,MC-0400
1525,JW-1400,CS-3100,RG-0500,LL-1200,JS-1400
1526,MS-4400,DL-0800,MP-1900,RF-0900,MA-0250
1527,DS-4050,JA-1050,RL-0800,JA-2500,EW-1500
1528,MH-1030,RH-0100,NH-0200,LV-0100,JC-3000
1529,JB-8200,BG-2200,BD-0800,JE-1000,BH-0650
1530,KD-1600,EM-0400,DR-1250,JS-1300,DK-0430
1531,JW-1400,EW-1000,RG-0500,GC-0300,JS-1400
1532,NP-0400,DC-3000,RO-0300,AS-2700,BM-0360
1533,DB-4900,WS-0700,CM-3600,BJ-1950,RH-1000
1534,MS-4400,MP-1900,DL-0800,RF-0900,KB-0750
1535,CG-1250,AL-0700,DS-3150,KU-0200,SY-0100
1536,MR-1700,FV-0100,KM-0600,DL-2400,MO-0400
1537,JG-3900,AS-0940,GH-0200,DH-3500,BB-1600
1538,MS-4400,WC-0200,MP-1900,RF-0900,KB-0750
1539,KH-0900,RH-0100,NH-0200,LV-0100,RW-1500
1540,JM-1130,RI-0100,MP-2000,JJ-2100,NG-0100
1541,MN-0400,ED-0500,JS-0600,JS-3500,DB-0750
1542,JW-1400,JB-6650,RG-0500,GC-0300,JS-1400
1543,MN-0400,TL-0300,JS-0600,JS-3500,DB-0750
1544,EM-1300,AP-0370,BM-1900,UN-0100,CB-2400
1545,MO-0200,JR-1500,MB-2400,BW-1800,KO-0750
1546,JB-8200,BG-2200,BD-0800,JE-1000,WR-0700
1547,NP-0400,DC-3000,AS-2700,PM-0600,BM-0360
1548,JG-3900,AS-0940,JB-8600,GW-1100,BB-1600
1549,MS-4400,RF-0900,MP-1900,DD-0750,KB-0750
1550,RS-0100,RT-2000,SW-0800,SS-1900,BR-0300
1551,CG-1250,AL-0700,EW-1600,KU-0200,SY-0100
1552,TW-2800,KL-1000,WM-0800,CC-1700,MH-3800
1553,EM-1300,AP-0370,BM-1900,UN-0100,GW-0700
1554,MR-1700,MP-1100,FV-0100,DL-2400,BS-3900
1555,MN-0400,TL-0300,ED-0500,JS-3500,DB-0750
1556,AW-1100,CB-2000,KC-2300,KZ-0050,AS-2000
1557,JW-1400,JB-6650,RG-0500,CS-3100,GC-0300
1558,AC-1200,JR-1600,AS-0920,MM-2600,WJ-0700
1559,JW-1400,JB-6650,RG-0500,CS-3100,JS-1400
1560,JG-3900,JB-8600,TA-1200,GW-1100,BB-1600
1561,MR-1700,FV-0100,KD-0700,DL-2400,BS-3900
1562,EM-1300,AP-0370,BM-1900,SV-0100,GW-0700
1563,DB-1100,DC-3000,AS-2700,PM-0600,BM-0360
1564,JV-0300,CC-0600,SW-1900,TB-1150,KB-0500
1565,KH-0900,TG-1700,NH-0200,LV-0100,JC-3000
1566,BM-1600,KO-0750,MB-2400,MY-0100,MO-0200
1567,RO-0400,JS-7450,MU-0400,PM-0700,BG-0500
1568,BM-1600,KO-0750,GG-0350,MY-0100,MO-0200
1569,RC-1200,ZB-0100,MR-0100,LV-0100,OF-0100
1570,CG-1250,CB-3800,EW-1600,KU-0200,EP-0300
1571,JB-8200,MS-2300,RG-0500,KL-1350,JM-4950
1572,AC-2200,CB-2000,KC-2300,KZ-0050,AS-2000
1573,JT-1600,JG-3100,AM-0100,OC-0200,MS-0550
1574,JM-1130,RI-0100,MP-2000,JJ-2100,TC-1400
1575,KB-0500,LN-0400,SW-1900,MB-3600,TP-0600
1576,AC-1200,DT-1100,SS-0400,MM-2600,GC-0400
1577,EM-1300,WR-0100,BM-1900,UN-0100,LJ-0750
1578,BA-0200,JA-1050,RH-3200,GS-0400,EF-0050
1579,DP-1100,GC-0300,JZ-0300,DJ-3000,DD-2300
1580,DF-0600,VD-0300,NM-0200,WC-0200,AH-3700
1581,MA-0250,RF-0900,MP-1900,DD-0750,MG-0500
1582,MR-1700,AL-0700,RT-2000,CW-0650,DS-4400
1583,SB-0100,JB-3900,PK-0250,GR-0300,LH-1550
1584,CB-3400,BG-2200,BD-0800,JE-1000,ZS-0200
1585,JG-3900,CS-1150,RK-0100,GW-1100,BB-1600
1586,RR-0250,RS-1200,DR-0300,LW-0350,JF-3000
1587,DB-0350,JS-3500,ED-0500,TL-0300,DB-0750
1588,JL-2500,CW-2700,SW-0800,HD-0100,RS-0100
1589,LB-1400,DC-3000,LS-0500,PF-0100,EW-1500
1590,TS-2700,RL-0350,TF-1350,MB-2200,DF-1800
1591,JP-2400,EM-0400,JK-0500,TH-1500,LJ-0850
1592,KD-1600,CR-0900,NH-0200,JC-3000,DF-1250
1593,WB-0400,MP-0500,KB-1400,CS-2800,JP-4350
1594,DB-4900,WS-0700,CM-3600,BB-3230,DN-0700
1595,BA-0200,JA-1050,RH-3200,JA-2500,EF-0050
1596,JG-3900,AS-0940,RK-0100,CS-1150,BB-1600
1597,RR-0250,RS-1200,DR-0300,LW-0350,CH-3300
1598,WB-0400,KB-1400,DB-0100,CS-2800,JP-4350
1599,CB-3400,BG-2200,BD-0800,TL-0750,ZS-0200
1600,KD-1600,CR-0900,NH-0200,JC-3000,MH-1030
1601,RH-1000,WS-0700,CM-3600,BB-3230,DN-0700
1602,JL-2500,CW-2700,SW-0800,HD-0100,JB-1400
1603,LH-1550,JB-3900,PK-0250,GR-0300,JT-3500
1604,PM-0700,JC-1000,MU-0400,JS-7450,BG-0500
1605,AC-1200,HT-0600,MM-2600,JL-2000,GC-0400
1606,MA-0250,RF-0900,FV-0100,DD-0750,MG-0500
1607,CC-1900,ZB-0100,MR-0100,LV-0100,OF-0100
1608,PM-0700,JC-1000,LJ-0500,JS-7450,MB-3250
1609,DP-1100,CN-0700,JZ-0300,DJ-3000,DD-2300
1610,BA-0200,GS-0400,RH-3200,JA-2500,EF-0050
1611,WB-0400,KB-1400,JC-4800,JB-5400,JP-4350
1612,TS-2700,RL-0350,TF-1350,BW-0600,DF-1800
1613,MH-1030,JT-3450,NH-0200,RO-0300,DF-1250
1614,KB-0500,AG-1900,SW-1900,MB-3600,TP-0600
1615,SB-0100,JB-3900,PK-0250,GR-0300,JT-3500
1616,AC-1200,HT-0600,SS-0400,MM-2600,GC-0400
1617,BA-0200,JA-1050,RH-3200,JA-2500,DS-4050
1618,LJ-0750,WR-0100,BM-1900,UN-0100,AP-0370
1619,WB-0400,KB-1400,JC-4800,DD-1400,JP-4350
1620,BS-3050,DC-3000,LS-0500,PF-0100,EW-1500
1621,MH-1030,JT-3450,NH-0200,JC-3000,DF-1250
1622,KB-0500,LN-0400,AG-1900,MB-3600,MM-1960
1623,DF-0600,BW-2670,NM-0200,WC-0200,AH-3700
1624,JG-3900,TW-1400,RK-0100,CS-1150,BB-1600
1625,DP-1100,TL-0400,JZ-0300,DJ-3000,DD-2300
1626,KB-0750,RF-0900,FV-0100,DD-0750,MG-0500
1627,KB-0500,LN-0400,AG-1900,MB-3600,TP-0600
1628,EM-1300,KO-0750,GG-0350,MY-0100,MO-0200
1629,CG-1250,DL-0800,EW-1600,KU-0200,EP-0300
1630,CB-2400,WR-0100,BM-1900,UN-0100,AP-0370
1631,PM-0700,JC-1000,MU-0400,JS-7450,MB-3250
1632,CB-3400,BG-2200,BD-0800,JE-1000,BH-0650
1633,KD-1600,JT-3450,NH-0200,JC-3000,DF-1250
1634,MR-1700,AL-0700,BS-1150,CW-0650,DS-4400
1635,WB-0400,KB-1400,DB-0100,DD-1400,JP-4350
1636,DP-1100,JZ-0300,TL-0400,DJ-3000,DD-2300
1637,RR-0250,RS-1200,DR-0300,LW-0350,LW-0050
1638,KB-1400,JC-4800,DD-1400,JP-4350,ZD-0100
1639,BM-1600,RI-0100,MP-2000,JJ-2100,JM-1130
1640,KB-0500,LN-0400,SW-1900,MB-3600,MM-1960
1641,BM-1600,RI-0100,MP-2000,JJ-2100,TC-1400
1642,MR-1700,AL-0700,BS-1150,CW-0650,MO-0400
1643,JL-2500,CW-2700,SW-0800,SS-1900,JB-1400
1644,DP-1100,JM-4100,JZ-0300,DJ-3000,DD-2300
1645,KB-0750,RF-0900,FV-0100,GW-0700,MG-0500
1646,NS-0500,LM-0200,RW-1600,DC-3400,MC-0400
1647,EM-1300,AS-0920,GG-0350,MY-0100,MO-0200
1648,MK-0150,JB-3200,JS-7200,BF-1500,JW-1400
1649,JL-2500,CW-2700,SW-0800,JB-1400,RS-0100
1650,CB-2400,MB-3550,BM-1900,UN-0100,AP-0370
1651,KB-0500,LN-0400,SW-1900,MB-3600,MW-0950
1652,JG-3900,TW-1400,RK-0100,NC-0150,BB-1600
1653,MR-1700,AL-0700,CS-3100,CW-0650,DS-4400
1654,AW-1100,CB-2000,KC-2300,MP-1400,AS-2000
1655,BM-1600,SB-1450,NG-0100,JJ-2100,TC-1400
1656,DF-1250,JT-3450,NH-0200,CR-0900,JC-3000
1657,LH-1550,JB-3900,JH-2900,PK-0250,JT-3500
1658,KB-0750,GW-0700,FV-0100,DD-0750,MG-0500
1659,DB-0350,JS-3500,ED-0500,TL-0300,MN-0400
1660,JG-3900,TW-1400,RK-0100,NC-0150,GH-0200
1661,LH-1550,JB-3900,JH-2900,GR-0300,JT-3500
1662,BA-0200,JA-1050,RH-3200,GS-0400,DS-4050
1663,CR-0900,JT-3450,NH-0200,JC-3000,DF-1250
1664,JL-2500,CW-2700,SW-0800,RS-0100,JB-1400
1665,JS-5700,AS-2700,JG-2400,AB-2100,AD-0600
1666,JV-0300,KB-0500,SW-1900,MB-3600,TP-0600
1667,AC-1200,HT-0600,SS-0400,JL-2000,GC-0400
1668,BM-1600,NG-0100,MP-2000,JJ-2100,TC-1400
1669,AW-1100,CB-2000,KC-2300,MP-1400,AC-2200
1670,NS-0500,LM-0200,RW-1600,DC-3400,WS-1000
1671,WB-0400,JB-5400,DD-1400,JP-4350,KB-1400
1672,JG-3100,AM-0100,SL-0300,MS-0550,CY-0300
1673,AC-1200,JR-1600,SS-0400,MM-2600,GC-0400
1674,AC-2200,AW-1100,KC-2300,MP-1400,AS-2000
1675,MA-0250,RF-0900,CW-0400,DD-0750,MG-0500
1676,JV-0300,KB-0500,SW-1900,LN-0400,TP-0600
1677,DS-4050,JA-1050,RH-3200,GS-0400,EF-0050
1678,JL-2500,CW-2700,TB-0550,HD-0100,RS-0100
1679,WB-0400,JB-5400,KB-1400,DD-1400,JP-4350
1680,RO-0400,JC-1000,MU-0400,JS-7450,BG-0500
1681,AC-1200,HT-0600,MM-2600,JR-1600,GC-0400
1682,LH-1550,JB-3900,JH-2900,PK-0250,RS-0650
1683,BM-1600,SB-1450,MP-2000,JJ-2100,TC-1400
1684,JL-2500,CW-2700,TB-0550,RS-0100,JB-1400
1685,MK-0150,CJ-1500,JS-7200,JB-3200,PL-0300
1686,AC-1200,XN-0100,SS-0400,MM-2600,GC-0400
1687,CB-2400,JM-2600,BM-1900,UN-0100,AP-0370
1688,MR-1700,AL-0700,BS-1150,CW-0650,BS-3900
1689,TA-0850,BG-2200,BD-0800,JE-1000,ZS-0200
1690,WB-0400,JB-5400,KB-1400,BM-3650,JP-4350
1691,RO-0400,PM-0700,MU-0400,MB-3250,BG-0500
1692,KB-0750,RF-0900,CW-0400,DD-0750,MG-0500
1693,LM-0200,JK-1650,RW-1600,DC-3400,MC-0400
1694,AC-2200,AW-1100,KC-2300,KZ-0050,AS-2000
1695,JT-1600,GG-0320,AM-0100,JG-3100,MS-0550
1696,RS-0100,CW-2700,TB-0550,SS-1900,JB-1400
1697,DS-4050,RW-0950,EK-0800,RJ-1150,EF-0050
1698,RO-0400,MB-3250,MU-0400,JS-7450,BG-0500
1699,KD-1600,CR-0900,NH-0200,JT-3450,DF-1250
1700,DB-0350,JS-3500,CL-0975,TL-0300,BB-3700
1701,RO-0400,JC-1000,MU-0400,JS-7450,JB-5750
1702,TA-0850,BG-2200,JG-2400,JE-1000,ZS-0200
1703,JM-1450,JB-3900,JH-2900,JA-2500,LH-1550
1704,CG-1250,CW-2700,EW-1600,EP-0300,SH-0650
1705,EF-0050,MM-2600,RH-3200,ZF-0300,JA-1050
1706,MR-1700,AL-0700,BS-1150,CW-0650,MO-0200
1707,JL-2500,RS-0100,SW-0800,DJ-3000,JB-1400
1708,NS-0500,JD-1750,MC-0400,DC-3400,SV-0400
1709,BA-0200,DC-3000,SS-0400,SS-1900,JJ-0650
1710,DF-0600,BW-2670,NM-0200,WC-0200,BG-0500
1711,DP-1100,GJ-0050,SW-1900,AH-3700,KB-0500
1712,LJ-0750,ZB-0100,JM-2600,BL-1150,CB-2400
1713,JP-2400,EM-0400,JK-0500,TH-1500,AB-0500
1714,KB-0750,RF-0900,MP-1900,DD-0750,MG-0500
1715,JT-1600,JB-3550,AM-0100,JG-3100,MS-0550
1716,AW-1100,CB-2000,RB-2275,KZ-0050,AS-2000
1717,EM-1300,KO-0750,JZ-0300,MY-0100,RW-0150
1718,DB-4900,BJ-1950,CM-3600,BB-3230,DN-0700
1719,TW-2800,SL-0300,KL-1000,CC-1700,TP-1800
1720,TS-2700,RL-0350,TF-1350,ZM-0050,DF-1800
1721,JS-5700,MI-0200,DK-0600,JL-2560,JM-1130
1722,BB-1600,AS-0940,RK-0100,FV-0100,NC-0150
1723,AC-2200,LM-0200,ED-0500,PO-0150,DD-2300
1724,AC-1200,JM-4150,AS-0920,HT-0600,GC-0400
1725,RC-1200,OF-0100,MR-0100,LV-0100,CC-1900
1726,WB-0400,WR-0450,JW-0700,JJ-2100,JP-4350
1727,JV-0300,TL-0400,LS-0500,PF-0100,BM-0360
1728,GC-0300,JB-3900,JH-2900,JA-2500,LH-1550
1729,NS-0500,MC-0400,BS-4350,DC-3400,SV-0400
1730,RR-0250,RS-1200,DR-0300,LW-0350,GR-0300
1731,BB-1600,AS-0940,RK-0100,TT-1850,NC-0150
1732,KD-1600,CR-0900,RO-0300,JT-3450,DF-1250
1733,EF-0050,MM-2600,RH-3200,ZF-0300,RH-1000
1734,DB-0350,JS-3500,CL-0975,TL-0300,DS-1900
1735,JB-8200,MO-0250,BD-0800,KL-1350,JM-4950
1736,JS-5700,MI-0200,DK-0600,AB-2100,JM-1130
1737,JP-2400,DK-0430,JK-0500,TH-1500,AG-0400
1738,AW-1100,CB-2000,RB-2275,MP-1400,AS-2000
1739,NS-0500,MC-0400,DC-3400,JD-1750,SV-0400
1740,LJ-0750,ZB-0100,LB-0750,BL-1150,SY-0100
1741,BA-0200,DC-3000,SS-0400,DT-0550,JJ-0650
1742,KB-0750,CW-0400,MP-1900,DD-0750,MG-0500
1743,TW-2800,JL-1250,KL-1000,CC-1700,TP-1800
1744,AC-1200,JM-4150,AS-0920,LL-1200,GC-0400
1745,JH-6500,KO-0750,JZ-0300,MY-0100,RW-0150
1746,CG-1250,CR-0850,EW-1600,EP-0300,SH-0650
1747,KD-1600,CR-0900,DL-0800,JT-3450,DF-1250
1748,MK-0150,CJ-1500,JS-7200,VD-0300,PL-0300
1749,JP-2400,MT-1100,DM-2750,DK-0430,TH-1500
1750,JS-5700,MI-0200,DK-0600,AB-2100,AD-0600
1751,NS-0500,DC-3400,BS-4350,CF-0675,SV-0400
1752,AC-1200,LL-1200,JH-2250,HT-0600,GC-0400
1753,JM-1450,HG-0500,PK-0250,JA-2500,GC-0300
1754,JP-2400,MT-1100,DM-2750,TH-1500,LJ-0850
1755,MO-0250,MS-2300,BD-0800,KL-1350,JM-4950
1756,LJ-0750,ZB-0100,LB-0750,BL-1150,AP-0370
1757,NS-0500,DC-3400,BS-4350,RW-1600,SV-0400
1758,DB-4900,BJ-1950,CM-3600,XS-0100,DN-0700
1759,AC-1200,JR-1600,JH-2250,LL-1200,GC-0400
1760,MO-0250,MS-2300,RG-0500,KL-1350,JM-4950
1761,JM-1450,JB-3900,PK-0250,JA-2500,GC-0300
1762,NS-0500,DC-3400,RW-1600,JK-1650,SV-0400
1763,TL-0775,AL-0700,BS-1150,CW-0650,MO-0200
1764,BA-0200,DC-3000,SS-0400,MP-2000,JJ-0650
1765,JH-6500,JU-0300,JZ-0300,MY-0100,RW-0150
1766,DP-1100,GJ-0050,SW-1900,AH-3700,MW-0950
1767,RO-0400,JC-1000,SS-0500,JS-7450,JB-5750
1768,JL-2500,GR-0450,SW-0800,RS-0100,JB-1400
1769,NS-0500,JD-1750,RW-1600,JK-1650,SV-0400
1770,DF-0600,OA-0050,NM-0200,WC-0200,BG-0500
1771,BB-1600,FV-0100,RK-0100,TT-1850,NC-0150
1772,AC-1200,JM-4150,JH-2250,HT-0600,GC-0400
1773,JT-1600,JB-3550,JG-3100,PM-0700,MS-0550
1774,TS-2700,RL-0350,TF-1350,ZM-0050,JP-0900
1775,JS-5700,JL-2560,DK-0600,AB-2100,AD-0600
1776,RC-1200,OF-0100,MR-0100,LV-0100,PC-0650
1777,JM-1450,JB-3900,JS-6950,JA-2500,RS-0650
1778,JB-8200,MS-2300,RG-0500,KL-1350,MO-0250
1779,CG-1250,KU-0200,EW-1600,EP-0300,SH-0650
1780,BB-1600,AN-0400,RK-0100,FV-0100,NC-0150
1781,JT-1600,JB-3550,NM-0400,JG-3100,MS-0550
1782,KB-0750,RF-0900,MP-1900,DD-0750,MA-0250
1783,TA-0850,BG-2200,TL-0750,JE-1000,ZS-0200
1784,TW-2800,SL-0300,KL-1000,CC-1700,TC-2350
1785,DF-1475,AN-0400,RK-0100,FV-0100,NC-0150
1786,OC-0200,LM-0200,ED-0500,PO-0150,DD-2300
1787,TS-2700,MB-2200,TF-1350,ZM-0050,JP-0900
1788,BA-0200,DT-0550,SS-0400,MP-2000,JJ-0650
1789,JP-2400,MT-1100,JK-0500,TH-1500,LJ-0850
1790,JS-5700,MI-0200,MM-0925,AB-2100,AD-0600
1791,GR-0450,DJ-3000,SW-0800,RS-0100,JB-1400
1792,AH-3700,DP-1100,GJ-0050,SW-1900,MW-0950
1793,AB-0120,JC-1000,PL-0250,JS-7450,JB-5750
1794,AC-1200,JM-4150,JH-2250,LL-1200,GC-0400
1795,AW-1100,CB-2000,RB-2275,KZ-0050,MN-0400
1796,LJ-0750,ZB-0100,LB-0750,JM-2600,AP-0370
1797,RC-1200,OF-0100,WM-0800,MR-0100,LV-0100
1798,DP-1100,KB-0500,SW-1900,AH-3700,MW-0950
1799,GR-0450,RS-0100,SW-0800,DJ-3000,JB-1400
1800,RO-0400,AB-0120,MU-0400,JS-7450,JB-5750
1801,JB-8200,MO-0250,RG-0500,KL-1350,JM-4950
1802,BB-1600,AS-0940,RK-0100,AN-0400,NC-0150
1803,JP-2400,EM-0400,JK-0500,MT-1100,LJ-0850
1804,JJ-0650,SS-1900,SS-0400,MP-2000,DT-0550
1805,JB-8200,BD-0800,RG-0500,KL-1350,MO-0250
1806,BB-1600,AN-0400,RK-0100,TT-1850,NC-0150
1807,RR-0250,RS-1200,DR-0300,TS-3650,LW-0050
1808,AC-1200,JM-4150,JH-2250,HT-0600,JR-1600
1809,JP-2400,EM-0400,JK-0500,AG-0400,LJ-0850
1810,KD-1600,CR-0900,CW-1050,JT-3450,DF-1250
1811,RO-0400,AB-0120,PL-0250,JS-7450,JB-5750
1812,JJ-0650,DC-3000,SS-0400,MP-2000,DT-0550
1813,MM-5450,SL-0300,KL-1000,CC-1700,TC-2350
1814,JS-5700,MI-0200,MM-0925,AB-2100,JM-1130
1815,WB-0400,AS-2700,JW-0700,JJ-2100,GS-0400
1816,CL-1750,RS-1200,DR-0300,TS-3650,LW-0050
1817,RO-0400,JC-1000,LJ-0500,JS-7450,JB-5750
1818,AC-1200,JM-4150,JH-2250,JR-1600,GC-0400
1819,BB-1600,AN-0400,RK-0100,TT-1850,MR-0645
1820,MK-0150,CJ-1500,JS-7200,JB-3200,MH-1030
1821,AC-2200,LM-0200,GG-0320,PO-0150,DD-2300
1822,WB-0400,WR-0450,JW-0700,JJ-2100,GS-0400
1823,WS-1000,AL-0700,CS-3100,CW-0650,BS-3900
1824,AW-1100,MP-1400,RB-2275,KZ-0050,CB-2000
1825,JT-1600,JB-3550,RS-0950,JG-3100,MS-0550
1826,JV-0300,JC-4550,LS-0500,TL-0400,BM-0360
1827,MK-0150,VD-0300,JS-7200,JB-3200,MH-1030
1828,EF-0050,JL-2000,RH-3200,ZF-0300,RH-1000
1829,DD-2300,LM-0200,ED-0500,PO-0150,OC-0200
1830,WS-1000,AL-0700,CS-3100,CW-0650,JM-4100
1831,JS-5700,MI-0200,JL-2560,AB-2100,JM-1130
1832,JB-8200,RG-2350,RG-0500,KL-1350,JM-4950
1833,JM-4100,AL-0700,CS-3100,CW-0650,BS-3900
1834,JB-8200,RG-2350,RG-0500,MO-0250,JM-4950
1835,RR-0250,RS-1200,DR-0300,LW-0350,CL-1750
1836,JJ-0650,DC-3000,SS-0400,MP-2000,JF-3000
1837,BH-0650,BG-2200,JG-2400,JE-1000,ZS-0200
1838,JM-1450,JB-3900,JS-6950,GC-0300,RS-0650
1839,NS-0500,JK-1650,BS-4350,RW-1600,SV-0400
1840,AC-1200,JM-4150,KH-2250,LL-1200,XN-0100
1841,AW-1100,CB-2000,RB-2275,KZ-0050,EW-1500
1842,RR-0250,RS-1200,TS-3650,LW-0350,CL-1750
1843,AC-1200,AS-0920,KH-2250,LL-1200,JM-4150
1844,KD-1600,CR-0900,TR-0650,JS-3450,DF-1250
1845,DF-0600,OA-0050,DF-1850,WC-0200,BG-0500
1846,NS-0500,JK-1650,BS-4350,RW-1600,MC-0400
1847,JH-6500,KO-0750,JZ-0300,JU-0300,MY-0100
1848,JS-5700,MI-0200,MM-0925,JL-2560,AD-0600
1849,RO-0400,JC-1000,PL-0250,JS-7450,JB-5750
1850,AC-1200,JM-4150,KH-2250,LL-1200,JR-1600
1851,RR-0250,RS-1200,DR-0300,TS-3650,CL-1750
1852,JU-0300,KO-0750,JZ-0300,MY-0100,JH-6500
1853,RO-0400,JC-1000,MU-0400,JS-7450,AB-0120
1854,KB-0750,AV-0350,RF-0900,CH-4550,CW-0400
1855,NS-0500,MC-0400,JK-1650,SM-0850,RW-1600
1856,JB-8200,CL-0862,MS-2300,VD-0300,WM-0800
1857,DB-0350,DB-0750,JS-3500,LT-0150,CL-0975
1858,DS-4050,JR-1500,BG-2200,MM-5350,ZF-0300
1859,DB-4900,JA-0230,KL-0075,CC-1900,XS-0100
1860,DF-0600,BI-0100,JC-1000,DD-2525,NM-0200
1861,JT-1600,JB-3550,AM-0100,JG-3100,CE-0650
1862,AC-1200,JR-1600,LL-1200,HT-0600,KH-2250
1863,CG-1250,RI-0100,EW-1600,KU-0200,GI-0200
1864,TW-2800,TC-2350,SL-0300,AK-0950,KL-1000
1865,BA-0200,JF-3000,DT-0550,BT-1250,MP-2000
1866,LJ-0750,SY-0100,ZB-0100,AC-0250,SW-1900
1867,MO-0200,NC-0150,AN-0400,AS-0940,RK-0100
1868,RO-0400,AB-0120,JB-5750,DN-1450,PL-0250
1869,GR-0450,JB-6725,CW-1950,TB-0550,DR-1275
1870,JV-0300,BS-3050,MI-0200,TL-0400,LS-0500
1871,TA-0850,TL-0750,MU-0400,SK-0150,JE-1000
1872,RR-0250,CR-1175,MR-0100,LT-0650,TS-3650
1873,KD-1600,CH-0200,OF-0100,JT-3450,CW-1050
1874,TL-0775,JM-4100,BB-1600,QS-0075,BS-1150
1875,DS-3037,KP-0050,LM-0200,EK-0800,ES-1125
1876,DP-1100,KB-0500,GJ-0050,JF-0950,RH-3200
1877,AW-1100,JF-1750,CB-2000,RB-2275,TJ-1150
1878,EM-1300,JH-6500,KO-0750,JU-0300,JZ-0300
1879,TS-0150,MS-0525,EM-0400,MG-0250,MP-0250
1880,TS-2700,JM-4950,RL-0350,LC-0825,TF-1350
1881,EF-0075,JJ-2100,JP-4350,DR-1250,WR-0450
1882,JP-2400,AB-0500,MT-1100,JK-0500,DM-2750
1883,JM-1450,TP-1800,AL-0700,JS-6950,MP-0900
1884,JS-5700,AB-2100,IS-0150,MM-0925,JD-1750
1885,MK-0150,BF-1500,JB-3200,ZK-0200,MH-1030
1886,DS-4050,BG-2200,MM-5350,ZF-0300,LD-1000
1887,MO-0200,AS-0940,AN-0400,RK-0100,TT-1850
1888,DB-4900,KL-0075,OA-0050,JA-0230,XS-0100
1889,KB-0750,AV-0350,RF-0900,CH-4550,DL-0800
1890,DS-3037,KP-0050,LM-0200,JW-0925,ES-1125
1891,JB-8200,PO-0150,MS-2300,WM-0800,HG-0250
1892,NS-0500,MC-0400,JK-1650,SM-0850,DA-1425
1893,JM-1450,TP-1800,JL-2500,AL-0700,JS-6950
1894,GR-0450,DW-3250,JB-6725,CW-1950,TB-0550
1895,TS-2700,CB-3400,RL-0350,LC-0825,TF-1350
1896,JP-2400,MT-1100,AB-0500,JA-1890,JK-0500
1897,DB-0350,JS-3500,LT-0150,CL-0975,JT-3350
1898,DS-4050,BG-2200,JA-1050,MM-5350,ZF-0300
1899,MO-0200,AS-0940,DF-1475,AN-0400,FV-0100
1900,TW-2800,TC-2350,AK-0950,KL-1000,JL-1250
1901,JP-2400,MT-1100,AB-0500,JK-0500,JV-0100
1902,JM-1450,JL-2500,AL-0700,JS-6950,MP-0900
1903,KD-1600,CH-0200,OF-0100,TB-3975,CW-1050
1904,JS-5700,AB-2100,IS-0150,MM-0925,NE-0225
1905,TS-0150,TP-1800,EM-0400,MG-0250,MP-0250
1906,DB-4900,CC-1900,OA-0050,XS-0100,BB-3230
1907,AC-1200,JM-4150,LL-1200,KH-2250,JH-2250
1908,JB-8200,PO-0150,NB-0150,MS-2300,HG-0250
1909,DS-4050,JR-1500,BG-2200,JA-1050,MM-5350
1910,TW-2800,TC-2350,SL-0925,AK-0950,KL-1000
1911,LJ-0750,SY-0100,ZB-0100,LB-0750,SW-1900
1912,TA-0850,TH-1800,TL-0750,MM-2600,MU-0400
1913,TS-0150,MS-0525,TP-1800,EM-0400,MG-0250
1914,JS-5700,AB-2100,IS-0150,MM-0925,AT-0750
1915,MK-0150,AS-0850,BF-1500,JB-3200,NE-0225
1916,JB-8200,CL-0862,NB-0150,MS-2300,PO-0150
1917,DB-4900,CC-1900,OA-0050,XS-0100,BJ-1950
1918,MO-0200,AS-0940,AN-0400,FV-0100,RK-0100
1919,KD-1600,CH-0200,OF-0100,TB-3975,MO-0250
1920,MC-0400,CF-0675,JK-1650,SM-0850,DA-1425
1921,JP-2400,MT-1100,AB-0500,JK-0500,JA-1890
1922,CG-1250,JM-4950,RI-0100,EW-1600,KU-0200
1923,DS-3037,KP-0050,LM-0200,ES-1125,JH-2900
1924,TL-0775,JM-4100,BB-1600,QS-0075,AG-0250
1925,AV-0350,BS-3900,RF-0900,CH-4550,DL-0800
1926,TS-2700,CB-3400,LC-0825,RL-0350,TF-1350
1927,MO-0200,AS-0940,AN-0400,RK-0100,FV-0100
1928,MC-0400,CF-0675,SM-0850,BS-4350,DA-1425
1929,TL-0775,JM-4100,JP-3875,QS-0075,AG-0250
1930,TA-0850,AP-0450,TL-0750,MM-2600,MU-0400
1931,BA-0200,JF-3000,DT-0550,MP-2000,BT-1250
1932,GR-0450,DW-3250,GR-0300,CW-1950,TB-0550
1933,RH-1000,TP-1800,EM-0400,MG-0250,MP-0250
1934,JP-2400,AB-0500,TH-1020,JK-0500,JA-1890
1935,KD-1600,CH-0200,OF-0100,KW-0930,CW-1075
