uid,gid,player,pa,pc,py,ints,ra,sra,ry,trg,rec,recy,fuml,peny
40423,3990,TB-2300,6,5,27,0,1,1,2,0,0,0,0,0
40424,3990,RG-2200,0,0,0,0,0,0,0,4,3,23,0,0
40425,3990,DL-1700,0,0,0,0,2,1,9,0,0,0,0,0
40426,3990,JE-0100,0,0,0,0,0,0,0,1,1,3,0,0
40427,3990,BB-2250,0,0,0,0,2,0,0,0,0,0,0,0
40428,3990,SC-0400,0,0,0,0,0,0,0,1,1,1,0,0
40429,3990,DW-3600,0,0,0,0,6,4,22,0,0,0,0,0
40430,3990,WJ-0300,0,0,0,0,3,1,1,0,0,0,0,0
40431,3990,BR-1100,4,3,20,0,0,0,0,0,0,0,0,0
40432,3990,HM-0200,0,0,0,0,0,0,0,3,2,9,0,0
40433,3990,AB-3500,0,0,0,0,0,0,0,1,1,11,0,0
40434,3991,JC-6200,9,3,19,0,1,1,4,0,0,0,0,0
40435,3991,MF-1300,0,0,0,0,4,3,10,4,2,9,0,0
40436,3991,AR-1300,6,5,31,0,1,0,1,0,0,0,0,0
40437,3991,DA-0212,0,0,0,0,0,0,0,2,1,7,0,0
40438,3991,JJ-4200,0,0,0,0,0,0,0,2,2,14,0,0
40439,3991,AJ-0430,0,0,0,0,0,0,0,3,1,10,0,0
40440,3991,EL-0010,0,0,0,0,4,2,9,1,1,5,0,0
40441,3991,RC-1500,0,0,0,0,0,0,0,1,1,5,0,0
40442,3991,ER-0500,0,0,0,0,0,0,0,2,0,0,0,0
40443,3992,JC-2300,0,0,0,0,1,0,3,2,2,8,0,0
40444,3992,AS-1600,5,4,20,0,0,0,0,0,0,0,0,0
40445,3992,TK-0150,0,0,0,0,0,0,0,1,1,10,0,0
40446,3992,BH-1900,5,3,24,0,0,0,0,0,0,0,0,0
40447,3992,CS-1500,0,0,0,0,0,0,0,1,1,15,0,0
40448,3992,JG-3850,0,0,0,0,2,1,2,1,1,2,0,0
40449,3992,DH-3950,0,0,0,0,0,0,0,4,3,17,0,0
40450,3992,JM-0200,0,0,0,0,0,0,0,2,1,2,0,0
40451,3992,NW-0100,0,0,0,0,0,0,0,1,0,0,0,0
40452,3992,CP-1950,0,0,0,0,1,1,4,0,0,0,0,0
40453,3992,AB-1975,0,0,0,0,1,0,0,0,0,0,0,0
40454,3992,RM-0300,2,2,10,0,0,0,0,0,0,0,0,0
40455,3993,IC-0300,0,0,0,0,2,2,7,0,0,0,0,0
40456,3993,JM-2900,2,0,0,0,1,0,13,0,0,0,0,0
40457,3993,RH-3000,0,0,0,0,0,0,0,1,0,0,0,0
40458,3993,SD-0800,0,0,0,0,0,0,0,1,0,0,0,0
40459,3993,RF-0500,5,4,42,0,1,0,-1,0,0,0,0,0
40460,3993,CI-0300,0,0,0,0,7,5,31,1,1,9,0,0
40461,3993,BM-0300,0,0,0,0,0,0,0,2,2,18,0,10
40462,3993,JM-0850,1,0,0,0,1,0,3,0,0,0,0,5
40463,3993,AH-1900,0,0,0,0,0,0,0,1,0,0,0,0
40464,3993,ED-0200,0,0,0,0,0,0,0,1,1,15,0,0
40465,3993,BP-1200,0,0,0,0,2,1,5,1,0,0,0,0
40466,3993,TB-1720,0,0,0,0,1,0,2,0,0,0,0,0
40467,3994,LM-1000,0,0,0,0,3,3,18,0,0,0,0,0
40468,3994,MM-5700,0,0,0,0,0,0,0,0,0,0,0,10
40469,3994,KW-1150,0,0,0,0,1,1,5,0,0,0,0,0
40470,3994,AD-1300,0,0,0,0,2,2,5,0,0,0,0,0
40471,3994,JR-2775,0,0,0,0,2,0,2,0,0,0,0,0
40472,3994,AL-1100,8,4,16,0,1,1,11,0,0,0,0,0
40473,3994,TH-1850,0,0,0,0,0,0,0,2,1,5,0,0
40474,3994,AJ-0900,0,0,0,0,0,0,0,2,1,3,0,0
40475,3994,DA-0850,0,0,0,0,0,0,0,2,1,6,0,0
40476,3994,DM-2775,0,0,0,0,0,0,0,2,1,2,0,0
40477,3995,RT-0150,8,5,18,0,1,0,5,0,0,0,0,5
40478,3995,DW-3125,0,0,0,0,1,0,0,1,1,3,0,0
40479,3995,KC-2350,5,2,13,0,0,0,0,0,0,0,0,0
40480,3995,DC-0775,0,0,0,0,0,0,0,1,1,9,0,0
40481,3995,AM-2850,0,0,0,0,2,1,1,0,0,0,0,0
40482,3995,RG-1650,0,0,0,0,0,0,0,1,0,0,0,0
40483,3995,JR-1150,0,0,0,0,0,0,0,2,1,4,0,0
40484,3995,JC-0400,0,0,0,0,0,0,0,2,1,13,0,0
40485,3995,JL-0215,0,0,0,0,1,1,14,3,2,-1,0,0
40486,3995,RM-1500,0,0,0,0,0,0,0,1,1,3,0,0
40487,3995,KS-2350,0,0,0,0,0,0,0,1,0,0,0,0
40488,3995,CT-1220,0,0,0,0,0,0,0,1,0,0,0,0
40489,3996,CN-0500,5,3,24,0,2,1,5,0,0,0,0,0
40490,3996,JC-5400,0,0,0,0,0,0,0,2,1,7,0,0
40491,3996,TG-0900,0,0,0,0,0,0,0,1,0,0,0,0
40492,3996,GO-0100,0,0,0,0,0,0,0,1,1,11,0,10
40493,3996,JS-6700,0,0,0,0,4,0,-5,0,0,0,0,0
40494,3996,BB-2425,5,2,4,0,1,1,11,0,0,0,0,0
40495,3996,RG-1812,0,0,0,0,0,0,0,2,1,1,0,0
40496,3996,TY-0150,0,0,0,0,1,0,3,0,0,0,0,0
40497,3996,AR-1250,0,0,0,0,0,0,0,2,0,0,0,0
40498,3996,AH-3900,0,0,0,0,0,0,0,1,1,3,1,0
40499,3996,FW-0750,0,0,0,0,1,0,0,0,0,0,0,0
40500,3996,MT-1300,0,0,0,0,0,0,0,1,1,6,0,0
40501,3997,TA-1050,0,0,0,0,1,1,16,1,0,0,0,0
40502,3997,BC-3070,0,0,0,0,2,1,5,0,0,0,0,0
40503,3997,RW-3850,10,5,25,0,2,2,12,0,0,0,0,0
40504,3997,JK-0250,0,0,0,0,0,0,0,3,2,14,0,0
40505,3997,ML-2500,0,0,0,0,1,0,-1,2,1,3,0,0
40506,3997,JG-2900,0,0,0,0,0,0,0,4,2,8,0,0
40507,3997,NF-0250,1,0,0,0,1,1,1,0,0,0,0,0
40508,3997,LW-1450,0,0,0,0,0,0,0,1,0,0,0,0
40509,3997,FJ-0100,0,0,0,0,1,0,1,0,0,0,0,0
40510,3998,AE-0750,0,0,0,0,2,1,-1,1,0,0,0,0
40511,3998,CP-0500,3,2,27,0,0,0,0,0,0,0,0,0
40512,3998,JB-6950,0,0,0,0,0,0,0,1,1,10,0,0
40513,3998,DB-3800,7,6,24,0,0,0,0,0,0,0,0,0
40514,3998,BC-2325,0,0,0,0,0,0,0,1,0,0,0,0
40515,3998,MI-0100,0,0,0,0,2,0,3,2,2,4,0,0
40516,3998,AJ-1125,0,0,0,0,0,0,0,2,2,5,0,0
40517,3998,BC-1850,0,0,0,0,0,0,0,1,1,12,0,0
40518,3998,KR-1050,0,0,0,0,0,0,0,1,1,3,0,0
40519,3998,DF-0550,0,0,0,0,0,0,0,1,1,17,0,0
40520,3999,PR-0300,9,7,58,1,0,0,0,0,0,0,0,0
40521,3999,DW-4300,0,0,0,0,6,3,18,2,1,7,0,0
40522,3999,MS-4100,1,1,18,0,0,0,0,0,0,0,0,0
40523,3999,EE-0050,0,0,0,0,0,0,0,1,1,18,0,0
40524,3999,MF-0800,0,0,0,0,0,0,0,1,0,0,0,0
40525,3999,LG-0750,0,0,0,0,0,0,0,2,2,12,0,0
40526,3999,KA-0650,0,0,0,0,0,0,0,2,2,13,0,0
40527,3999,SJ-0600,0,0,0,0,0,0,0,2,2,26,0,0
40528,4000,MM-0912,4,4,35,0,1,0,-3,0,0,0,0,0
40529,4000,BS-0650,0,0,0,0,1,1,1,1,1,12,0,0
40530,4000,DM-0450,0,0,0,0,1,0,0,1,1,2,0,0
40531,4000,JW-5650,9,3,11,0,0,0,0,0,0,0,0,0
40532,4000,AS-0550,0,0,0,0,0,0,0,1,1,5,0,0
40533,4000,TW-1350,0,0,0,0,3,2,2,0,0,0,0,0
40534,4000,HD-0300,0,0,0,0,0,0,0,1,1,4,0,0
40535,4000,AF-0200,0,0,0,0,0,0,0,1,1,18,0,0
40536,4000,DW-0500,0,0,0,0,0,0,0,1,1,1,0,0
40537,4000,VJ-0100,0,0,0,0,0,0,0,4,0,0,0,10
40538,4000,LM-1800,0,0,0,0,0,0,0,1,0,0,0,0
40539,4000,BR-0050,0,0,0,0,1,1,7,1,1,4,0,0
40540,4000,CS-1950,0,0,0,0,0,0,0,1,0,0,0,0
40541,4001,JH-4025,0,0,0,0,8,4,15,0,0,0,0,0
40542,4001,AD-0100,8,5,30,0,0,0,0,0,0,0,0,0
40543,4001,MS-0150,0,0,0,0,0,0,0,1,1,6,0,0
40544,4001,AG-1500,0,0,0,0,0,0,0,2,1,0,0,0
40545,4001,GB-0350,0,0,0,0,2,1,7,1,1,3,0,0
40546,4001,MJ-2250,0,0,0,0,0,0,0,1,0,0,0,0
40547,4001,TE-0300,0,0,0,0,0,0,0,2,2,21,0,0
40548,4001,RH-1875,0,0,0,0,0,0,0,1,0,0,0,0
40549,4001,MM-2570,4,3,28,0,0,0,0,0,0,0,0,0
40550,4001,RS-3250,0,0,0,0,0,0,0,1,1,8,0,0
40551,4001,MR-0500,0,0,0,0,0,0,0,2,2,20,0,0
40552,4001,MC-2900,0,0,0,0,0,0,0,1,0,0,0,0
40553,4002,RH-2350,0,0,0,0,1,0,-4,0,0,0,0,0
40554,4002,JF-1900,5,1,1,1,0,0,0,0,0,0,0,0
40555,4002,KJ-1400,0,0,0,0,0,0,0,1,1,1,0,0
40556,4002,SS-2100,0,0,0,0,0,0,0,2,0,0,0,0
40557,4002,JF-2800,0,0,0,0,0,0,0,1,0,0,0,0
40558,4002,CG-1030,0,0,0,0,0,0,0,1,0,0,0,0
40559,4003,JR-0250,0,0,0,0,1,0,0,0,0,0,0,0
40560,4003,TR-0800,12,8,54,0,0,0,0,0,0,0,0,0
40561,4003,JW-6000,0,0,0,0,0,0,0,3,3,17,0,5
40562,4003,TW-2270,0,0,0,0,0,0,0,2,1,8,0,0
40563,4003,LD-0850,0,0,0,0,0,0,0,1,1,7,0,0
40564,4003,DB-5300,0,0,0,0,0,0,0,3,1,4,0,0
40565,4003,EM-0200,5,3,24,0,0,0,0,0,0,0,0,0
40566,4003,OB-0075,0,0,0,0,0,0,0,2,2,19,0,0
40567,4003,AW-1350,0,0,0,0,2,0,3,0,0,0,0,0
40568,4003,LD-0650,0,0,0,0,0,0,0,1,1,5,0,0
40569,4003,PP-0100,0,0,0,0,0,0,0,1,0,0,0,0
40570,4003,DM-1600,0,0,0,0,1,0,1,0,0,0,0,0
40571,4003,GE-0250,0,0,0,0,0,0,0,1,1,2,0,0
40572,4003,RJ-0800,0,0,0,0,4,3,0,0,0,0,0,0
40573,4003,CB-1130,0,0,0,0,0,0,0,2,1,16,0,0
40574,4004,DF-1875,0,0,0,0,3,1,-2,1,1,10,0,0
40575,4004,MR-2500,3,2,14,1,0,0,0,0,0,0,0,0
40576,4004,RW-2200,0,0,0,0,0,0,0,1,0,0,0,0
40577,4004,TC-2050,0,0,0,0,1,0,2,0,0,0,0,0
40578,4004,JJ-4700,0,0,0,0,0,0,0,1,1,4,0,0
40579,4004,DM-4300,0,0,0,0,3,2,13,2,1,5,0,0
40580,4004,SB-1100,5,2,24,0,0,0,0,0,0,0,0,0
40581,4004,ZE-0100,0,0,0,0,0,0,0,1,0,0,0,0
40582,4004,JM-1550,0,0,0,0,0,0,0,2,1,19,0,0
40583,4004,RM-1200,0,0,0,0,1,1,1,0,0,0,0,0
40584,4005,CK-0100,5,1,8,0,0,0,0,0,0,0,0,0
40585,4005,VD-0100,0,0,0,0,0,0,0,1,0,0,0,0
40586,4005,RB-4900,0,0,0,0,0,0,0,1,0,0,0,0
40587,4005,CH-5000,0,0,0,0,5,4,40,1,1,8,0,0
40588,4005,AB-2000,0,0,0,0,0,0,0,1,0,0,0,0
40589,4005,TB-2650,2,0,0,0,0,0,0,0,0,0,0,0
40590,4005,JW-6560,0,0,0,0,0,0,0,1,0,0,0,0
40591,4005,TS-2300,0,0,0,0,0,0,0,1,0,0,0,0
40592,4006,JC-2300,0,0,0,0,3,1,18,3,3,-4,1,0
40593,4006,AS-1600,6,3,-4,1,0,0,0,0,0,0,0,0
40594,4006,JM-0200,0,0,0,0,1,0,-3,1,0,0,0,0
40595,4006,PM-0200,8,5,46,0,0,0,0,0,0,0,0,0
40596,4006,VG-0300,0,0,0,0,0,0,0,2,1,1,0,0
40597,4006,JN-1900,0,0,0,0,0,0,0,3,2,10,0,0
40598,4006,ES-0200,0,0,0,0,0,0,0,2,2,35,0,0
40599,4006,RH-2350,0,0,0,0,2,1,7,0,0,0,0,0
40600,4006,TK-0150,0,0,0,0,0,0,0,1,0,0,0,0
40601,4006,DT-0850,0,0,0,0,0,0,0,1,0,0,0,0
40602,4006,KD-0450,0,0,0,0,1,1,8,0,0,0,0,0
40603,4006,AC-0100,0,0,0,0,0,0,0,1,0,0,0,0
40604,4007,CN-0500,3,1,7,0,2,1,5,0,0,0,0,0
40605,4007,GO-0100,0,0,0,0,0,0,0,1,0,0,0,0
40606,4007,JS-6700,0,0,0,0,1,0,3,0,0,0,0,0
40607,4007,RM-0300,9,3,22,0,1,1,6,0,0,0,0,12
40608,4007,DH-3950,0,0,0,0,0,0,0,2,1,8,0,0
40609,4007,CP-1950,0,0,0,0,1,0,0,1,0,0,0,0
40610,4007,GG-0400,0,0,0,0,0,0,0,1,1,7,0,0
40611,4007,MT-1300,0,0,0,0,1,1,4,2,1,7,0,0
40612,4007,CS-1500,0,0,0,0,0,0,0,3,1,7,0,0
40613,4007,NW-0100,0,0,0,0,0,0,0,1,0,0,0,0
40614,4008,BR-1100,4,3,22,0,0,0,0,0,0,0,0,0
40615,4008,MW-1250,0,0,0,0,0,0,0,1,0,0,0,0
40616,4008,DW-3600,0,0,0,0,7,7,32,0,0,0,0,0
40617,4008,HM-0200,0,0,0,0,0,0,0,2,2,15,0,0
40618,4008,CK-0100,15,8,41,0,1,0,2,0,0,0,0,5
40619,4008,VM-0250,0,0,0,0,0,0,0,1,0,0,0,0
40620,4008,CH-5000,0,0,0,0,1,0,2,0,0,0,0,0
40621,4008,GC-0350,0,0,0,0,0,0,0,1,1,3,0,0
40622,4008,TS-2300,0,0,0,0,0,0,0,2,1,-3,0,0
40623,4008,VD-0100,0,0,0,0,0,0,0,1,1,7,0,0
40624,4008,MD-0150,0,0,0,0,5,2,7,3,2,4,0,0
40625,4008,BM-2600,0,0,0,0,0,0,0,2,1,7,0,0
40626,4008,BB-1550,0,0,0,0,0,0,0,1,0,0,0,0
40627,4008,AB-2000,0,0,0,0,0,0,0,3,1,14,0,0
40628,4008,AB-3500,0,0,0,0,0,0,0,1,1,7,0,0
40629,4008,QP-0050,0,0,0,0,0,0,0,1,1,9,0,0
40630,4009,MI-0100,0,0,0,0,4,3,20,0,0,0,0,0
40631,4009,JW-5650,3,1,15,0,1,1,1,0,0,0,0,0
40632,4009,VJ-0100,0,0,0,0,0,0,0,2,1,15,0,0
40633,4009,DM-0450,0,0,0,0,4,1,10,0,0,0,0,0
40634,4009,ME-0600,0,0,0,0,0,0,0,0,0,0,0,10
40635,4009,AS-0550,0,0,0,0,0,0,0,1,0,0,0,0
40636,4009,CS-3400,0,0,0,0,1,1,7,0,0,0,0,0
40637,4009,AJ-1125,0,0,0,0,1,1,1,0,0,0,0,0
40638,4009,DB-3800,1,1,16,0,0,0,0,0,0,0,0,0
40639,4009,WS-0925,0,0,0,0,0,0,0,1,1,16,0,0
40640,4009,CS-1950,0,0,0,0,1,0,-2,0,0,0,0,0
40641,4010,AP-0700,0,0,0,0,12,5,15,1,1,9,1,0
40642,4010,TB-2650,4,2,14,0,4,3,13,0,0,0,0,0
40643,4010,KR-1200,0,0,0,0,0,0,0,3,1,5,0,0
40644,4010,MS-4100,9,5,47,0,0,0,0,0,0,0,0,0
40645,4010,AA-0025,0,0,0,0,0,0,0,1,1,9,0,0
40646,4010,LM-1500,0,0,0,0,0,0,0,2,1,7,0,0
40647,4010,GT-0100,0,0,0,0,0,0,0,1,0,0,0,0
40648,4010,JM-3450,0,0,0,0,2,0,3,0,0,0,0,0
40649,4010,TR-0370,0,0,0,0,0,0,0,1,1,8,0,0
40650,4010,CJ-1100,0,0,0,0,0,0,0,2,1,11,0,0
40651,4010,ZL-0200,0,0,0,0,1,1,1,0,0,0,0,0
40652,4010,EE-0050,0,0,0,0,0,0,0,1,1,12,0,0
40653,4011,CJ-1700,0,0,0,0,6,5,23,0,0,0,0,0
40654,4011,CP-0500,3,3,23,0,0,0,0,0,0,0,0,0
40655,4011,JB-6750,0,0,0,0,0,0,0,1,1,6,0,0
40656,4011,JL-0280,0,0,0,0,1,1,1,0,0,0,0,0
40657,4011,LF-0200,0,0,0,0,0,0,0,2,2,17,0,0
40658,4011,JC-3100,2,2,8,0,0,0,0,0,0,0,0,0
40659,4011,ER-0500,0,0,0,0,0,0,0,1,1,-1,0,0
40660,4011,MF-1300,0,0,0,0,1,0,-2,1,1,9,0,0
40661,4011,DJ-1325,0,0,0,0,1,1,13,0,0,0,0,0
40662,4012,LM-1000,0,0,0,0,2,1,8,0,0,0,0,0
40663,4012,KW-1150,0,0,0,0,2,1,4,0,0,0,0,0
40664,4012,TT-0500,2,2,20,0,1,1,7,0,0,0,0,0
40665,4012,CH-3350,0,0,0,0,0,0,0,1,1,11,0,0
40666,4012,RG-2200,0,0,0,0,0,0,0,1,1,2,0,5
40667,4012,TB-2300,9,6,36,0,0,0,0,0,0,0,0,0
40668,4012,JE-0100,0,0,0,0,0,0,0,4,3,22,0,0
40669,4012,DL-1700,0,0,0,0,3,3,21,0,0,0,0,0
40670,4012,AD-1450,0,0,0,0,0,0,0,2,2,12,0,0
40671,4012,CC-2100,0,0,0,0,0,0,0,1,1,9,0,0
40672,4012,SC-0400,0,0,0,0,0,0,0,2,0,0,0,0
40673,4012,LB-0500,0,0,0,0,2,0,4,0,0,0,0,0
40674,4013,AD-0100,8,3,28,0,1,1,6,0,0,0,0,0
40675,4013,MJ-2250,0,0,0,0,0,0,0,2,1,3,0,5
40676,4013,AG-1500,0,0,0,0,0,0,0,2,1,16,0,0
40677,4013,GB-0350,0,0,0,0,6,3,23,0,0,0,0,0
40678,4013,TE-0300,0,0,0,0,0,0,0,2,1,9,0,0
40679,4013,DW-4300,0,0,0,0,1,1,5,0,0,0,0,0
40680,4013,PR-0300,1,1,10,0,0,0,0,0,0,0,0,0
40681,4013,SJ-0600,0,0,0,0,0,0,0,1,1,10,0,0
40682,4013,RH-1875,0,0,0,0,0,0,0,1,0,0,0,0
40683,4013,MS-0150,0,0,0,0,0,0,0,1,0,0,0,0
40684,4013,TK-0850,0,0,0,0,0,0,0,0,0,0,0,10
40685,4014,IC-0300,0,0,0,0,2,1,11,0,0,0,0,0
40686,4014,JM-0850,0,0,0,0,1,0,0,0,0,0,0,0
40687,4014,MM-0912,6,3,34,0,0,0,0,0,0,0,1,0
40688,4014,AF-0200,0,0,0,0,0,0,0,1,1,19,0,0
40689,4014,CC-3200,0,0,0,0,0,0,0,1,1,2,0,5
40690,4014,BS-0650,0,0,0,0,1,0,4,2,0,0,0,0
40691,4014,HD-0300,0,0,0,0,0,0,0,1,0,0,0,0
40692,4014,DG-2650,0,0,0,0,0,0,0,1,1,13,0,0
40693,4015,TC-2050,0,0,0,0,2,1,3,1,0,0,0,0
40694,4015,MR-2500,4,2,21,0,0,0,0,0,0,0,0,0
40695,4015,LH-0600,0,0,0,0,0,0,0,2,2,21,0,0
40696,4015,EM-0200,4,3,22,0,1,0,5,0,0,0,1,0
40697,4015,DH-1800,0,0,0,0,0,0,0,0,0,0,0,5
40698,4015,PP-0100,0,0,0,0,0,0,0,2,2,12,0,0
40699,4015,LD-0650,0,0,0,0,0,0,0,2,1,10,0,0
40700,4015,AW-1350,0,0,0,0,1,0,2,0,0,0,0,0
40701,4015,DF-1875,0,0,0,0,4,3,7,0,0,0,0,0
40702,4015,JT-0300,0,0,0,0,0,0,0,0,0,0,0,10
40703,4015,JJ-4700,0,0,0,0,0,0,0,1,0,0,0,0
40704,4016,JR-1150,0,0,0,0,0,0,0,0,0,0,0,10
40705,4016,MJ-2275,0,0,0,0,4,3,17,0,0,0,0,0
40706,4016,KC-2350,2,2,12,0,0,0,0,0,0,0,0,0
40707,4016,RG-1650,0,0,0,0,0,0,0,1,1,8,0,0
40708,4016,AM-2850,0,0,0,0,4,0,5,0,0,0,0,0
40709,4016,PG-0100,0,0,0,0,0,0,0,1,1,4,0,0
40710,4017,TY-0150,0,0,0,0,6,4,24,0,0,0,0,0
40711,4017,BB-2425,3,2,3,0,0,0,0,0,0,0,0,0
40712,4017,AR-1250,0,0,0,0,0,0,0,1,1,3,0,0
40713,4017,RG-1812,0,0,0,0,0,0,0,1,1,0,0,0
40714,4017,ML-1500,0,0,0,0,0,0,0,1,0,0,0,0
40715,4017,LM-1150,0,0,0,0,3,1,5,0,0,0,0,0
40716,4017,RT-0150,3,3,28,0,0,0,0,0,0,0,0,0
40717,4017,DW-3125,0,0,0,0,0,0,0,1,1,10,0,0
40718,4017,JL-0215,0,0,0,0,0,0,0,1,1,13,0,0
40719,4017,JS-7050,0,0,0,0,0,0,0,1,1,5,0,0
40720,4017,BP-0650,0,0,0,0,1,0,0,0,0,0,0,0
40721,4018,LM-1850,0,0,0,0,2,1,3,0,0,0,0,0
40722,4018,DC-0725,4,1,12,0,0,0,0,0,0,0,0,0
40723,4018,MR-0970,0,0,0,0,0,0,0,1,0,0,0,0
40724,4018,MC-2900,0,0,0,0,0,0,0,1,0,0,0,0
40725,4018,JF-2800,0,0,0,0,5,2,8,0,0,0,0,0
40726,4018,JF-1900,11,4,21,0,1,1,2,0,0,0,0,0
40727,4018,SS-2100,0,0,0,0,0,0,0,3,0,0,0,0
40728,4018,KA-0400,0,0,0,0,0,0,0,1,0,0,0,0
40729,4018,JA-1025,0,0,0,0,1,1,5,1,1,2,0,0
40730,4018,CG-1030,0,0,0,0,0,0,0,2,1,9,0,0
40731,4018,DW-0675,0,0,0,0,0,0,0,1,0,0,0,0
40732,4018,LT-0050,0,0,0,0,1,1,7,2,2,10,0,0
40733,4018,MB-4050,0,0,0,0,0,0,0,1,0,0,0,0
40734,4018,CW-0225,0,0,0,0,0,0,0,1,0,0,0,0
40735,4018,SR-0750,0,0,0,0,0,0,0,1,1,12,0,0
40736,4019,JR-0250,0,0,0,0,2,0,3,0,0,0,0,0
40737,4019,TR-0800,5,2,11,0,1,1,12,0,0,0,0,0
40738,4019,GE-0250,0,0,0,0,0,0,0,2,1,13,0,0
40739,4019,JW-6000,0,0,0,0,0,0,0,1,0,0,0,0
40740,4019,CB-1130,0,0,0,0,0,0,0,1,1,-2,0,0
40741,4019,TW-2270,0,0,0,0,0,0,0,1,0,0,0,0
40742,4019,SB-1100,6,4,29,1,0,0,0,0,0,0,0,5
40743,4019,JH-5750,0,0,0,0,0,0,0,1,1,9,0,0
40744,4019,DM-4300,0,0,0,0,3,2,11,1,1,4,0,0
40745,4019,NA-0050,0,0,0,0,0,0,0,1,0,0,0,0
40746,4019,ZE-0100,0,0,0,0,0,0,0,1,0,0,0,0
40747,4019,JM-1550,0,0,0,0,0,0,0,2,2,16,0,0
40748,4020,AR-1300,6,4,21,0,1,0,1,0,0,0,0,0
40749,4020,RC-1500,0,0,0,0,0,0,0,1,1,9,0,0
40750,4020,JJ-4200,0,0,0,0,0,0,0,1,0,0,0,0
40751,4020,RR-1050,0,0,0,0,0,0,0,2,1,5,0,0
40752,4020,RW-3850,3,3,19,0,1,1,10,0,0,0,0,0
40753,4020,ML-2500,0,0,0,0,1,0,-1,1,1,1,0,0
40754,4020,FJ-0100,0,0,0,0,0,0,0,1,1,5,0,0
40755,4020,DB-0500,0,0,0,0,0,0,0,1,1,13,0,0
40756,4020,TM-3150,0,0,0,0,0,0,0,2,2,7,0,0
40757,4020,JS-6200,0,0,0,0,2,0,4,0,0,0,0,0
40758,4021,RF-0500,4,2,21,0,0,0,0,0,0,0,0,0
40759,4021,ED-0200,0,0,0,0,0,0,0,2,1,6,0,0
40760,4021,CI-0300,0,0,0,0,4,0,1,0,0,0,0,0
40761,4021,JR-2775,0,0,0,0,2,2,10,0,0,0,0,0
40762,4021,AL-1100,3,1,7,0,1,1,5,0,0,0,0,0
40763,4021,JR-1600,0,0,0,0,0,0,0,1,0,0,0,0
40764,4021,TH-1850,0,0,0,0,0,0,0,2,1,7,0,0
40765,4021,BP-1200,0,0,0,0,1,1,3,1,0,0,0,0
40766,4021,FG-0200,0,0,0,0,4,0,4,0,0,0,1,0
40767,4021,BM-0300,0,0,0,0,0,0,0,1,1,15,0,0
40768,4022,EM-0200,6,2,13,0,0,0,0,0,0,0,0,0
40769,4022,OB-0075,0,0,0,0,0,0,0,1,1,6,0,0
40770,4022,RR-0130,0,0,0,0,0,0,0,1,1,7,0,0
40771,4022,AW-1350,0,0,0,0,2,1,1,0,0,0,0,0
40772,4022,LD-0650,0,0,0,0,0,0,0,2,0,0,0,0
40773,4022,RJ-0800,0,0,0,0,1,0,2,0,0,0,0,0
40774,4022,SV-0200,0,0,0,0,0,0,0,1,0,0,0,0
40775,4022,DH-1800,0,0,0,0,0,0,0,1,0,0,0,0
40776,4022,MJ-2275,0,0,0,0,2,1,6,0,0,0,0,0
40777,4022,KC-2350,6,2,11,0,0,0,0,0,0,0,0,5
40778,4022,AR-1100,0,0,0,0,0,0,0,2,0,0,0,0
40779,4022,JR-1150,0,0,0,0,0,0,0,1,0,0,0,0
40780,4022,RG-1650,0,0,0,0,0,0,0,1,0,0,0,0
40781,4022,CT-1220,0,0,0,0,0,0,0,2,2,11,0,0
40782,4023,JR-0250,0,0,0,0,2,2,2,0,0,0,0,0
40783,4023,MR-2500,11,7,38,0,0,0,0,0,0,0,0,0
40784,4023,LH-0600,0,0,0,0,0,0,0,1,0,0,0,0
40785,4023,JJ-4700,0,0,0,0,0,0,0,6,4,28,0,0
40786,4023,DF-1875,0,0,0,0,8,6,29,2,2,4,0,0
40787,4023,DM-1600,0,0,0,0,3,3,19,0,0,0,0,0
40788,4023,NW-0500,0,0,0,0,0,0,0,1,1,6,0,0
40789,4024,FG-0200,0,0,0,0,3,2,7,0,0,0,0,0
40790,4024,MM-0912,9,3,15,0,0,0,0,0,0,0,0,0
40791,4024,KW-2550,0,0,0,0,0,0,0,4,2,12,0,0
40792,4024,JH-6400,0,0,0,0,0,0,0,1,0,0,0,0
40793,4024,BS-0650,0,0,0,0,2,1,7,0,0,0,0,0
40794,4024,AA-1350,0,0,0,0,4,2,12,0,0,0,0,0
40795,4024,JF-2950,0,0,0,0,3,3,6,0,0,0,0,0
40796,4024,DG-2650,0,0,0,0,0,0,0,2,1,3,0,0
40797,4024,AL-1100,2,2,15,0,0,0,0,0,0,0,0,0
40798,4024,DM-2775,0,0,0,0,0,0,0,1,1,11,0,0
40799,4024,JD-2550,0,0,0,0,0,0,0,1,1,4,0,0
40800,4024,JR-2775,0,0,0,0,1,1,5,0,0,0,0,0
40801,4024,AF-0200,0,0,0,0,0,0,0,1,0,0,0,0
40802,4025,DC-0725,7,4,35,0,0,0,0,0,0,0,0,0
40803,4025,RH-1600,0,0,0,0,0,0,0,1,1,12,0,0
40804,4025,LM-1850,0,0,0,0,8,4,27,0,0,0,0,0
40805,4025,MC-2900,0,0,0,0,0,0,0,2,0,0,0,10
40806,4025,AH-3600,0,0,0,0,0,0,0,1,1,3,0,0
40807,4025,IC-0300,0,0,0,0,3,1,17,0,0,0,0,0
40808,4025,JM-2900,7,2,15,0,0,0,0,0,0,0,0,0
40809,4025,GB-0200,0,0,0,0,0,0,0,2,0,0,0,0
40810,4025,SR-0750,0,0,0,0,0,0,0,3,2,20,0,0
40811,4025,MR-0500,0,0,0,0,1,0,1,0,0,0,0,0
40812,4025,TJ-2400,0,0,0,0,1,1,7,0,0,0,0,0
40813,4025,TB-1060,0,0,0,0,0,0,0,2,1,4,0,0
40814,4025,AH-1900,0,0,0,0,0,0,0,2,0,0,0,0
40815,4025,TG-0025,0,0,0,0,0,0,0,1,1,11,0,0
40816,4026,JH-4025,0,0,0,0,4,1,10,0,0,0,0,0
40817,4026,AG-1500,0,0,0,0,0,0,0,3,1,7,0,5
40818,4026,AD-0100,9,3,32,1,3,1,5,0,0,0,0,10
40819,4026,MJ-2250,0,0,0,0,0,0,0,2,1,16,0,0
40820,4026,MS-0150,0,0,0,0,0,0,0,2,1,9,0,0
40821,4026,GB-0350,0,0,0,0,4,1,17,0,0,0,0,0
40822,4026,TE-0300,0,0,0,0,0,0,0,2,0,0,0,0
40823,4026,JF-1900,3,3,23,0,0,0,0,0,0,0,0,0
40824,4026,SS-2100,0,0,0,0,0,0,0,2,2,23,0,0
40825,4026,LT-0050,0,0,0,0,1,0,1,0,0,0,0,0
40826,4026,MC-0150,0,0,0,0,0,0,0,1,1,0,0,0
40827,4027,TB-2300,10,6,51,0,0,0,0,0,0,0,0,0
40828,4027,RG-2200,0,0,0,0,0,0,0,2,0,0,0,0
40829,4027,DL-1700,0,0,0,0,4,3,16,0,0,0,0,0
40830,4027,BB-2425,4,2,17,0,0,0,0,0,0,0,0,0
40831,4027,CG-1950,0,0,0,0,0,0,0,1,0,0,0,0
40832,4027,TY-0150,0,0,0,0,1,0,0,0,0,0,0,0
40833,4027,JE-0100,0,0,0,0,0,0,0,2,1,4,0,0
40834,4027,DA-0900,0,0,0,0,0,0,0,2,2,9,0,0
40835,4027,LB-0500,0,0,0,0,9,5,9,0,0,0,0,0
40836,4027,KM-0450,0,0,0,0,0,0,0,1,1,13,0,0
40837,4027,SC-0400,0,0,0,0,0,0,0,2,2,25,0,0
40838,4027,AD-1450,0,0,0,0,0,0,0,1,0,0,0,0
40839,4027,CH-1200,0,0,0,0,0,0,0,3,2,17,0,0
40840,4028,LM-0800,2,1,5,0,0,0,0,0,0,0,0,0
40841,4028,WS-0925,0,0,0,0,0,0,0,2,1,5,0,0
40842,4028,MI-0100,0,0,0,0,3,3,17,0,0,0,0,0
40843,4028,MT-1300,0,0,0,0,4,3,13,0,0,0,0,0
40844,4028,CN-0500,6,4,45,0,3,3,15,0,0,0,0,0
40845,4028,RB-3100,0,0,0,0,0,0,0,0,0,0,0,10
40846,4028,JS-6700,0,0,0,0,2,0,4,0,0,0,0,0
40847,4028,GO-0100,0,0,0,0,0,0,0,5,4,45,0,0
40848,4028,DF-2200,0,0,0,0,0,0,0,1,0,0,0,0
40849,4028,KR-1050,0,0,0,0,1,1,2,0,0,0,0,0
40850,4029,DS-3300,0,0,0,0,3,2,3,1,0,0,0,0
40851,4029,RM-1200,0,0,0,0,3,3,19,0,0,0,0,0
40852,4029,SB-1100,3,1,4,0,0,0,0,0,0,0,0,0
40853,4029,MA-1400,0,0,0,0,0,0,0,1,0,0,0,0
40854,4029,JM-1550,0,0,0,0,0,0,0,1,1,4,0,0
40855,4029,RF-0500,6,4,32,0,1,1,1,0,0,0,0,0
40856,4029,DS-3031,0,0,0,0,0,0,0,1,0,0,0,0
40857,4029,BM-0300,0,0,0,0,0,0,0,3,2,18,0,0
40858,4029,QE-0100,0,0,0,0,0,0,0,1,1,7,0,0
40859,4029,JK-1000,0,0,0,0,0,0,0,1,1,7,0,0
40860,4030,AB-1975,0,0,0,0,5,3,30,0,0,0,0,0
40861,4030,RM-0300,3,2,10,0,0,0,0,0,0,0,0,0
40862,4030,JG-3850,0,0,0,0,0,0,0,1,1,5,0,0
40863,4030,NW-0100,0,0,0,0,0,0,0,1,0,0,0,0
40864,4030,DH-3950,0,0,0,0,0,0,0,1,1,5,0,0
40865,4030,CS-1950,0,0,0,0,1,0,3,0,0,0,0,0
40866,4030,JW-5650,2,0,0,0,0,0,0,0,0,0,0,0
40867,4030,ME-0600,0,0,0,0,0,0,0,2,0,0,0,0
40868,4030,JP-4187,0,0,0,0,1,0,1,0,0,0,0,0
40869,4031,AP-0700,0,0,0,0,6,5,28,0,0,0,0,0
40870,4031,TB-2650,1,0,0,0,0,0,0,0,0,0,0,0
40871,4031,KR-1200,0,0,0,0,0,0,0,1,0,0,0,0
40872,4031,ZL-0200,0,0,0,0,1,1,1,0,0,0,0,0
40873,4031,PR-0300,3,0,0,1,0,0,0,0,0,0,0,0
40874,4031,MF-0800,0,0,0,0,0,0,0,2,0,0,0,0
40875,4031,SJ-0600,0,0,0,0,0,0,0,1,0,0,0,0
40876,4031,KC-1400,1,1,19,0,0,0,0,0,0,0,0,0
40877,4031,KA-0650,0,0,0,0,0,0,0,1,1,19,0,0
40878,4032,BR-1100,5,3,13,0,0,0,0,0,0,0,0,0
40879,4032,HM-0200,0,0,0,0,0,0,0,2,1,8,0,0
40880,4032,LB-0250,0,0,0,0,3,2,2,2,1,9,0,0
40881,4032,AB-3500,0,0,0,0,0,0,0,1,1,-4,0,0
40882,4032,TM-0650,0,0,0,0,1,0,-2,0,0,0,0,0
40883,4032,JC-4300,0,0,0,0,0,0,0,1,0,0,0,5
40884,4032,NF-0250,1,0,0,0,1,0,10,0,0,0,0,0
40885,4033,CP-0500,7,3,24,0,0,0,0,0,0,0,0,0
40886,4033,MF-0950,0,0,0,0,0,0,0,2,1,12,0,0
40887,4033,CJ-1700,0,0,0,0,4,3,9,0,0,0,0,0
40888,4033,JG-3700,0,0,0,0,0,0,0,1,0,0,0,0
40889,4033,CK-0100,1,1,14,0,1,1,12,0,0,0,0,0
40890,4033,AB-2000,0,0,0,0,0,0,0,1,1,14,0,0
40891,4033,CH-5000,0,0,0,0,1,0,-7,0,0,0,0,0
40892,4033,LF-0200,0,0,0,0,0,0,0,3,2,12,0,0
40893,4033,DJ-1325,0,0,0,0,1,1,5,0,0,0,0,0
40894,4033,ST-0250,0,0,0,0,3,1,4,0,0,0,0,0
40895,4034,LM-1000,0,0,0,0,1,1,5,1,1,10,0,0
40896,4034,AD-1300,0,0,0,0,2,0,1,0,0,0,0,0
40897,4034,TT-0500,3,3,17,0,0,0,0,0,0,0,0,0
40898,4034,PH-0400,0,0,0,0,0,0,0,1,1,4,0,0
40899,4034,CH-3350,0,0,0,0,0,0,0,1,1,3,0,0
40900,4034,RT-0150,9,1,9,0,0,0,0,0,0,0,0,0
40901,4034,JL-0215,0,0,0,0,0,0,0,3,1,9,0,0
40902,4034,JC-0400,0,0,0,0,0,0,0,2,0,0,0,0
40903,4034,LM-1150,0,0,0,0,1,1,8,0,0,0,0,0
40904,4034,DP-0350,0,0,0,0,0,0,0,4,0,0,0,0
40905,4034,JG-3050,0,0,0,0,3,2,13,0,0,0,0,0
40906,4035,RW-3850,5,1,15,0,0,0,0,0,0,0,0,0
40907,4035,RL-1100,0,0,0,0,0,0,0,1,0,0,0,0
40908,4035,TR-0112,0,0,0,0,1,1,6,0,0,0,0,0
40909,4035,JK-0250,0,0,0,0,0,0,0,1,1,15,0,0
40910,4035,JG-2900,0,0,0,0,0,0,0,1,0,0,0,0
40911,4035,CM-0850,0,0,0,0,0,0,0,1,0,0,0,0
40912,4036,CA-0750,0,0,0,0,4,1,8,0,0,0,0,0
40913,4036,PM-0200,2,1,11,1,0,0,0,0,0,0,0,0
40914,4036,OD-0100,0,0,0,0,0,0,0,2,1,11,0,0
40915,4036,JT-2450,0,0,0,0,1,1,1,0,0,0,0,0
40916,4036,RH-2350,0,0,0,0,1,1,1,0,0,0,0,0
40917,4036,AA-0025,0,0,0,0,1,0,-1,1,1,16,0,0
40918,4036,MS-4100,8,4,44,0,0,0,0,0,0,0,0,0
40919,4036,TR-0370,0,0,0,0,0,0,0,3,2,21,0,0
40920,4036,CJ-1100,0,0,0,0,0,0,0,3,1,7,0,0
40921,4036,JB-2700,0,0,0,0,2,1,4,0,0,0,0,0
40922,4036,GT-0100,0,0,0,0,0,0,0,1,0,0,0,0
40923,4037,AR-1300,5,4,19,0,1,1,5,0,0,0,0,0
40924,4037,TM-3150,0,0,0,0,0,0,0,1,1,8,0,10
40925,4037,RC-1500,0,0,0,0,0,0,0,4,3,11,0,0
40926,4037,AS-1600,6,4,22,0,0,0,0,0,0,0,0,0
40927,4037,TK-0150,0,0,0,0,0,0,0,2,0,0,0,0
40928,4037,JC-2300,0,0,0,0,4,3,22,0,0,0,0,0
40929,4037,JS-6200,0,0,0,0,1,0,0,0,0,0,0,0
40930,4037,JM-0200,0,0,0,0,0,0,0,2,2,10,0,0
40931,4037,EL-0010,0,0,0,0,1,1,4,0,0,0,0,0
40932,4037,DT-0850,0,0,0,0,0,0,0,2,2,12,0,0
40933,4038,JF-2800,0,0,0,0,2,1,5,0,0,0,0,0
40934,4038,MW-2450,0,0,0,0,0,0,0,0,0,0,0,5
40935,4038,JF-1900,2,2,22,0,0,0,0,0,0,0,0,0
40936,4038,MC-0150,0,0,0,0,1,1,9,1,1,7,0,0
40937,4038,LB-0250,0,0,0,0,2,1,14,2,2,6,0,0
40938,4038,MV-0300,3,3,15,0,0,0,0,0,0,0,0,0
40939,4038,DH-2800,0,0,0,0,0,0,0,1,1,9,0,0
40940,4038,JA-1025,0,0,0,0,1,0,0,0,0,0,0,0
40941,4038,KA-0400,0,0,0,0,0,0,0,1,1,15,0,0
40942,4038,SK-0600,1,1,-3,0,0,0,0,0,0,0,0,0
40943,4038,NB-0450,0,0,0,0,0,0,0,1,1,-3,0,0
40944,4039,CI-0300,0,0,0,0,2,2,15,0,0,0,0,0
40945,4039,RF-0500,6,4,34,0,0,0,0,0,0,0,0,0
40946,4039,BM-0300,0,0,0,0,0,0,0,2,0,0,0,0
40947,4039,ED-0200,0,0,0,0,0,0,0,2,2,15,0,0
40948,4039,RT-0150,12,5,37,1,0,0,0,0,0,0,0,0
40949,4039,JS-7050,0,0,0,0,0,0,0,1,1,8,0,0
40950,4039,DS-3031,0,0,0,0,0,0,0,1,1,7,0,0
40951,4039,ZS-0150,0,0,0,0,2,1,4,1,1,12,0,0
40952,4039,JC-0400,0,0,0,0,0,0,0,2,0,0,0,0
40953,4039,KS-2350,0,0,0,0,0,0,0,1,1,10,0,0
40954,4039,GJ-0400,0,0,0,0,0,0,0,2,0,0,0,0
40955,4039,JL-0215,0,0,0,0,0,0,0,5,2,18,0,15
40956,4039,DP-0350,0,0,0,0,0,0,0,0,0,0,0,10
40957,4039,DW-3125,0,0,0,0,0,0,0,1,1,1,0,0
40958,4040,BB-2425,5,1,8,0,0,0,0,0,0,0,0,0
40959,4040,AR-1250,0,0,0,0,0,0,0,1,0,0,0,0
40960,4040,TY-0150,0,0,0,0,3,2,10,0,0,0,0,0
40961,4040,AH-3900,0,0,0,0,0,0,0,2,1,8,0,0
40962,4040,FG-0200,0,0,0,0,4,0,3,1,1,5,1,0
40963,4040,MH-1600,5,4,21,0,1,0,-2,0,0,0,0,0
40964,4040,CF-0650,0,0,0,0,0,0,0,2,2,9,0,0
40965,4040,CH-1200,0,0,0,0,0,0,0,1,0,0,0,0
40966,4040,TH-1850,0,0,0,0,0,0,0,1,0,0,0,0
40967,4040,DM-2775,0,0,0,0,0,0,0,1,1,7,0,0
40968,4041,EM-0200,5,3,15,1,1,0,0,0,0,0,0,0
40969,4041,LD-0650,0,0,0,0,0,0,0,1,1,0,0,0
40970,4041,DH-1800,0,0,0,0,0,0,0,1,1,4,0,0
40971,4041,RR-0130,0,0,0,0,0,0,0,2,1,11,0,0
40972,4041,TT-0500,6,3,8,0,1,0,1,0,0,0,0,0
40973,4041,ME-0100,0,0,0,0,0,0,0,1,0,0,0,0
40974,4041,KW-1150,0,0,0,0,2,0,-3,1,1,0,0,0
40975,4041,PH-0400,0,0,0,0,0,0,0,2,1,5,0,0
40976,4041,RW-4050,0,0,0,0,0,0,0,1,1,3,0,0
40977,4041,RJ-0800,0,0,0,0,2,0,0,0,0,0,0,0
40978,4041,OB-0075,0,0,0,0,0,0,0,1,0,0,0,0
40979,4041,AD-1300,0,0,0,0,0,0,0,1,0,0,0,0
40980,4042,MT-1300,0,0,0,0,2,1,7,0,0,0,0,0
40981,4042,CN-0500,7,4,30,0,2,1,-1,0,0,0,0,0
40982,4042,GO-0100,0,0,0,0,0,0,0,2,1,9,0,0
40983,4042,JS-6700,0,0,0,0,1,0,2,0,0,0,0,0
40984,4042,TG-0900,0,0,0,0,0,0,0,2,2,18,0,0
40985,4042,CS-1950,0,0,0,0,1,1,3,1,1,10,0,0
40986,4042,JW-5650,6,5,42,0,0,0,0,0,0,0,0,0
40987,4042,VJ-0100,0,0,0,0,0,0,0,3,3,25,0,0
40988,4042,DM-0450,0,0,0,0,2,1,6,0,0,0,0,0
40989,4042,CB-2775,0,0,0,0,0,0,0,1,1,7,0,0
40990,4042,ED-0400,0,0,0,0,0,0,0,1,0,0,0,0
40991,4042,CA-1175,0,0,0,0,3,1,7,0,0,0,0,0
40992,4042,CB-3850,0,0,0,0,0,0,0,1,1,3,0,0
40993,4042,DF-2200,0,0,0,0,0,0,0,1,0,0,0,0
40994,4042,ME-0600,0,0,0,0,0,0,0,1,0,0,0,0
40995,4043,KC-2350,11,6,36,0,1,1,0,0,0,0,0,0
40996,4043,AM-2850,0,0,0,0,2,0,0,1,1,1,0,0
40997,4043,PG-0100,0,0,0,0,0,0,0,3,3,27,0,0
40998,4043,CT-1220,0,0,0,0,0,0,0,1,1,5,0,0
40999,4043,MJ-2275,0,0,0,0,3,0,2,0,0,0,0,0
41000,4043,JC-5680,0,0,0,0,0,0,0,3,0,0,0,0
41001,4043,JR-1150,0,0,0,0,0,0,0,2,0,0,0,0
41002,4043,NA-0050,0,0,0,0,0,0,0,0,0,0,0,5
41003,4043,SB-1100,3,1,10,0,0,0,0,0,0,0,0,0
41004,4043,DS-3300,0,0,0,0,0,0,0,1,0,0,0,0
41005,4043,ZE-0100,0,0,0,0,0,0,0,1,0,0,0,0
41006,4043,DM-4300,0,0,0,0,1,0,3,0,0,0,0,0
41007,4043,BC-0700,0,0,0,0,0,0,0,1,1,10,0,0
41008,4043,DC-0775,0,0,0,0,0,0,0,1,1,3,0,0
41009,4044,MF-1300,0,0,0,0,3,0,6,0,0,0,0,0
41010,4044,JC-6200,6,5,33,0,0,0,0,0,0,0,0,0
41011,4044,JB-2950,0,0,0,0,0,0,0,1,0,0,0,0
41012,4044,ER-0500,0,0,0,0,0,0,0,2,2,13,0,0
41013,4044,DC-0725,4,2,20,0,0,0,0,0,0,0,0,0
41014,4044,AC-2350,0,0,0,0,0,0,0,1,1,16,0,0
41015,4044,RH-1600,0,0,0,0,0,0,0,1,1,4,0,0
41016,4044,JL-0280,0,0,0,0,1,1,4,0,0,0,0,0
41017,4044,MB-1800,0,0,0,0,0,0,0,2,2,11,0,0
41018,4044,MW-3250,0,0,0,0,0,0,0,1,1,9,0,0
41019,4044,ZM-0250,0,0,0,0,0,0,0,0,0,0,0,10
41020,4044,LM-1850,0,0,0,0,1,1,6,0,0,0,0,0
41021,4044,SR-0750,0,0,0,0,0,0,0,1,0,0,0,0
41022,4044,MR-0970,0,0,0,0,0,0,0,1,0,0,0,0
41023,4045,DF-1875,0,0,0,0,2,2,22,0,0,0,0,0
41024,4045,TW-0650,0,0,0,0,5,3,22,0,0,0,0,0
41025,4045,MR-2500,1,1,3,0,0,0,0,0,0,0,0,0
41026,4045,LH-0600,0,0,0,0,0,0,0,1,1,3,0,0
41027,4045,BH-1900,12,5,37,0,0,0,0,0,0,0,0,0
41028,4045,DH-3950,0,0,0,0,0,0,0,7,2,23,0,0
41029,4045,CP-1950,0,0,0,0,2,2,10,0,0,0,0,0
41030,4045,CF-0375,0,0,0,0,0,0,0,1,1,5,0,0
41031,4045,AB-1975,0,0,0,0,1,0,0,0,0,0,0,0
41032,4045,CS-1500,0,0,0,0,0,0,0,2,2,9,1,0
41033,4045,KM-3250,0,0,0,0,0,0,0,1,0,0,0,0
41034,4045,GG-0400,0,0,0,0,0,0,0,1,0,0,0,0
41035,4046,AD-0100,3,2,15,0,0,0,0,0,0,0,0,0
41036,4046,AG-1500,0,0,0,0,0,0,0,1,1,9,0,0
41037,4046,JH-4025,0,0,0,0,4,4,17,0,0,0,0,0
41038,4046,CW-1450,0,0,0,0,1,0,0,2,0,0,0,0
41039,4046,AS-1600,5,1,-2,0,1,0,6,0,0,0,0,0
41040,4046,CC-3950,0,0,0,0,0,0,0,1,0,0,0,0
41041,4046,MS-0150,0,0,0,0,0,0,0,2,1,6,0,0
41042,4046,GB-0350,0,0,0,0,2,2,19,0,0,0,0,0
41043,4046,JM-0200,0,0,0,0,0,0,0,1,1,-2,0,0
41044,4046,TK-0150,0,0,0,0,0,0,0,1,0,0,0,0
41045,4047,SD-0800,0,0,0,0,1,1,6,1,1,-1,0,0
41046,4047,JM-2900,4,4,14,0,0,0,0,0,0,0,0,0
41047,4047,DJ-1850,0,0,0,0,1,0,0,1,1,-5,0,0
41048,4047,PR-0300,2,2,20,0,1,0,-1,0,0,0,0,0
41049,4047,LG-0750,0,0,0,0,0,0,0,1,1,19,0,0
41050,4047,MG-1150,0,0,0,0,1,0,0,0,0,0,0,0
41051,4047,JP-2800,0,0,0,0,0,0,0,1,1,1,0,0
41052,4047,GB-0200,0,0,0,0,0,0,0,2,2,20,0,0
41053,4048,EL-0010,0,0,0,0,2,0,4,1,0,0,0,0
41054,4048,AR-1300,5,1,9,0,1,1,17,0,0,0,0,0
41055,4048,RR-1050,0,0,0,0,0,0,0,1,1,9,0,0
41056,4048,CH-5000,0,0,0,0,1,0,0,0,0,0,0,0
41057,4048,CK-0100,3,1,8,0,2,2,5,0,0,0,0,0
41058,4048,AB-2000,0,0,0,0,0,0,0,1,1,8,0,0
41059,4048,RC-1500,0,0,0,0,0,0,0,3,0,0,0,0
41060,4048,JK-2200,0,0,0,0,1,1,1,0,0,0,0,0
41061,4048,JS-6200,0,0,0,0,1,0,1,0,0,0,0,0
41062,4048,RB-4900,0,0,0,0,0,0,0,1,0,0,0,0
41063,4048,TS-2300,0,0,0,0,0,0,0,1,0,0,0,0
41064,4049,NF-0250,6,5,58,0,1,0,-1,0,0,0,0,5
41065,4049,TG-1950,0,0,0,0,3,0,-5,1,1,8,0,0
41066,4049,TA-1050,0,0,0,0,0,0,0,2,2,24,0,0
41067,4049,CJ-1700,0,0,0,0,4,1,-1,1,1,6,0,0
41068,4049,CP-0500,5,3,16,0,0,0,0,0,0,0,0,0
41069,4049,DJ-1325,0,0,0,0,1,0,-2,1,0,0,0,0
41070,4049,JB-6950,0,0,0,0,0,0,0,1,1,8,0,0
41071,4049,JC-4300,0,0,0,0,0,0,0,2,1,8,0,0
41072,4049,SB-0070,0,0,0,0,0,0,0,1,1,18,0,0
41073,4049,LF-0200,0,0,0,0,0,0,0,1,1,2,0,0
41074,4049,JG-3700,0,0,0,0,0,0,0,1,0,0,0,0
41075,4050,CA-0750,0,0,0,0,2,0,0,0,0,0,0,0
41076,4050,PM-0200,5,2,2,0,0,0,0,0,0,0,0,0
41077,4050,DT-0900,0,0,0,0,0,0,0,2,1,1,0,0
41078,4050,OD-0100,0,0,0,0,0,0,0,2,1,1,0,0
41079,4050,TB-2650,6,1,4,0,0,0,0,0,0,0,0,0
41080,4050,KR-1200,0,0,0,0,0,0,0,1,0,0,0,0
41081,4050,MW-0500,0,0,0,0,0,0,0,2,1,4,0,0
41082,4050,MP-2350,0,0,0,0,0,0,0,1,0,0,0,0
41083,4050,SD-0537,0,0,0,0,0,0,0,2,0,0,0,0
41084,4050,ES-0200,0,0,0,0,0,0,0,1,0,0,0,0
41085,4050,RH-2350,0,0,0,0,2,1,2,0,0,0,0,0
41086,4051,JR-0250,0,0,0,0,2,1,-3,0,0,0,0,0
41087,4051,DB-3800,5,5,24,0,0,0,0,0,0,0,0,0
41088,4051,MC-2400,0,0,0,0,0,0,0,1,1,2,0,0
41089,4051,MI-0100,0,0,0,0,4,1,14,1,1,3,0,0
41090,4051,BW-0700,0,0,0,0,0,0,0,1,1,7,0,0
41091,4051,JH-4070,0,0,0,0,0,0,0,1,1,3,0,0
41092,4051,BW-0850,6,2,20,0,0,0,0,0,0,0,0,0
41093,4051,TW-2270,0,0,0,0,0,0,0,5,1,17,0,0
41094,4051,BC-2325,0,0,0,0,0,0,0,1,1,9,0,0
41095,4051,KR-1050,0,0,0,0,1,1,1,0,0,0,0,15
41096,4051,CB-1130,0,0,0,0,0,0,0,1,1,3,0,0
41097,4052,RW-3850,0,0,0,0,0,0,0,0,0,0,0,0
41098,4052,ZZ-0100,0,0,0,0,2,2,9,0,0,0,0,0
41099,4052,MS-4100,1,1,10,0,0,0,0,0,0,0,0,0
41100,4052,CJ-1100,0,0,0,0,0,0,0,1,1,10,0,0
41101,4053,RM-0300,2,0,0,1,0,0,0,0,0,0,0,0
41102,4053,KM-3250,0,0,0,0,0,0,0,1,0,0,0,0
41103,4053,AF-0900,0,0,0,0,2,1,3,1,0,0,0,0
41104,4053,MH-1600,7,3,17,0,0,0,0,0,0,0,0,0
41105,4053,JD-2550,0,0,0,0,0,0,0,1,0,0,0,0
41106,4053,AJ-0900,0,0,0,0,0,0,0,3,2,6,0,0
41107,4053,FG-0200,0,0,0,0,4,2,6,0,0,0,0,0
41108,4053,TH-1850,0,0,0,0,0,0,0,2,1,11,0,0
41109,4053,BH-1900,1,1,11,0,0,0,0,0,0,0,0,0
41110,4053,JS-7075,0,0,0,0,0,0,0,1,1,11,0,0
41111,4053,JR-2775,0,0,0,0,2,0,2,0,0,0,0,0
41112,4053,CF-0650,0,0,0,0,0,0,0,1,0,0,0,0
41113,4054,AS-1600,3,1,19,0,0,0,0,0,0,0,0,0
41114,4054,DT-0850,0,0,0,0,0,0,0,1,1,19,0,0
41115,4054,JC-2300,0,0,0,0,1,0,0,0,0,0,0,0
41116,4054,TK-0150,0,0,0,0,0,0,0,1,0,0,0,0
41117,4054,CW-1450,0,0,0,0,0,0,0,1,0,0,0,0
41118,4054,JC-6200,5,3,18,0,0,0,0,0,0,0,0,0
41119,4054,ZM-0250,0,0,0,0,0,0,0,1,0,0,0,0
41120,4054,JB-2950,0,0,0,0,0,0,0,1,1,5,0,0
41121,4054,MW-3250,0,0,0,0,0,0,0,1,0,0,0,0
41122,4054,MB-1800,0,0,0,0,0,0,0,1,1,6,0,0
41123,4054,MF-1300,0,0,0,0,0,0,0,1,1,7,0,0
41124,4055,AD-0100,3,2,24,0,3,1,7,0,0,0,0,0
41125,4055,TE-0300,0,0,0,0,0,0,0,2,2,24,0,0
41126,4055,RW-3850,1,0,0,1,0,0,0,0,0,0,0,0
41127,4055,JG-2900,0,0,0,0,0,0,0,1,0,0,0,0
41128,4055,GB-0350,0,0,0,0,3,2,18,0,0,0,0,0
41129,4055,MJ-2250,0,0,0,0,0,0,0,1,0,0,0,0
41130,4056,AM-2850,0,0,0,0,3,1,8,0,0,0,0,0
41131,4056,KC-2350,5,4,15,0,1,1,1,0,0,0,0,0
41132,4056,CT-1220,0,0,0,0,0,0,0,2,2,12,0,0
41133,4056,PG-0100,0,0,0,0,0,0,0,1,0,0,0,0
41134,4056,DC-0775,0,0,0,0,0,0,0,1,1,7,0,0
41135,4056,MR-2500,4,1,7,0,0,0,0,0,0,0,1,0
41136,4056,DF-1875,0,0,0,0,5,3,24,1,0,0,0,0
41137,4056,LH-0600,0,0,0,0,0,0,0,2,0,0,0,0
41138,4056,MJ-2275,0,0,0,0,3,2,6,0,0,0,0,0
41139,4056,JC-5680,0,0,0,0,0,0,0,1,1,-4,0,0
41140,4056,RW-2200,0,0,0,0,0,0,0,1,1,7,0,0
41141,4057,JW-5650,2,2,27,0,1,0,2,0,0,0,0,0
41142,4057,BB-2425,8,5,41,0,0,0,0,0,0,0,0,0
41143,4057,AH-3900,0,0,0,0,0,0,0,1,1,12,0,0
41144,4057,DM-0450,0,0,0,0,5,4,11,1,1,10,0,0
41145,4057,CS-1950,0,0,0,0,3,2,10,0,0,0,0,0
41146,4057,ME-0600,0,0,0,0,0,0,0,1,1,17,0,0
41147,4057,TY-0150,0,0,0,0,1,0,2,2,1,4,0,0
41148,4057,AR-1250,0,0,0,0,0,0,0,2,2,18,0,0
41149,4057,ML-1500,0,0,0,0,0,0,0,1,0,0,0,0
41150,4057,BW-0400,0,0,0,0,0,0,0,1,1,7,0,0
41151,4058,SB-1100,6,4,29,2,0,0,0,0,0,0,0,0
41152,4058,RC-2300,0,0,0,0,0,0,0,1,0,0,0,0
41153,4058,MI-0100,0,0,0,0,1,1,4,1,0,0,0,0
41154,4058,DB-3800,9,6,26,0,0,0,0,0,0,0,0,0
41155,4058,BW-0700,0,0,0,0,0,0,0,2,1,6,0,0
41156,4058,NA-0050,0,0,0,0,0,0,0,0,0,0,0,10
41157,4058,RM-1200,0,0,0,0,2,1,-3,1,1,6,0,0
41158,4058,MA-1400,0,0,0,0,0,0,0,1,0,0,0,0
41159,4058,WS-0925,0,0,0,0,0,0,0,2,1,7,0,0
41160,4058,BC-0700,0,0,0,0,0,0,0,1,1,13,0,0
41161,4058,DM-4300,0,0,0,0,5,2,11,0,0,0,0,0
41162,4058,JM-1550,0,0,0,0,0,0,0,2,2,10,0,0
41163,4058,MH-3300,0,0,0,0,0,0,0,1,1,-3,1,0
41164,4058,KR-1050,0,0,0,0,0,0,0,2,2,2,0,0
41165,4058,BC-2325,0,0,0,0,0,0,0,1,1,14,0,0
41166,4059,JF-1900,7,4,44,0,2,2,2,0,0,0,0,0
41167,4059,JR-3270,0,0,0,0,0,0,0,1,1,18,0,0
41168,4059,KJ-1400,0,0,0,0,0,0,0,4,2,23,0,0
41169,4059,JM-2900,7,4,28,0,2,1,11,0,0,0,0,5
41170,4059,DJ-1850,0,0,0,0,1,0,0,2,1,4,0,0
41171,4059,AH-1900,0,0,0,0,0,0,0,3,2,6,0,0
41172,4059,NB-0450,0,0,0,0,0,0,0,0,0,0,0,10
41173,4059,JF-2800,0,0,0,0,2,2,8,1,1,3,0,0
41174,4059,BH-0800,0,0,0,0,0,0,0,1,0,0,0,0
41175,4059,GB-0200,0,0,0,0,0,0,0,1,1,18,0,0
41176,4059,JA-1025,0,0,0,0,4,2,9,0,0,0,0,0
41177,4059,KA-0400,0,0,0,0,0,0,0,1,0,0,0,0
41178,4059,IC-0300,0,0,0,0,1,1,5,0,0,0,0,0
41179,4060,TG-1950,0,0,0,0,2,1,7,0,0,0,0,0
41180,4060,NF-0250,5,1,5,2,0,0,0,0,0,0,0,0
41181,4060,TA-1050,0,0,0,0,0,0,0,3,1,5,0,0
41182,4060,TM-0650,0,0,0,0,1,0,2,0,0,0,0,0
41183,4060,LK-0200,0,0,0,0,0,0,0,1,0,0,0,0
41184,4061,MM-0912,4,3,29,0,0,0,0,0,0,0,0,0
41185,4061,BS-0650,0,0,0,0,1,0,3,1,1,8,0,0
41186,4061,AF-0200,0,0,0,0,0,0,0,1,0,0,0,0
41187,4061,DW-0500,0,0,0,0,0,0,0,2,2,21,0,0
41188,4061,AA-1350,0,0,0,0,2,1,1,0,0,0,0,0
41189,4061,AD-1300,0,0,0,0,1,0,1,0,0,0,0,0
41190,4061,CH-3350,1,1,4,0,0,0,0,1,1,2,0,0
41191,4061,TT-0500,1,1,2,0,0,0,0,1,1,4,0,0
41192,4062,MS-4100,1,1,6,0,0,0,0,0,0,0,0,0
41193,4062,TR-0370,0,0,0,0,0,0,0,1,1,6,0,0
41194,4062,CJ-1700,0,0,0,0,1,0,1,0,0,0,0,0
41195,4062,CP-0500,3,3,34,0,0,0,0,0,0,0,0,0
41196,4062,DF-0550,0,0,0,0,0,0,0,1,1,14,0,0
41197,4062,DJ-1325,0,0,0,0,2,2,6,0,0,0,0,0
41198,4062,JB-6950,0,0,0,0,0,0,0,1,1,18,0,15
41199,4062,LF-0200,0,0,0,0,0,0,0,1,1,2,0,0
41200,4062,DO-0300,2,2,12,0,0,0,0,0,0,0,0,0
41201,4062,LM-1500,0,0,0,0,0,0,0,2,2,12,0,0
41202,4063,DL-1700,0,0,0,0,2,1,13,1,1,10,0,0
41203,4063,TB-2300,1,1,10,0,1,1,1,0,0,0,0,0
41204,4063,LB-0500,0,0,0,0,2,1,4,0,0,0,0,0
41205,4063,JR-0250,0,0,0,0,1,1,5,0,0,0,0,0
41206,4063,DM-1600,0,0,0,0,1,0,1,1,0,0,0,0
41207,4063,BW-0850,6,1,2,0,0,0,0,0,0,0,0,0
41208,4063,JW-6000,0,0,0,0,0,0,0,2,1,2,0,0
41209,4063,JE-0100,0,0,0,0,0,0,0,0,0,0,0,5
41210,4063,GE-0250,0,0,0,0,0,0,0,2,0,0,0,0
41211,4063,TW-2270,0,0,0,0,0,0,0,1,0,0,0,0
41212,4064,JO-0550,0,0,0,0,1,1,2,0,0,0,0,0
41213,4064,LM-1850,0,0,0,0,3,0,4,0,0,0,0,0
41214,4064,DC-0725,1,1,3,0,0,0,0,0,0,0,0,0
41215,4064,CA-0750,0,0,0,0,3,0,4,0,0,0,0,0
41216,4064,PM-0200,8,4,26,1,0,0,0,0,0,0,0,0
41217,4064,ES-0200,0,0,0,0,0,0,0,1,1,5,0,0
41218,4064,OD-0100,0,0,0,0,0,0,0,2,0,0,0,0
41219,4064,MR-0500,0,0,0,0,0,0,0,1,1,3,0,0
41220,4064,JN-1900,0,0,0,0,0,0,0,1,1,4,0,0
41221,4064,RH-2350,0,0,0,0,0,0,0,2,1,5,0,0
41222,4064,DT-0900,0,0,0,0,0,0,0,2,1,12,0,0
41223,4065,EM-0200,9,6,48,1,0,0,0,0,0,0,0,0
41224,4065,DH-1800,0,0,0,0,0,0,0,1,1,6,0,0
41225,4065,RJ-0800,0,0,0,0,1,1,3,0,0,0,0,0
41226,4065,AW-1350,0,0,0,0,2,0,-2,0,0,0,0,0
41227,4065,OB-0075,0,0,0,0,0,0,0,4,3,28,0,0
41228,4065,LD-0650,0,0,0,0,0,0,0,2,1,12,0,0
41229,4065,SV-0200,0,0,0,0,2,0,9,1,1,2,0,0
41230,4065,CK-0100,7,3,17,0,0,0,0,0,0,0,0,0
41231,4065,AB-2000,0,0,0,0,0,0,0,5,2,12,0,0
41232,4065,CH-5000,0,0,0,0,5,2,10,0,0,0,0,0
41233,4065,JH-3050,0,0,0,0,2,1,9,0,0,0,0,0
41234,4065,GC-0350,0,0,0,0,0,0,0,2,1,5,0,0
41235,4065,MW-1475,0,0,0,0,0,0,0,1,0,0,0,0
41236,4066,MG-1150,0,0,0,0,1,1,4,0,0,0,0,0
41237,4066,PR-0300,3,2,23,0,0,0,0,0,0,0,0,0
41238,4066,AG-0500,0,0,0,0,0,0,0,2,2,23,0,0
41239,4066,KA-0650,0,0,0,0,0,0,0,1,0,0,0,0
41240,4066,MV-0300,3,1,16,0,0,0,0,0,0,0,0,0
41241,4066,DH-2800,0,0,0,0,0,0,0,1,0,0,0,0
41242,4066,HM-0200,0,0,0,0,0,0,0,1,1,16,0,0
41243,4066,LB-0250,0,0,0,0,1,1,1,0,0,0,0,0
41244,4067,MI-0100,0,0,0,0,5,2,10,0,0,0,0,0
41245,4067,MR-2500,5,4,38,0,1,0,0,0,0,0,0,0
41246,4067,LH-0600,0,0,0,0,0,0,0,1,1,12,0,0
41247,4067,JJ-4700,0,0,0,0,0,0,0,1,0,0,0,0
41248,4067,RW-2200,0,0,0,0,0,0,0,1,1,7,0,0
41249,4067,JT-0300,0,0,0,0,0,0,0,1,1,6,0,0
41250,4067,DB-3800,5,2,9,0,1,0,-1,0,0,0,0,0
41251,4067,JH-4070,0,0,0,0,0,0,0,2,1,7,0,0
41252,4067,KR-1050,0,0,0,0,2,2,13,0,0,0,0,0
41253,4067,MH-3300,0,0,0,0,0,0,0,1,0,0,0,0
41254,4067,CS-3400,0,0,0,0,1,0,2,0,0,0,0,0
41255,4067,BC-1850,0,0,0,0,0,0,0,1,0,0,0,0
41256,4067,BW-0700,0,0,0,0,0,0,0,1,1,2,0,0
41257,4067,DF-1875,0,0,0,0,0,0,0,1,1,13,0,0
41258,4068,AM-2850,0,0,0,0,2,0,0,1,1,11,0,0
41259,4068,KC-2350,7,5,37,0,0,0,0,0,0,0,0,0
41260,4068,RG-1650,0,0,0,0,0,0,0,1,1,6,0,0
41261,4068,PG-0100,0,0,0,0,0,0,0,2,1,2,0,0
41262,4068,CI-0300,0,0,0,0,4,2,4,0,0,0,0,0
41263,4068,CT-1220,0,0,0,0,3,1,6,1,1,13,0,0
41264,4068,RF-0500,1,1,2,0,1,1,18,0,0,0,0,0
41265,4068,ED-0200,0,0,0,0,0,0,0,1,1,2,0,0
41266,4068,DC-0775,0,0,0,0,0,0,0,1,1,5,0,0
41267,4068,JC-5680,0,0,0,0,0,0,0,1,0,0,0,0
41268,4069,CJ-1700,0,0,0,0,1,1,4,0,0,0,0,0
41269,4069,CP-0500,9,2,10,1,0,0,0,0,0,0,0,0
41270,4069,JB-6750,0,0,0,0,0,0,0,2,0,0,0,0
41271,4069,MF-0950,0,0,0,0,0,0,0,3,2,10,0,10
41272,4069,JB-6950,0,0,0,0,0,0,0,3,0,0,0,0
41273,4069,LB-0250,0,0,0,0,4,2,11,0,0,0,0,0
41274,4069,LJ-1250,3,1,8,0,0,0,0,0,0,0,0,0
41275,4069,MB-4550,0,0,0,0,0,0,0,2,1,8,0,0
41276,4069,DJ-1325,0,0,0,0,1,0,-2,0,0,0,0,0
41277,4069,AB-3500,0,0,0,0,0,0,0,1,0,0,0,0
41278,4070,AP-0700,0,0,0,0,5,1,-3,0,0,0,0,0
41279,4070,TB-2650,5,3,25,1,0,0,0,0,0,0,0,0
41280,4070,KR-1200,0,0,0,0,0,0,0,2,1,4,0,0
41281,4070,MW-0500,0,0,0,0,0,0,0,2,1,10,0,0
41282,4070,RE-0400,0,0,0,0,0,0,0,1,1,11,0,0
41283,4070,AS-1600,1,1,6,0,0,0,0,0,0,0,0,0
41284,4070,CW-1450,0,0,0,0,2,1,3,1,1,6,0,15
41285,4070,AS-0900,0,0,0,0,1,0,0,0,0,0,0,0
41286,4071,EM-0250,1,1,8,0,3,3,20,0,0,0,0,0
41287,4071,RW-4050,0,0,0,0,0,0,0,1,1,8,0,0
41288,4071,LM-1000,0,0,0,0,4,2,8,0,0,0,0,0
41289,4071,AD-0100,3,3,27,0,0,0,0,0,0,0,0,0
41290,4071,JH-4025,0,0,0,0,0,0,0,1,1,13,0,0
41291,4071,GB-0350,0,0,0,0,4,3,36,0,0,0,0,0
41292,4071,MJ-2250,0,0,0,0,0,0,0,1,1,10,0,0
41293,4071,TE-0300,0,0,0,0,0,0,0,1,1,4,0,0
41294,4072,MS-4100,8,4,36,0,1,0,-3,0,0,0,0,10
41295,4072,LM-1500,0,0,0,0,0,0,0,1,1,20,0,0
41296,4072,MF-1300,0,0,0,0,9,4,20,2,1,8,0,0
41297,4072,JC-6200,10,4,28,1,1,0,2,0,0,0,0,0
41298,4072,MB-1800,0,0,0,0,0,0,0,3,0,0,0,0
41299,4072,JL-0280,0,0,0,0,1,1,1,0,0,0,0,0
41300,4072,AA-0025,0,0,0,0,2,0,4,0,0,0,0,0
41301,4072,TW-3900,0,0,0,0,0,0,0,2,1,8,0,0
41302,4072,ER-0500,0,0,0,0,0,0,0,3,2,9,0,0
41303,4072,CJ-1100,0,0,0,0,0,0,0,2,1,6,0,0
41304,4072,GT-0100,0,0,0,0,0,0,0,3,1,2,0,0
41305,4072,AJ-0430,0,0,0,0,0,0,0,2,1,11,0,10
41306,4072,TR-0370,0,0,0,0,2,2,10,0,0,0,0,0
41307,4073,CA-0750,0,0,0,0,3,0,0,1,1,3,0,0
41308,4073,PM-0200,3,2,2,0,0,0,0,0,0,0,0,0
41309,4073,JN-1900,0,0,0,0,0,0,0,1,1,-1,0,0
41310,4073,TB-1060,0,0,0,0,0,0,0,1,1,4,0,5
41311,4073,JM-2900,5,4,29,0,0,0,0,0,0,0,0,0
41312,4073,GB-0200,0,0,0,0,0,0,0,2,2,25,0,0
41313,4073,RH-2350,0,0,0,0,1,1,5,0,0,0,0,0
41314,4073,ES-0200,0,0,0,0,0,0,0,1,0,0,0,0
41315,4073,DJ-1850,0,0,0,0,1,0,0,0,0,0,0,0
41316,4073,RT-1950,0,0,0,0,1,1,3,0,0,0,0,0
41317,4073,MJ-1175,0,0,0,0,0,0,0,1,1,0,0,0
41318,4073,IC-0300,0,0,0,0,1,0,3,0,0,0,0,0
41319,4073,BH-0800,0,0,0,0,0,0,0,1,0,0,0,0
41320,4074,AF-0900,0,0,0,0,2,1,2,2,1,14,0,0
41321,4074,CP-1950,0,0,0,0,1,0,3,0,0,0,0,0
41322,4074,BH-1900,4,2,23,0,0,0,0,0,0,0,0,0
41323,4074,TG-0600,0,0,0,0,3,1,5,2,1,8,0,0
41324,4074,BB-2425,9,5,33,1,1,1,7,0,0,0,0,0
41325,4074,BW-0400,0,0,0,0,0,0,0,4,2,12,0,0
41326,4074,AR-1250,0,0,0,0,0,0,0,1,1,2,0,0
41327,4074,JT-2000,0,0,0,0,0,0,0,1,0,0,0,0
41328,4074,DH-3950,0,0,0,0,0,0,0,2,1,9,0,0
41329,4074,AH-3900,0,0,0,0,0,0,0,1,1,11,0,0
41330,4075,MM-0912,4,2,13,0,0,0,0,0,0,0,0,0
41331,4075,DG-2650,0,0,0,0,0,0,0,1,0,0,0,0
41332,4075,JG-3050,0,0,0,0,6,3,17,0,0,0,0,0
41333,4075,RT-0150,5,4,37,0,0,0,0,0,0,0,0,5
41334,4075,JC-0400,0,0,0,0,0,0,0,2,1,12,0,0
41335,4075,JL-0215,0,0,0,0,0,0,0,1,1,10,0,0
41336,4075,DS-2170,0,0,0,0,0,0,0,2,2,15,0,0
41337,4075,LM-1150,0,0,0,0,1,1,7,0,0,0,0,0
41338,4075,AA-1350,0,0,0,0,1,1,7,0,0,0,0,0
41339,4075,AF-0200,0,0,0,0,0,0,0,1,1,10,0,0
41340,4075,KW-2550,0,0,0,0,0,0,0,1,0,0,0,0
41341,4075,DM-1200,0,0,0,0,0,0,0,1,1,3,0,0
41342,4075,ZM-0150,0,0,0,0,0,0,0,0,0,0,0,0
41343,4076,RW-3850,3,2,16,0,1,0,1,0,0,0,0,0
41344,4076,JG-2900,0,0,0,0,0,0,0,1,1,0,0,0
41345,4076,ML-2500,0,0,0,0,5,2,9,1,0,0,0,0
41346,4076,JS-6700,0,0,0,0,5,5,19,0,0,0,0,0
41347,4076,CN-0500,0,0,0,0,1,1,2,0,0,0,0,0
41348,4076,LW-1450,0,0,0,0,0,0,0,1,1,16,0,0
41349,4077,AR-1300,8,4,19,0,0,0,0,0,0,0,0,0
41350,4077,TM-3150,0,0,0,0,0,0,0,1,1,5,0,0
41351,4077,JS-6200,0,0,0,0,3,2,10,2,1,5,0,0
41352,4077,MG-1150,0,0,0,0,1,0,-1,0,0,0,0,0
41353,4077,PR-0300,13,5,44,0,0,0,0,0,0,0,0,0
41354,4077,AG-0500,0,0,0,0,0,0,0,5,0,0,0,0
41355,4077,LG-0750,0,0,0,0,0,0,0,3,2,31,0,0
41356,4077,DW-4300,0,0,0,0,5,0,7,1,0,0,0,0
41357,4077,KA-0650,0,0,0,0,0,0,0,2,2,12,0,15
41358,4077,JK-2200,0,0,0,0,0,0,0,1,1,1,0,0
41359,4077,EL-0010,0,0,0,0,1,0,0,0,0,0,0,0
41360,4077,JP-2050,0,0,0,0,0,0,0,1,0,0,0,0
41361,4077,DI-0075,0,0,0,0,0,0,0,2,1,1,0,0
41362,4077,JJ-4200,0,0,0,0,0,0,0,2,1,8,0,0
41363,4077,RR-1050,0,0,0,0,0,0,0,1,0,0,0,0
41364,4078,CH-5000,0,0,0,0,5,0,7,0,0,0,0,0
41365,4078,CK-0100,3,1,4,0,0,0,0,0,0,0,0,0
41366,4078,AB-2000,0,0,0,0,0,0,0,3,1,4,0,0
41367,4078,JF-1900,7,3,14,0,0,0,0,0,0,0,0,0
41368,4078,JF-2800,0,0,0,0,3,1,3,1,1,4,0,0
41369,4078,SS-2100,0,0,0,0,0,0,0,2,0,0,0,0
41370,4078,JA-1025,0,0,0,0,1,0,0,1,0,0,0,0
41371,4078,JR-3270,0,0,0,0,0,0,0,2,1,8,0,0
41372,4078,KA-0400,0,0,0,0,0,0,0,1,1,2,0,0
41373,4079,AL-1100,7,6,45,0,0,0,0,0,0,0,0,0
41374,4079,JD-2550,0,0,0,0,0,0,0,1,1,2,0,0
41375,4079,AB-2600,0,0,0,0,1,0,1,0,0,0,0,0
41376,4079,TH-1850,0,0,0,0,0,0,0,2,2,11,0,0
41377,4079,DM-2775,0,0,0,0,0,0,0,1,1,5,0,0
41378,4079,TB-2300,4,3,25,0,0,0,0,0,0,0,0,0
41379,4079,DL-1700,0,0,0,0,1,1,7,1,0,0,0,0
41380,4079,JE-0100,0,0,0,0,0,0,0,2,2,14,0,0
41381,4079,FG-0200,0,0,0,0,2,0,-2,0,0,0,0,0
41382,4079,DA-0850,0,0,0,0,0,0,0,1,1,9,0,0
41383,4079,SC-0400,0,0,0,0,0,0,0,0,0,0,0,10
41384,4079,LB-0500,0,0,0,0,0,0,0,1,1,11,0,0
41385,4079,GW-0650,0,0,0,0,0,0,0,1,1,18,0,0
41386,4080,EM-0200,1,1,13,0,0,0,0,0,0,0,0,0
41387,4080,OB-0075,0,0,0,0,0,0,0,1,1,13,0,0
41388,4080,SB-1100,1,0,0,0,0,0,0,0,0,0,0,0
41389,4080,RM-1200,0,0,0,0,1,1,3,0,0,0,0,0
41390,4080,DM-4300,0,0,0,0,1,1,12,0,0,0,0,0
41391,4081,RW-3850,4,1,7,1,0,0,0,0,0,0,0,0
41392,4081,FJ-0100,0,0,0,0,0,0,0,1,1,7,0,0
41393,4081,ML-2500,0,0,0,0,6,3,12,0,0,0,0,0
41394,4081,RL-1100,0,0,0,0,0,0,0,1,0,0,0,0
41395,4081,JG-2900,0,0,0,0,0,0,0,1,0,0,0,0
41396,4081,DB-0500,0,0,0,0,0,0,0,1,0,0,0,0
41397,4081,CK-0100,1,0,0,0,0,0,0,0,0,0,0,0
41398,4081,AB-2000,0,0,0,0,0,0,0,1,0,0,0,0
41399,4082,LM-1000,0,0,0,0,1,0,0,0,0,0,0,0
41400,4082,EM-0250,7,2,19,0,0,0,0,0,0,0,0,0
41401,4082,CG-1650,0,0,0,0,0,0,0,3,0,0,0,0
41402,4082,BB-2425,3,2,19,0,1,0,1,0,0,0,0,0
41403,4082,AH-3900,0,0,0,0,0,0,0,1,0,0,0,0
41404,4082,AR-1250,0,0,0,0,0,0,0,1,1,10,0,0
41405,4082,RW-4050,0,0,0,0,0,0,0,2,1,16,0,0
41406,4082,CH-3350,0,0,0,0,0,0,0,1,0,0,0,0
41407,4082,TY-0150,0,0,0,0,3,0,5,1,1,9,0,0
41408,4082,TG-0600,0,0,0,0,4,0,0,0,0,0,0,0
41409,4082,DH-2550,0,0,0,0,0,0,0,1,1,3,0,0
41410,4083,DM-0450,0,0,0,0,3,2,2,1,1,10,0,0
41411,4083,JW-5650,3,2,17,0,0,0,0,0,0,0,0,0
41412,4083,ME-0600,0,0,0,0,0,0,0,1,0,0,0,10
41413,4083,CS-1950,0,0,0,0,4,3,12,0,0,0,0,0
41414,4083,DD-3050,0,0,0,0,0,0,0,1,1,7,0,0
41415,4083,KC-2350,8,5,25,0,1,1,8,0,0,0,0,5
41416,4083,RG-1650,0,0,0,0,0,0,0,1,1,3,0,0
41417,4083,JC-5680,0,0,0,0,0,0,0,1,1,8,0,0
41418,4083,MJ-2275,0,0,0,0,1,0,-1,0,0,0,0,0
41419,4083,JR-1150,0,0,0,0,0,0,0,4,3,14,0,0
41420,4083,PG-0100,0,0,0,0,0,0,0,1,0,0,0,0
41421,4083,AR-1100,0,0,0,0,0,0,0,1,0,0,0,0
41422,4084,ZM-0150,4,2,30,1,0,0,0,0,0,0,0,0
41423,4084,KW-2550,0,0,0,0,0,0,0,1,1,19,0,0
41424,4084,DF-1875,0,0,0,0,3,3,14,0,0,0,0,0
41425,4084,MR-2500,5,2,11,1,0,0,0,0,0,0,0,0
41426,4084,JT-0300,0,0,0,0,0,0,0,2,0,0,0,0
41427,4084,JJ-4700,0,0,0,0,0,0,0,3,2,11,0,0
41428,4084,DW-0500,0,0,0,0,0,0,0,2,1,11,0,0
41429,4084,AF-0200,0,0,0,0,0,0,0,1,0,0,0,0
41430,4084,TC-2050,0,0,0,0,1,1,5,0,0,0,0,0
41431,4084,PD-0700,0,0,0,0,1,0,0,0,0,0,0,0
41432,4085,KR-1050,0,0,0,0,4,3,11,0,0,0,0,0
41433,4085,MH-3300,0,0,0,0,0,0,0,1,1,16,0,10
41434,4085,DB-3800,4,2,20,1,0,0,0,0,0,0,0,0
41435,4085,BC-2325,0,0,0,0,0,0,0,1,1,4,0,0
41436,4085,MI-0100,0,0,0,0,3,2,7,0,0,0,0,0
41437,4085,JH-4070,0,0,0,0,0,0,0,0,0,0,0,10
41438,4085,WS-0925,0,0,0,0,0,0,0,1,0,0,0,0
41439,4085,MC-2400,0,0,0,0,0,0,0,1,0,0,0,0
41440,4085,AL-1100,5,2,14,1,0,0,0,0,0,0,0,0
41441,4085,TH-1850,0,0,0,0,0,0,0,3,1,6,0,0
41442,4085,DM-2775,0,0,0,0,0,0,0,2,1,8,0,0
41443,4086,AA-0025,0,0,0,0,2,2,17,0,0,0,0,0
41444,4086,MS-4100,5,4,22,0,0,0,0,0,0,0,0,0
41445,4086,TR-0370,0,0,0,0,0,0,0,2,1,5,0,0
41446,4086,CJ-1100,0,0,0,0,0,0,0,2,2,10,0,0
41447,4086,TB-2650,6,2,1,0,0,0,0,0,0,0,0,0
41448,4086,SD-0537,0,0,0,0,0,0,0,1,0,0,0,0
41449,4086,JW-6560,0,0,0,0,0,0,0,1,0,0,0,0
41450,4086,EE-0050,0,0,0,0,0,0,0,1,1,7,0,0
41451,4086,JM-3450,0,0,0,0,3,3,17,0,0,0,0,0
41452,4086,AP-0700,0,0,0,0,3,0,-4,0,0,0,0,0
41453,4086,KR-1200,0,0,0,0,0,0,0,1,1,1,0,0
41454,4086,MW-0500,0,0,0,0,0,0,0,1,0,0,0,0
41455,4086,MA-1150,0,0,0,0,0,0,0,1,1,0,0,0
41456,4086,GW-1650,0,0,0,0,1,0,0,0,0,0,0,0
41457,4086,MB-5175,0,0,0,0,1,0,0,0,0,0,0,0
41458,4087,AS-1600,9,5,27,0,0,0,0,0,0,0,0,0
41459,4087,AW-1650,0,0,0,0,0,0,0,2,0,0,0,0
41460,4087,DT-0850,0,0,0,0,0,0,0,1,1,7,0,0
41461,4087,CW-1450,0,0,0,0,7,4,14,2,0,0,0,0
41462,4087,LB-0250,0,0,0,0,3,1,8,0,0,0,0,0
41463,4087,DW-3600,0,0,0,0,2,1,3,1,0,0,0,0
41464,4087,LJ-1250,4,2,24,0,0,0,0,0,0,0,0,0
41465,4087,MW-1250,0,0,0,0,0,0,0,1,1,5,0,0
41466,4087,TK-0150,0,0,0,0,0,0,0,1,1,0,0,0
41467,4087,CC-3950,0,0,0,0,0,0,0,3,3,20,0,0
41468,4087,MB-4550,0,0,0,0,0,0,0,2,1,19,0,0
41469,4087,SW-0350,0,0,0,0,1,1,5,0,0,0,0,0
41470,4088,TG-1950,0,0,0,0,3,2,14,0,0,0,0,0
41471,4088,JM-2900,3,3,9,0,1,1,1,0,0,0,0,0
41472,4088,BH-0800,0,0,0,0,0,0,0,1,1,1,0,0
41473,4088,DJ-1850,0,0,0,0,0,0,0,1,1,-2,0,0
41474,4088,TB-1060,0,0,0,0,0,0,0,1,1,10,0,0
41475,4088,NF-0250,2,1,10,0,0,0,0,0,0,0,0,0
41476,4088,BC-3070,0,0,0,0,1,0,0,1,1,10,0,0
41477,4088,JC-4300,0,0,0,0,0,0,0,1,0,0,0,0
41478,4089,LM-1150,0,0,0,0,2,0,6,0,0,0,0,0
41479,4089,RT-0150,1,1,10,0,0,0,0,0,0,0,0,0
41480,4089,JL-0215,0,0,0,0,0,0,0,1,1,10,0,0
41481,4089,BH-1900,8,3,19,0,0,0,0,0,0,0,0,0
41482,4089,GG-0400,0,0,0,0,0,0,0,2,0,0,0,0
41483,4089,AF-0900,0,0,0,0,5,3,17,1,1,7,0,0
41484,4089,JG-3850,0,0,0,0,0,0,0,1,0,0,0,0
41485,4089,AB-1975,0,0,0,0,2,0,6,0,0,0,0,0
41486,4089,NW-0100,0,0,0,0,0,0,0,3,1,5,0,0
41487,4089,DH-3950,0,0,0,0,0,0,0,1,1,7,0,0
41488,4089,MM-4700,0,0,0,0,3,0,-2,0,0,0,0,0
41489,4090,TB-2300,14,6,42,0,3,2,14,0,0,0,0,0
41490,4090,JE-0100,0,0,0,0,0,0,0,3,0,0,0,0
41491,4090,RG-2200,0,0,0,0,0,0,0,7,4,22,0,0
41492,4090,RF-0500,8,3,17,0,2,1,10,0,0,0,0,0
41493,4090,ED-0200,0,0,0,0,0,0,0,2,0,0,0,0
41494,4090,ZS-0150,0,0,0,0,1,1,2,0,0,0,0,0
41495,4090,CO-1300,0,0,0,0,0,0,0,1,0,0,0,0
41496,4090,JC-5900,0,0,0,0,0,0,0,1,0,0,0,0
41497,4090,CI-0300,0,0,0,0,3,2,7,2,2,12,0,0
41498,4090,JK-1000,0,0,0,0,0,0,0,1,1,5,0,0
41499,4090,JW-2550,0,0,0,0,1,1,1,2,1,12,0,0
41500,4090,AD-1450,0,0,0,0,0,0,0,1,0,0,0,0
41501,4090,BM-0300,0,0,0,0,0,0,0,1,0,0,0,0
41502,4090,DA-0900,0,0,0,0,0,0,0,1,1,8,0,0
41503,4091,LM-1850,0,0,0,0,3,2,3,0,0,0,0,0
41504,4091,JO-0550,0,0,0,0,1,0,3,0,0,0,0,0
41505,4091,DC-0725,5,3,11,0,0,0,0,0,0,0,0,0
41506,4091,MR-0970,0,0,0,0,0,0,0,2,1,4,0,0
41507,4091,MC-2900,0,0,0,0,0,0,0,1,0,0,0,0
41508,4091,TJ-2400,0,0,0,0,0,0,0,1,1,1,0,0
41509,4091,MR-0500,0,0,0,0,0,0,0,1,1,6,0,0
41510,4091,PR-0300,5,3,22,0,0,0,0,0,0,0,0,0
41511,4091,BO-0150,0,0,0,0,1,1,4,1,1,8,0,0
41512,4091,DW-4300,0,0,0,0,0,0,0,3,2,14,0,0
41513,4091,KA-0650,0,0,0,0,0,0,0,0,0,0,0,10
41514,4092,DM-1600,0,0,0,0,3,3,9,0,0,0,0,0
41515,4092,MC-0700,2,0,0,0,0,0,0,0,0,0,0,0
41516,4092,BB-4100,0,0,0,0,0,0,0,1,0,0,0,0
41517,4092,JW-6000,0,0,0,0,0,0,0,1,0,0,0,0
41518,4092,OD-0200,0,0,0,0,1,1,15,0,0,0,0,0
41519,4092,SV-0200,0,0,0,0,1,0,2,0,0,0,0,0
41520,4092,EM-0200,1,1,1,0,3,0,-3,0,0,0,0,0
41521,4092,LD-0650,0,0,0,0,0,0,0,1,1,1,0,0
41522,4093,MT-1300,0,0,0,0,2,2,5,1,1,2,0,0
41523,4093,JS-6700,0,0,0,0,5,0,6,0,0,0,0,0
41524,4093,CN-0500,3,1,2,0,1,1,2,0,0,0,0,0
41525,4093,SB-1100,6,2,11,0,0,0,0,0,0,0,0,0
41526,4093,DS-3300,0,0,0,0,0,0,0,1,0,0,0,0
41527,4093,JM-1550,0,0,0,0,0,0,0,1,0,0,0,0
41528,4093,ZE-0100,0,0,0,0,0,0,0,1,0,0,0,0
41529,4093,DM-4300,0,0,0,0,3,0,1,0,0,0,0,0
41530,4093,BC-0700,0,0,0,0,0,0,0,2,2,11,0,0
41531,4093,JH-5750,0,0,0,0,0,0,0,1,0,0,0,0
41532,4093,CB-3850,0,0,0,0,0,0,0,2,0,0,0,0
41533,4094,JF-2800,0,0,0,0,2,1,13,1,1,4,0,0
41534,4094,JF-1900,4,2,5,1,0,0,0,0,0,0,0,0
41535,4094,CJ-1700,0,0,0,0,4,1,0,0,0,0,0,0
41536,4094,CP-0500,7,4,18,0,0,0,0,0,0,0,0,0
41537,4094,LF-0200,0,0,0,0,0,0,0,1,0,0,0,0
41538,4094,MF-0950,0,0,0,0,0,0,0,1,1,3,0,0
41539,4094,DJ-1325,0,0,0,0,1,0,-2,1,1,8,0,0
41540,4094,JB-6950,0,0,0,0,0,0,0,2,1,4,0,0
41541,4094,JG-3700,0,0,0,0,0,0,0,1,0,0,0,0
41542,4094,JB-6750,0,0,0,0,0,0,0,1,1,3,0,0
41543,4094,KJ-1400,0,0,0,0,0,0,0,1,1,1,0,0
41544,4094,CG-1030,0,0,0,0,0,0,0,1,0,0,0,0
41545,4095,RG-2200,0,0,0,0,0,0,0,0,0,0,0,10
41546,4095,TB-2300,6,4,47,0,0,0,0,0,0,0,0,0
41547,4095,DL-1700,0,0,0,0,0,0,0,2,1,16,0,0
41548,4095,LM-1150,0,0,0,0,1,1,1,0,0,0,0,0
41549,4095,LB-0500,0,0,0,0,1,0,0,0,0,0,0,0
41550,4095,BL-0100,0,0,0,0,0,0,0,1,0,0,0,0
41551,4095,JE-0100,0,0,0,0,0,0,0,3,3,31,0,0
41552,4095,RT-0150,1,0,0,0,0,0,0,0,0,0,0,0
41553,4095,KS-2350,0,0,0,0,0,0,0,1,0,0,0,0
41554,4096,TR-0370,0,0,0,0,1,1,4,1,1,0,0,0
41555,4096,MS-4100,1,1,0,0,0,0,0,0,0,0,0,0
41556,4096,AS-1600,8,5,46,0,2,2,20,0,0,0,0,0
41557,4096,DT-0850,0,0,0,0,1,1,10,1,1,1,0,0
41558,4096,CW-1450,0,0,0,0,3,1,8,3,1,8,0,0
41559,4096,DH-1450,0,0,0,0,0,0,0,1,0,0,0,0
41560,4096,TK-0150,0,0,0,0,0,0,0,2,2,20,0,0
41561,4096,JM-0200,0,0,0,0,0,0,0,1,1,17,0,0
41562,4096,SW-0350,0,0,0,0,1,1,4,0,0,0,0,0
41563,4097,DF-1875,0,0,0,0,8,0,6,3,2,18,0,15
41564,4097,MR-2500,8,6,56,0,3,1,2,0,0,0,1,0
41565,4097,RW-2200,0,0,0,0,0,0,0,1,0,0,0,0
41566,4097,JW-5650,7,2,29,0,1,1,4,0,0,0,0,0
41567,4097,ME-0600,0,0,0,0,0,0,0,3,0,0,0,0
41568,4097,AH-3862,0,0,0,0,0,0,0,2,0,0,0,0
41569,4097,JT-0300,0,0,0,0,0,0,0,2,2,21,0,0
41570,4097,CS-1950,0,0,0,0,1,1,4,0,0,0,0,0
41571,4097,DM-0450,0,0,0,0,4,0,2,0,0,0,0,0
41572,4097,BM-3800,0,0,0,0,0,0,0,1,1,9,0,0
41573,4097,CB-2775,0,0,0,0,0,0,0,1,1,20,0,0
41574,4097,JH-1350,0,0,0,0,0,0,0,1,1,9,0,0
41575,4097,JJ-4700,0,0,0,0,0,0,0,1,1,8,0,0
41576,4098,CJ-1700,0,0,0,0,5,3,17,0,0,0,0,0
41577,4098,CP-0500,6,3,18,0,1,1,8,0,0,0,0,0
41578,4098,TN-0550,0,0,0,0,0,0,0,2,2,12,0,0
41579,4098,RT-1950,0,0,0,0,2,1,2,0,0,0,0,0
41580,4098,JM-2900,6,3,15,0,2,1,10,0,0,0,0,0
41581,4098,GB-0200,0,0,0,0,0,0,0,2,1,3,0,0
41582,4098,BH-0800,0,0,0,0,0,0,0,3,2,12,0,0
41583,4098,IC-0300,0,0,0,0,1,1,3,0,0,0,0,0
41584,4098,TG-0025,0,0,0,0,0,0,0,1,0,0,0,0
41585,4098,JG-3700,0,0,0,0,0,0,0,1,0,0,0,0
41586,4098,LF-0200,0,0,0,0,0,0,0,1,1,6,0,0
41587,4098,MF-0950,0,0,0,0,0,0,0,1,0,0,0,0
41588,4099,NF-0250,2,1,-2,0,0,0,0,0,0,0,0,0
41589,4099,KB-1900,0,0,0,0,0,0,0,1,0,0,0,0
41590,4099,CK-0100,3,2,2,0,0,0,0,0,0,0,0,0
41591,4099,VD-0100,0,0,0,0,0,0,0,2,2,2,0,0
41592,4099,BM-2600,0,0,0,0,0,0,0,1,0,0,0,0
41593,4099,TG-1950,0,0,0,0,0,0,0,1,1,-2,0,0
41594,4099,TA-1050,0,0,0,0,1,1,2,0,0,0,0,0
41595,4100,EM-0200,9,7,48,0,0,0,0,0,0,0,0,0
41596,4100,RR-0130,0,0,0,0,0,0,0,1,1,7,0,0
41597,4100,AW-1350,0,0,0,0,2,0,-1,0,0,0,0,0
41598,4100,OB-0075,0,0,0,0,0,0,0,3,2,3,0,0
41599,4100,OD-0200,0,0,0,0,2,0,0,0,0,0,0,0
41600,4100,CS-3400,0,0,0,0,1,1,9,1,1,9,0,0
41601,4100,KR-1050,0,0,0,0,1,1,2,0,0,0,0,0
41602,4100,MI-0100,0,0,0,0,3,0,2,0,0,0,0,0
41603,4100,DB-3800,4,3,31,0,0,0,0,0,0,0,0,0
41604,4100,WS-0925,0,0,0,0,0,0,0,1,1,2,0,0
41605,4100,WT-0600,0,0,0,0,0,0,0,1,1,7,0,0
41606,4100,SV-0200,0,0,0,0,0,0,0,2,1,2,0,0
41607,4100,JH-4070,0,0,0,0,0,0,0,1,0,0,0,0
41608,4100,BW-0700,0,0,0,0,0,0,0,1,1,20,0,0
41609,4100,RJ-0800,0,0,0,0,1,1,5,0,0,0,0,0
41610,4100,DH-1800,0,0,0,0,0,0,0,2,2,29,0,0
41611,4101,JM-3450,0,0,0,0,1,0,2,0,0,0,0,0
41612,4101,JC-6200,2,1,11,0,1,1,4,0,0,0,0,0
41613,4101,AJ-0430,0,0,0,0,0,0,0,2,1,11,0,0
41614,4101,JL-0280,0,0,0,0,1,0,2,0,0,0,0,0
41615,4102,JF-1900,6,4,39,0,1,1,1,0,0,0,0,0
41616,4102,JF-2800,0,0,0,0,3,1,9,1,1,5,0,0
41617,4102,JR-3270,0,0,0,0,0,0,0,3,1,12,0,0
41618,4102,MG-1150,0,0,0,0,2,1,4,0,0,0,0,0
41619,4102,PR-0300,4,3,29,0,0,0,0,0,0,0,0,0
41620,4102,JP-2800,0,0,0,0,0,0,0,1,1,7,0,0
41621,4102,MF-0800,0,0,0,0,0,0,0,1,1,9,0,0
41622,4102,JA-1025,0,0,0,0,1,1,3,1,1,19,0,0
41623,4102,CG-1030,0,0,0,0,0,0,0,1,1,3,0,0
41624,4102,KA-0650,0,0,0,0,0,0,0,1,1,13,0,0
41625,4103,BR-1100,5,2,13,0,0,0,0,0,0,0,0,0
41626,4103,AB-3500,0,0,0,0,0,0,0,4,2,13,0,0
41627,4103,HM-0200,0,0,0,0,0,0,0,1,0,0,0,0
41628,4103,LB-0250,0,0,0,0,1,1,5,0,0,0,0,0
41629,4103,JH-4025,0,0,0,0,1,0,-1,1,1,8,0,0
41630,4103,GB-0350,0,0,0,0,1,1,12,0,0,0,0,0
41631,4103,AD-0100,6,2,17,1,0,0,0,0,0,0,0,0
41632,4103,AG-1500,0,0,0,0,0,0,0,4,1,9,0,0
41633,4103,MJ-2250,0,0,0,0,0,0,0,1,0,0,0,0
41634,4104,AA-1350,0,0,0,0,1,0,2,0,0,0,0,0
41635,4104,ZM-0150,1,0,0,0,0,0,0,0,0,0,0,0
41636,4104,DM-1200,0,0,0,0,0,0,0,1,0,0,0,0
41637,4104,BH-1900,2,1,1,0,0,0,0,0,0,0,0,0
41638,4104,DH-3950,0,0,0,0,0,0,0,1,0,0,0,0
41639,4104,CP-1950,0,0,0,0,1,0,3,0,0,0,0,0
41640,4104,CF-0375,0,0,0,0,0,0,0,1,1,1,0,0
41641,4105,DC-0725,2,1,5,0,0,0,0,0,0,0,0,0
41642,4105,MC-2900,0,0,0,0,0,0,0,1,0,0,0,0
41643,4105,LM-1850,0,0,0,0,2,1,7,0,0,0,0,0
41644,4105,AH-3600,0,0,0,0,0,0,0,1,1,5,0,0
41645,4105,GS-1050,5,3,14,0,0,0,0,0,0,0,0,0
41646,4105,BM-0300,0,0,0,0,0,0,0,2,0,0,0,0
41647,4105,CI-0300,0,0,0,0,1,0,0,1,1,9,0,0
41648,4105,ED-0200,0,0,0,0,0,0,0,1,1,4,0,0
41649,4105,KD-0400,0,0,0,0,0,0,0,1,1,1,0,0
41650,4106,ML-2500,0,0,0,0,6,2,4,0,0,0,0,0
41651,4106,RW-3850,1,0,0,0,2,1,15,0,0,0,0,0
41652,4106,JK-0250,0,0,0,0,0,0,0,1,0,0,0,0
41653,4106,DM-1600,0,0,0,0,1,1,4,1,1,3,0,0
41654,4106,MC-0700,2,1,3,0,0,0,0,0,0,0,0,0
41655,4106,CB-1130,0,0,0,0,0,0,0,1,0,0,0,0
41656,4107,RH-2350,0,0,0,0,4,2,17,1,0,0,0,0
41657,4107,PM-0200,3,2,11,0,0,0,0,0,0,0,0,0
41658,4107,DT-0900,0,0,0,0,0,0,0,1,1,6,0,0
41659,4107,AC-0100,0,0,0,0,0,0,0,0,0,0,0,10
41660,4107,EL-0010,0,0,0,0,2,1,3,0,0,0,0,0
41661,4107,CA-0750,0,0,0,0,0,0,0,1,1,5,0,0
41662,4108,JS-6700,0,0,0,0,4,2,26,0,0,0,0,0
41663,4108,CN-0500,2,1,8,0,4,2,14,0,0,0,1,0
41664,4108,GO-0100,0,0,0,0,0,0,0,1,0,0,0,0
41665,4108,AL-1100,8,5,38,0,1,1,6,0,0,0,0,0
41666,4108,CF-0650,0,0,0,0,0,0,0,5,4,20,0,0
41667,4108,FW-0750,0,0,0,0,1,1,3,0,0,0,0,0
41668,4108,CB-3850,0,0,0,0,0,0,0,1,1,8,0,0
41669,4108,AJ-0900,0,0,0,0,0,0,0,2,1,18,0,0
41670,4109,JH-4025,0,0,0,0,2,1,4,0,0,0,0,0
41671,4109,AD-0100,7,6,45,0,1,0,-5,0,0,0,0,0
41672,4109,MS-0150,0,0,0,0,0,0,0,1,1,7,0,0
41673,4109,TE-0300,0,0,0,0,0,0,0,4,4,35,0,0
41674,4109,JM-0850,6,2,16,0,1,1,7,0,0,0,0,0
41675,4109,DB-3200,0,0,0,0,0,0,0,2,1,4,0,0
41676,4109,DJ-1850,0,0,0,0,2,0,-5,1,1,12,0,0
41677,4109,TG-0025,0,0,0,0,0,0,0,1,0,0,0,0
41678,4109,GB-0200,0,0,0,0,0,0,0,1,0,0,0,0
41679,4109,MJ-2250,0,0,0,0,0,0,0,1,1,3,0,0
41680,4109,GB-0350,0,0,0,0,4,2,9,0,0,0,0,0
41681,4109,IC-0300,0,0,0,0,1,1,5,0,0,0,0,0
41682,4109,TB-1060,0,0,0,0,0,0,0,1,0,0,0,0
41683,4110,CN-0500,7,4,30,0,2,2,8,0,0,0,0,0
41684,4110,JC-5400,0,0,0,0,0,0,0,3,1,7,0,0
41685,4110,MT-1300,0,0,0,0,1,0,1,0,0,0,0,0
41686,4110,CB-3850,0,0,0,0,0,0,0,1,0,0,0,0
41687,4110,JS-6200,0,0,0,0,2,1,15,2,1,17,0,0
41688,4110,EL-0010,0,0,0,0,1,1,3,0,0,0,0,0
41689,4110,AR-1300,9,4,29,1,1,0,5,0,0,0,0,0
41690,4110,RR-1050,0,0,0,0,0,0,0,2,2,4,0,0
41691,4110,JS-6700,0,0,0,0,3,1,18,1,1,2,0,0
41692,4110,GO-0100,0,0,0,0,0,0,0,1,1,7,0,0
41693,4110,DF-2200,0,0,0,0,0,0,0,1,1,14,0,0
41694,4110,DA-0212,0,0,0,0,0,0,0,1,0,0,0,0
41695,4110,RC-1500,0,0,0,0,0,0,0,3,1,8,0,0
41696,4110,JJ-4200,0,0,0,0,0,0,0,1,0,0,0,0
41697,4111,TB-2300,9,5,51,1,0,0,0,0,0,0,0,0
41698,4111,JE-0100,0,0,0,0,0,0,0,2,1,8,0,0
41699,4111,BL-0100,0,0,0,0,0,0,0,2,1,7,0,0
41700,4111,LB-0500,0,0,0,0,7,3,15,0,0,0,0,0
41701,4111,SC-0400,0,0,0,0,0,0,0,1,0,0,0,0
41702,4111,RG-2200,0,0,0,0,0,0,0,1,0,0,0,10
41703,4111,DL-1700,0,0,0,0,0,0,0,1,1,8,0,0
41704,4111,KC-2350,7,4,30,0,0,0,0,0,0,0,0,0
41705,4111,JR-1150,0,0,0,0,0,0,0,3,2,9,0,0
41706,4111,MJ-2275,0,0,0,0,2,1,0,0,0,0,0,0
41707,4111,DJ-0200,0,0,0,0,0,0,0,1,0,0,0,0
41708,4111,AR-1100,0,0,0,0,0,0,0,1,1,8,0,0
41709,4111,DA-0900,0,0,0,0,0,0,0,1,1,10,0,0
41710,4111,BB-2250,0,0,0,0,0,0,0,1,1,18,0,0
41711,4111,CT-1220,0,0,0,0,0,0,0,1,1,13,0,0
41712,4111,PG-0100,0,0,0,0,0,0,0,1,0,0,0,0
41713,4112,MI-0100,0,0,0,0,4,0,2,1,1,14,0,0
41714,4112,DB-3800,3,3,25,0,1,1,1,0,0,0,0,0
41715,4112,JH-4070,0,0,0,0,0,0,0,1,1,10,0,0
41716,4112,DM-1200,0,0,0,0,2,0,3,0,0,0,1,0
41717,4112,MM-0912,8,7,40,0,1,1,5,0,0,0,0,0
41718,4112,DW-0500,0,0,0,0,0,0,0,3,3,17,0,0
41719,4112,AA-1350,0,0,0,0,3,0,3,0,0,0,0,0
41720,4112,DG-2650,0,0,0,0,0,0,0,2,1,9,0,0
41721,4112,CS-3900,0,0,0,0,0,0,0,1,1,1,0,0
41722,4112,MH-3300,0,0,0,0,0,0,0,1,1,1,0,0
41723,4112,JH-6400,0,0,0,0,0,0,0,1,1,8,0,0
41724,4112,AF-0200,0,0,0,0,0,0,0,1,1,5,0,0
41725,4113,LM-1150,0,0,0,0,3,2,4,1,1,6,0,0
41726,4113,RT-0150,5,3,21,0,0,0,0,0,0,0,0,0
41727,4113,JC-0400,0,0,0,0,0,0,0,1,1,6,0,0
41728,4113,DS-2170,0,0,0,0,0,0,0,2,1,9,0,0
41729,4113,KW-1150,0,0,0,0,1,1,11,0,0,0,0,0
41730,4113,JA-0450,0,0,0,0,1,1,6,0,0,0,0,0
41731,4113,KS-2350,0,0,0,0,0,0,0,1,0,0,0,0
41732,4113,TT-0500,0,0,0,0,3,0,-4,0,0,0,0,0
41733,4114,AP-0700,0,0,0,0,3,1,6,0,0,0,0,0
41734,4114,TB-2650,3,2,15,0,1,1,6,0,0,0,0,0
41735,4114,CJ-1450,0,0,0,0,0,0,0,1,0,0,0,0
41736,4114,MP-2350,0,0,0,0,0,0,0,1,1,6,0,0
41737,4114,TG-1950,0,0,0,0,2,2,6,0,0,0,0,0
41738,4114,NF-0250,1,0,0,0,0,0,0,0,0,0,0,0
41739,4114,JC-4300,0,0,0,0,0,0,0,1,0,0,0,0
41740,4114,JM-3450,0,0,0,0,0,0,0,1,1,9,0,0
41741,4115,TY-0150,0,0,0,0,1,0,-1,0,0,0,0,0
41742,4115,CI-0300,0,0,0,0,5,3,11,1,1,16,0,0
41743,4115,RF-0500,5,3,43,0,0,0,0,0,0,0,0,0
41744,4115,ED-0200,0,0,0,0,0,0,0,2,1,7,0,0
41745,4115,BB-2425,5,1,20,0,0,0,0,0,0,0,1,0
41746,4115,BW-0400,0,0,0,0,0,0,0,3,1,20,0,0
41747,4115,BM-0300,0,0,0,0,0,0,0,2,1,20,0,0
41748,4115,JT-2000,0,0,0,0,0,0,0,1,0,0,0,0
41749,4115,DR-2250,0,0,0,0,0,0,0,1,0,0,0,0
41750,4116,DW-3600,0,0,0,0,9,6,28,0,0,0,0,0
41751,4116,BR-1100,6,4,30,0,0,0,0,0,0,0,0,0
41752,4116,MW-1250,0,0,0,0,0,0,0,2,0,0,0,0
41753,4116,AB-3500,0,0,0,0,0,0,0,2,2,12,0,0
41754,4116,DC-0725,5,2,16,1,0,0,0,0,0,0,0,0
41755,4116,AC-2350,0,0,0,0,0,0,0,2,1,15,0,0
41756,4116,LM-1850,0,0,0,0,1,0,0,0,0,0,0,0
41757,4116,CW-0225,0,0,0,0,0,0,0,3,1,1,0,0
41758,4116,MB-4550,0,0,0,0,0,0,0,1,1,14,0,0
41759,4116,JJ-0725,0,0,0,0,0,0,0,1,1,4,0,0
41760,4116,JO-0550,0,0,0,0,1,1,19,0,0,0,0,0
41761,4117,DM-0450,0,0,0,0,4,1,8,1,0,0,0,0
41762,4117,JW-5650,6,1,4,0,2,1,12,0,0,0,0,0
41763,4117,ME-0600,0,0,0,0,0,0,0,2,0,0,0,0
41764,4117,SV-0200,0,0,0,0,3,0,2,1,1,4,0,0
41765,4117,EM-0200,7,4,21,0,0,0,0,0,0,0,0,0
41766,4117,WT-0600,0,0,0,0,0,0,0,2,0,0,0,0
41767,4117,MW-1475,0,0,0,0,0,0,0,1,1,3,0,0
41768,4117,AW-1350,0,0,0,0,1,0,2,0,0,0,0,0
41769,4117,RR-0130,0,0,0,0,0,0,0,1,1,8,0,0
41770,4117,OD-0200,0,0,0,0,1,1,5,0,0,0,0,0
41771,4117,JC-6025,0,0,0,0,0,0,0,1,1,6,0,0
41772,4117,DD-3050,0,0,0,0,0,0,0,3,1,4,0,0
41773,4117,OB-0075,0,0,0,0,0,0,0,1,0,0,0,0
41774,4118,SD-0800,0,0,0,0,3,0,-3,0,0,0,0,0
41775,4118,PT-0400,0,0,0,0,2,0,6,0,0,0,0,0
41776,4118,BG-0100,3,3,20,0,1,1,9,0,0,0,0,0
41777,4118,QP-0050,0,0,0,0,0,0,0,1,1,8,0,0
41778,4118,KG-0350,0,0,0,0,1,1,1,0,0,0,0,0
41779,4118,GC-0350,0,0,0,0,0,0,0,2,2,12,0,0
41780,4118,DF-1875,0,0,0,0,1,0,1,2,1,17,0,0
41781,4118,MR-2500,7,4,36,0,0,0,0,0,0,0,0,0
41782,4118,JJ-4700,0,0,0,0,0,0,0,3,1,4,0,0
41783,4118,JT-0300,0,0,0,0,0,0,0,1,1,12,0,0
41784,4118,JH-1350,0,0,0,0,0,0,0,1,1,3,0,0
41785,4119,AL-1100,4,4,24,0,3,1,6,0,0,0,0,0
41786,4119,GW-0650,0,0,0,0,0,0,0,2,2,13,0,0
41787,4119,FG-0200,0,0,0,0,5,1,12,0,0,0,0,0
41788,4119,AB-2600,0,0,0,0,3,0,0,1,1,8,0,0
41789,4119,JD-2550,0,0,0,0,0,0,0,1,1,3,0,0
41790,4119,PM-0200,5,4,14,0,0,0,0,0,0,0,0,0
41791,4119,CA-0750,0,0,0,0,0,0,0,1,1,4,0,0
41792,4119,DT-0900,0,0,0,0,0,0,0,2,2,9,0,0
41793,4119,BF-0950,0,0,0,0,0,0,0,1,0,0,0,0
41794,4119,RH-2350,0,0,0,0,1,1,3,0,0,0,0,0
41795,4119,OD-0100,0,0,0,0,0,0,0,1,1,1,0,0
41796,4120,MC-0700,6,4,48,0,0,0,0,0,0,0,0,0
41797,4120,JH-0860,0,0,0,0,0,0,0,1,0,0,0,0
41798,4120,DM-1600,0,0,0,0,4,2,7,0,0,0,0,0
41799,4120,TW-2270,0,0,0,0,0,0,0,1,1,8,0,0
41800,4120,LW-1150,0,0,0,0,0,0,0,1,0,0,0,0
41801,4120,CB-1130,0,0,0,0,0,0,0,2,2,22,0,0
41802,4120,RM-1200,0,0,0,0,2,2,18,0,0,0,0,0
41803,4120,SB-1100,4,1,7,0,0,0,0,0,0,0,0,0
41804,4120,JH-5750,0,0,0,0,0,0,0,1,0,0,0,0
41805,4120,DS-3300,0,0,0,0,1,1,5,1,1,7,0,0
41806,4120,JM-1550,0,0,0,0,0,0,0,2,0,0,0,0
41807,4120,DM-4300,0,0,0,0,2,1,-1,0,0,0,0,0
41808,4120,DB-5300,0,0,0,0,0,0,0,1,1,18,0,0
41809,4121,DW-4300,0,0,0,0,3,1,7,2,1,14,0,0
41810,4121,PR-0300,5,3,31,0,0,0,0,0,0,0,0,0
41811,4121,JL-0280,0,0,0,0,3,3,9,0,0,0,0,0
41812,4121,JC-6200,6,3,18,0,0,0,0,0,0,0,1,0
41813,4121,MB-1800,0,0,0,0,0,0,0,2,2,4,0,0
41814,4121,AJ-0430,0,0,0,0,0,0,0,3,1,14,0,0
41815,4121,KC-0250,0,0,0,0,1,0,2,0,0,0,0,0
41816,4121,SJ-0600,0,0,0,0,0,0,0,2,1,8,0,5
41817,4121,AG-0500,0,0,0,0,0,0,0,1,1,9,0,0
