tid,gid,tname,pts,q1p,q2p,q3p,q4p,rfd,pfd,ifd,ry,ra,py,pa,pc,sk,ints,fum,pu,gpy,pr,pry,kr,kry,ir,iry,pen,top,td,tdr,tdp,tdt,fgm,fgat,fgy,rza,rzc,bry,bpy,srp,s1rp,s2rp,s3rp,spp,s1pp,s2pp,s3pp,lea,ley,lta,lty,lga,lgy,mda,mdy,rga,rgy,rta,rty,rea,rey,r1a,r1y,r2a,r2y,r3a,r3y,qba,qby,sla,sly,sma,smy,sra,sry,dla,dly,dma,dmy,dra,dry,wr1a,wr1y,wr3a,wr3y,tea,tey,rba,rby,sga,sgy,p1a,p1y,p2a,p2y,p3a,p3y,spc,mpc,lpc,q1ra,q1ry,q1pa,q1py,lcra,lcry,lcpa,lcpy,rzra,rzry,rzpa,rzpy,sky,lbs,dbs,sfpy,drv,npy,tb,i20,rtd,lnr,lnp,lbr,lbp,dbr,dbp,nha,s3a,s3c,l3a,l3c,stf,dp,fsp,ohp,pbep,dlp,dsp,dum,pfn,snpo,snpd
7979,3990,PIT,21,0,3,8,10,7,15,1,134,25,330,38,26,3,1,0,2,87,1,3,1,22,0,0,77,32,2,1,1,0,2,4,68,3,2,79,139,15,12,2,1,21,8,5,8,2,17,2,4,7,27,5,34,5,28,2,19,2,5,15,115,8,19,2,0,0,0,11,85,7,42,9,50,5,93,1,0,5,81,19,204,7,58,11,84,1,5,41,324,15,115,11,46,15,169,6,12,8,6,44,8,49,0,0,0,0,9,23,4,20,21,1,1,197,9,86,0,1,0,5.5,1,10,4,7.5,16,9,2,2,7,4,7,0,1,3,2,0,3,0,0,73,61
7980,3990,NE,28,0,14,7,7,5,19,2,81,26,281,32,25,2,0,0,4,191,1,1,1,8,1,0,64,28,4,0,4,0,0,0,0,4,4,24,52,9,6,0,3,22,10,8,4,1,-3,2,9,3,17,9,20,3,4,3,25,2,10,15,59,5,11,3,12,2,3,12,79,7,71,7,49,1,18,1,0,4,71,15,121,1,9,9,95,7,63,21,193,14,168,12,82,8,31,4,16,5,3,10,8,56,2,5,5,72,5,11,6,27,7,1,0,194,9,168,1,1,0,10.5,3,5,8,7.5,14,5,4,4,3,1,6,0,0,2,1,0,2,1,1,61,73
7981,3991,GB,31,7,3,7,14,10,10,1,135,31,189,23,18,0,0,0,2,97,0,0,4,106,1,42,74,28,4,1,3,0,1,1,37,5,4,69,100,15,7,4,4,15,6,6,3,5,34,6,49,7,20,0,0,5,8,2,7,3,16,15,75,9,37,4,22,6,36,9,56,2,25,8,49,1,34,0,0,2,25,13,97,4,51,3,27,3,14,30,243,9,83,7,61,7,45,7,7,4,6,30,7,54,11,40,4,21,5,10,6,31,0,0,0,274,9,66,1,0,0,8.5,2,11.5,4,10,13,16,2,2,3,1,2,0,1,2,1,3,2,1,1,60,77
7982,3991,CHI,23,3,10,3,7,10,12,3,189,33,213,35,18,2,1,0,1,56,1,11,3,63,0,0,64,32,2,1,1,0,3,3,149,3,1,88,99,20,10,5,5,16,7,1,8,10,48,3,31,4,37,0,0,5,14,5,30,6,29,17,105,10,49,6,35,4,31,14,111,2,42,15,72,1,0,0,0,3,0,16,86,2,59,8,55,9,25,47,321,12,64,11,14,14,135,5,9,4,7,37,9,41,4,22,9,73,5,14,10,17,12,0,0,206,8,56,0,0,0,7.5,1,11,4,7.5,8,30,5,3,7,3,2,0,2,2,0,3,2,0,0,77,60
7983,3992,KC,27,14,13,0,0,7,12,0,100,35,233,33,22,2,0,0,7,307,5,81,1,30,1,0,25,35.5,3,0,3,0,2,3,75,3,2,45,62,12,8,3,1,16,6,8,2,7,21,0,0,5,7,7,25,3,17,2,3,5,27,19,64,6,22,4,14,6,18,9,120,5,38,13,65,1,0,0,0,3,20,12,77,0,0,7,106,12,60,34,191,10,99,16,89,9,45,4,13,5,7,19,11,120,0,0,0,0,1,3,5,20,10,1,1,600,16,253,2,4,0,5,4,5,4,11,19,0,3,1,10,2,8,0,0,2,0,0,1,0,0,70,77
7984,3992,HOU,20,6,3,0,11,6,17,1,98,21,298,47,26,5,1,1,7,329,4,14,0,0,0,0,39,24.5,2,0,2,0,2,2,81,4,2,45,52,10,6,3,1,24,12,10,2,0,0,1,4,1,3,9,32,4,20,4,20,2,19,12,70,6,21,3,7,1,6,17,128,8,67,13,88,2,19,4,32,2,0,24,203,11,80,6,33,5,18,43,229,23,160,17,123,12,15,4,10,12,5,35,10,78,0,0,0,0,4,6,8,31,36,0,0,267,14,228,1,1,0,11,4,11.5,3.5,6.5,12.5,5,3,1,9,1,4,0,2,1,1,2,0,0,0,77,70
7985,3993,CLE,10,0,10,0,0,5,10,0,104,28,217,32,18,3,1,4,2,121,1,10,1,27,1,0,109,31.5,1,0,1,0,1,1,26,2,0,27,96,10,4,4,2,16,5,4,7,2,5,4,8,2,-1,11,58,0,0,2,10,7,24,12,25,11,49,5,30,8,58,10,35,7,59,12,83,3,54,0,0,0,0,8,109,10,44,9,51,5,27,40,308,12,56,10,22,13,139,2,12,4,9,41,8,49,0,0,0,0,4,23,3,0,14,0,0,248,10,108,0,0,0,12.5,2,9,0,11.5,9,7,6,4,10,4,9,0,2,4,2,1,1,2,1,71,61
7986,3993,NYJ,31,0,14,10,7,9,9,0,155,37,179,24,15,0,1,0,3,131,2,13,1,13,1,18,30,28.5,4,2,2,0,1,1,34,6,4,73,65,16,8,6,2,13,6,2,5,1,21,0,0,3,7,15,54,4,13,7,15,5,45,16,68,14,70,5,17,1,0,7,42,1,15,9,57,6,22,0,0,1,43,18,154,0,0,1,0,5,25,26,256,10,57,6,21,8,101,4,6,5,6,21,3,27,0,0,0,0,10,38,5,42,0,2,0,400,10,101,1,1,0,12.5,1.5,6,5,9.5,12.5,0,4,2,5,3,7,0,0,1,0,2,0,0,1,61,71
7987,3994,IND,14,0,0,8,6,5,16,2,65,18,240,49,26,2,2,1,4,177,2,1,3,58,0,0,49,29,2,0,2,0,0,1,0,2,2,11,59,10,5,4,1,20,9,3,8,2,15,1,4,7,22,2,12,4,12,0,0,0,0,9,44,6,20,1,1,3,21,13,58,7,34,21,92,3,30,0,0,5,29,24,112,14,91,7,22,4,18,36,184,20,115,15,51,16,74,8,12,6,3,13,12,77,0,0,0,0,3,13,8,16,3,0,0,186,10,171,0,0,0,11,1,10,3.5,9,8.5,15,4,3,10,4,1,0,1,3,1,0,0,1,0,77,59
7988,3994,BUF,27,7,10,7,3,7,7,1,150,40,195,19,14,0,0,0,5,252,1,6,1,0,2,53,113,31,3,2,1,0,2,2,86,1,1,87,120,15,5,7,3,8,4,2,2,4,16,2,-4,3,4,11,83,5,14,5,35,3,3,14,23,12,65,7,63,6,45,6,68,1,0,8,49,0,0,1,27,3,51,5,27,5,79,4,43,5,46,25,288,7,76,7,81,5,38,4,5,5,7,5,8,112,0,0,0,0,6,28,0,0,0,0.5,1,389,11,231,1,2,0,6.5,2,5.5,4,4,20,1,1,1,7,1,12,0,0,4,1,1,2,5,1,59,77
7989,3995,MIA,17,0,7,0,10,5,12,2,75,19,182,34,22,3,0,1,4,217,2,74,2,54,2,2,39,22,2,0,1,0,1,1,22,3,1,43,96,7,3,3,1,18,9,5,4,3,1,2,16,0,0,0,0,3,9,5,19,4,30,7,36,7,31,3,8,2,8,6,34,7,55,15,83,1,0,0,0,5,54,21,99,3,29,8,73,2,25,45,319,17,101,10,47,10,34,5,12,5,2,1,3,16,9,34,7,30,3,19,8,18,44,0,0,238,9,174,1,0,1,9.5,1.5,15.5,6,10,13.5,4,4,2,7,3,5,0,0,0,3,1,2,1,0,57,79
7990,3995,WAS,10,3,7,0,0,6,12,2,162,38,188,31,21,1,2,0,3,124,2,23,1,36,0,0,88,38,1,0,1,0,1,2,45,1,1,48,47,20,13,6,1,16,5,6,5,11,55,4,10,2,7,7,26,7,41,0,0,5,23,19,84,12,48,5,30,1,0,13,57,6,52,4,4,2,0,3,65,3,18,9,74,7,51,13,71,2,0,24,168,10,61,12,78,10,49,8,8,5,12,52,8,47,7,33,12,66,2,1,5,13,8,1.5,0,275,10,30,1,1,0,3,2.5,4.5,5.5,9.5,15,3,1,1,8,1,10,0,2,6,2,0,2,2,0,79,57
7991,3996,CAR,20,3,7,7,3,6,10,1,107,37,158,31,18,2,1,0,4,179,3,46,0,0,2,31,22,34,2,0,1,1,2,4,90,3,1,44,61,11,3,5,3,16,6,4,6,10,10,0,0,0,0,15,72,0,0,0,0,8,25,15,33,11,45,7,29,12,37,12,44,7,53,9,54,0,0,0,0,3,24,10,67,8,54,5,20,8,34,44,287,11,51,11,20,11,87,4,11,3,8,49,10,16,9,39,6,25,7,0,6,13,17,2,0,413,12,150,1,2,0,4,4,10,10,7,11,7,3,2,11,5,9,7,0,1,1,0,0,0,1,71,67
7992,3996,JAC,9,3,6,0,0,6,12,0,96,21,169,39,22,5,2,1,5,231,1,9,1,40,1,19,25,26,1,0,1,0,1,2,22,3,1,60,51,10,5,4,1,18,8,7,3,4,15,0,0,0,0,12,50,0,0,0,0,5,31,8,41,11,52,2,3,4,26,12,65,6,31,11,36,3,0,3,27,4,24,13,87,15,45,2,0,9,51,42,192,20,70,12,72,12,27,9,9,4,8,49,8,15,2,11,5,13,2,14,6,-1,14,1,0,332,12,185,0,2,0,13.5,1,14,8.5,5.5,8.5,4,1,1,8,0,4,0,0,3,0,0,1,0,1,67,71
7993,3997,SEA,31,7,3,3,18,10,10,1,125,33,219,41,32,6,1,0,4,207,2,63,2,56,0,0,46,37.5,3,0,1,1,3,3,87,4,1,56,44,18,6,4,8,24,13,10,1,2,10,2,26,4,4,17,67,1,4,2,-1,3,15,11,36,9,20,11,69,7,32,17,95,5,46,18,110,1,0,0,0,0,0,19,111,5,42,9,51,8,47,71,440,21,128,17,95,9,-4,12,15,5,7,19,5,26,7,17,13,88,4,12,10,25,32,0,1,308,11,102,1,2,1,11.5,3.5,8,1.5,3.5,13,22,10,7,5,2,8,7,1,1,4,2,0,1,0,83,60
7994,3997,STL,34,0,10,14,7,5,13,1,76,26,276,27,18,2,0,3,3,142,2,85,3,63,1,15,30,28.5,4,2,1,0,2,2,70,4,2,16,223,12,9,2,1,15,7,3,5,1,7,10,37,1,3,9,15,2,11,2,2,1,1,16,63,8,9,2,4,4,11,7,26,4,34,8,83,2,67,2,45,4,42,8,35,4,58,8,127,7,77,25,151,11,131,9,49,9,96,3,5,10,4,2,7,52,9,27,14,137,4,22,1,0,21,0,1,284,11,79,0,0,1,15,7.5,7,6.5,9,23,0,1,1,5,3,8,0,2,1,1,1,0,1,0,60,83
7995,3998,NO,19,3,7,3,6,4,12,2,54,20,354,48,30,2,1,0,4,171,1,2,1,10,0,0,73,33.5,1,0,1,0,4,4,138,4,1,0,198,8,2,4,2,20,9,6,5,2,3,4,-5,0,0,10,42,0,0,2,6,2,8,8,19,10,28,2,7,1,3,13,58,12,81,15,104,2,30,2,60,4,19,15,78,10,101,5,19,15,149,35,287,20,165,13,60,17,126,11,13,6,8,19,7,49,2,2,14,119,2,3,8,23,1,0,0,239,11,156,0,1,0,10,0,10,1.5,2,13.5,1,4,4,9,1,6,0,1,2,0,0,6,1,0,74,62
7996,3998,ARI,31,7,7,3,14,7,13,5,121,26,307,32,19,0,0,1,4,158,2,15,1,43,1,10,30,26.5,4,1,3,0,1,1,43,3,3,82,154,12,9,2,1,19,8,7,4,2,9,1,2,1,12,16,64,0,0,1,16,3,18,17,80,6,29,1,12,2,15,4,24,5,17,14,180,3,29,3,40,3,17,9,105,11,54,6,86,6,62,24,231,11,94,12,131,9,82,3,10,6,4,18,11,81,9,48,5,103,2,-1,3,27,0,2,0,363,12,156,0,2,0,6,6,5,6.5,9,17.5,1,1,1,5,4,5,0,1,1,1,1,1,0,0,62,74
7997,3999,DET,28,7,14,0,7,2,12,2,70,17,233,30,19,1,2,0,5,176,2,34,3,105,2,31,29,22,4,1,2,1,0,0,0,1,1,35,107,6,5,0,1,15,9,4,2,2,-1,2,5,1,0,6,58,0,0,2,7,2,1,10,38,3,6,2,26,0,0,9,65,5,63,9,78,2,0,3,40,0,0,12,63,2,22,6,53,8,108,29,241,13,140,10,50,8,43,3,9,7,5,42,7,48,3,10,3,18,0,0,1,18,13,0,0,322,11,176,0,3,0,14,5.5,7.5,5,4.5,24.5,0,1,1,4,0,3,7,0,0,1,2,0,1,0,47,79
7998,3999,SD,34,3,7,10,14,5,20,3,97,32,388,42,35,2,2,1,2,104,0,0,1,24,2,27,40,38,4,2,2,0,2,2,57,7,4,24,167,15,8,7,0,28,9,13,6,2,4,0,0,0,0,22,84,1,2,3,7,0,0,17,52,11,45,0,0,0,0,18,144,9,93,13,119,0,0,0,0,2,48,8,111,17,166,6,74,11,53,62,484,17,108,16,205,11,75,10,12,13,7,32,8,37,6,10,11,139,6,18,9,58,16,1,0,353,12,70,0,0,0,2.5,0,6.5,4.5,4,13.5,0,3,1,7,4,6,0,1,1,1,0,1,1,0,79,47
7999,4000,TEN,42,21,14,7,0,7,11,2,127,37,185,16,13,2,0,1,4,189,2,14,1,17,2,34,55,31.5,6,1,4,1,0,0,0,4,4,58,136,15,11,4,0,12,4,4,4,2,25,7,46,7,28,6,6,4,21,2,6,1,-3,17,84,9,41,3,4,2,6,5,54,3,46,6,69,0,0,0,0,2,40,6,125,2,11,4,61,4,12,14,190,7,95,6,54,5,36,3,4,6,2,7,9,130,0,0,0,0,5,0,4,35,24,2,0,357,10,172,0,0,0,9.5,4,8.5,5.5,8,5.5,1,1,1,4,2,6,7,2,4,1,1,1,1,0,59,74
8000,4000,TB,14,0,7,0,7,4,11,1,92,26,181,33,16,4,2,0,4,188,2,17,3,83,0,0,97,28.5,2,0,2,0,0,0,0,2,1,28,97,12,7,3,2,12,5,4,3,4,23,4,14,2,17,5,7,7,13,2,9,2,9,13,56,7,25,6,11,6,18,8,49,8,77,13,28,2,21,2,35,0,0,11,51,8,20,7,110,7,29,29,171,13,58,12,26,12,97,5,5,6,11,49,6,29,0,0,0,0,2,7,10,6,29,1,0,314,12,174,0,0,0,7,1,11,1,10,9,12,6,3,9,1,8,0,3,4,3,1,2,1,1,74,59
8001,4001,CIN,33,7,17,9,0,7,13,2,129,33,269,34,25,0,0,0,5,219,2,23,2,14,1,0,50,32.5,4,2,2,0,2,2,67,6,4,62,113,17,9,6,2,17,7,7,3,2,13,6,20,4,37,9,37,4,15,4,7,0,0,16,84,8,33,5,12,2,3,5,29,6,48,16,107,3,61,0,0,4,24,11,97,3,19,13,104,7,49,40,354,13,107,13,86,8,76,7,12,6,8,41,8,43,0,0,0,0,10,22,8,30,0,0,0,364,12,192,0,1,0,3,2,7,13,6,15,14,5,2,6,2,6,0,0,1,2,0,0,3,0,68,66
8002,4001,OAK,13,0,0,0,13,1,13,2,63,16,183,43,30,2,1,1,6,260,3,27,3,69,0,0,32,27.5,2,0,2,0,0,0,0,2,2,12,24,6,4,2,0,23,12,6,5,4,15,1,3,1,7,8,32,1,4,1,2,0,0,6,27,7,16,3,20,1,8,13,53,15,108,12,42,1,0,1,0,1,0,17,84,7,20,4,5,15,94,49,240,20,71,13,29,12,83,14,15,1,5,14,9,54,0,0,0,0,0,0,4,28,20,0,0,327,12,217,1,1,0,9,2,6.5,5.5,8.5,14.5,12,4,1,10,3,4,0,1,2,1,0,2,2,0,66,68
8003,4002,BAL,13,0,3,10,0,6,4,1,73,23,100,32,18,2,2,0,6,310,2,32,1,10,1,24,15,22.5,1,0,0,1,2,2,96,1,0,20,22,9,3,5,1,10,5,3,2,0,0,5,8,4,12,9,21,2,4,2,8,1,20,11,18,10,36,2,19,0,0,9,31,9,59,9,5,1,0,2,0,2,22,5,24,9,21,6,38,12,34,22,88,11,38,11,53,12,9,9,7,2,5,8,7,-1,3,29,15,48,0,0,5,1,17,3,0,271,11,290,0,3,0,14,4,7,5.5,3,17.5,7,2,1,9,0,9,7,0,0,0,2,1,0,0,58,77
8004,4002,DEN,19,6,3,7,3,4,11,1,70,26,150,40,24,4,1,0,5,259,3,20,0,0,2,51,45,37.5,1,0,0,1,4,4,189,1,0,11,0,10,6,3,1,14,3,4,7,2,10,3,2,2,6,6,31,2,3,7,22,2,-4,15,55,8,9,1,6,0,0,17,82,10,27,8,48,3,0,1,0,1,18,23,125,6,26,3,5,8,19,42,171,11,23,16,35,17,92,8,14,2,6,17,13,46,11,43,5,38,1,-4,0,0,25,2,0,251,11,227,0,2,0,10.5,1,9,9.5,3.5,8.5,13,1,1,13,4,7,7,4,1,1,0,1,0,1,77,58
8005,4003,NYG,26,3,10,3,10,6,10,2,99,24,190,36,20,1,0,0,4,179,2,3,0,0,2,20,44,23,2,1,0,1,4,4,139,4,1,38,0,15,9,4,2,16,6,6,4,5,11,3,5,1,2,10,55,2,7,2,8,1,11,13,77,9,7,2,15,1,8,11,51,2,16,16,107,2,16,0,0,2,0,19,90,0,0,8,54,6,46,37,216,13,43,12,70,12,74,7,8,5,3,11,4,22,12,53,12,70,6,3,5,24,3,0,0,309,11,182,0,3,0,8,2,7.5,11.5,6.5,17.5,32,4,2,8,2,6,7,1,1,1,0,2,1,0,62,71
8006,4003,DAL,27,3,3,7,14,4,21,2,81,24,356,45,36,0,2,1,2,107,1,3,5,96,0,0,35,37,3,0,3,0,2,2,53,5,3,15,70,10,5,5,0,31,16,9,6,6,32,3,14,2,5,2,3,3,6,3,11,3,10,13,55,9,26,0,0,0,0,17,134,13,79,14,122,0,0,1,21,0,0,15,108,7,49,11,68,12,131,37,303,21,172,13,104,11,80,8,19,9,7,31,12,70,1,-2,10,83,2,1,12,54,0,0,0,223,11,104,0,1,0,4.5,2.5,12,3.5,6.5,13,7,3,3,4,1,4,0,1,0,0,1,0,2,0,71,62
8007,4004,PHI,24,0,3,14,7,5,17,1,63,16,336,52,36,0,2,0,5,226,3,25,0,0,2,23,88,24.5,3,2,1,0,1,2,29,4,3,49,70,8,2,5,1,29,17,9,3,2,5,1,3,1,3,0,0,6,25,1,1,5,26,6,-3,8,55,2,11,0,0,21,122,10,71,16,73,3,45,0,0,2,25,20,146,5,27,9,52,18,111,67,460,27,202,14,76,11,58,11,18,7,4,-9,12,44,5,18,14,128,4,14,5,24,0,0,0,324,13,188,1,1,0,13.5,2,9,5,8.5,15,53,4,2,6,1,6,0,1,8,1,0,2,1,1,74,77
8008,4004,ATL,26,3,17,0,6,3,16,2,108,38,290,34,23,1,2,0,4,231,2,18,3,59,2,3,57,35.5,2,0,2,0,4,4,171,3,1,30,136,16,10,5,1,19,7,9,3,10,17,5,22,3,26,0,0,1,3,4,8,9,32,20,67,9,31,3,10,2,10,10,48,7,64,8,57,5,63,1,0,3,66,19,225,5,21,4,23,6,29,23,142,10,144,15,118,10,28,5,11,7,8,15,11,111,7,14,7,86,4,0,3,14,8,0,0,414,14,206,0,2,0,3,6,5.5,12.5,5.5,14.5,4,4,2,6,1,6,0,1,5,0,1,0,0,0,77,74
8009,4005,MIN,3,0,0,0,3,5,11,1,71,17,177,32,23,5,1,0,4,150,2,9,1,21,0,0,25,27,0,0,0,0,1,2,37,1,0,25,48,10,5,4,1,14,8,6,0,0,0,3,18,1,4,9,41,1,2,1,1,2,5,8,28,7,37,2,6,3,16,12,47,3,21,5,42,6,83,1,0,3,17,7,63,8,55,9,56,7,57,37,174,17,125,11,79,9,-27,9,6,8,4,12,7,7,0,0,0,0,0,0,2,0,54,0.5,0,274,10,150,0,2,0,8.5,0.5,11.5,6.5,15,11,2,1,1,6,0,4,0,1,0,1,1,3,0,0,56,73
8010,4005,SF,20,0,7,3,10,14,8,3,232,41,165,26,17,1,0,1,3,140,2,0,0,0,1,26,57,33,2,2,0,0,2,3,55,5,2,105,40,26,15,9,2,12,5,4,3,12,91,2,15,3,20,11,45,1,5,4,26,4,30,22,144,12,69,3,19,5,43,9,36,3,35,11,94,1,0,0,0,2,0,8,47,3,5,11,92,4,21,56,563,9,58,10,57,8,50,5,7,5,11,60,7,31,6,42,4,48,5,40,6,8,0,2,2,271,9,131,0,2,0,4,1.5,7,8,3,17.5,1,3,2,6,2,6,0,2,3,1,0,1,1,2,73,56
8011,4006,DEN,31,0,14,3,14,3,15,3,61,22,238,45,26,3,1,0,7,314,0,0,1,21,2,29,85,31,4,0,3,1,1,1,54,3,3,41,42,5,3,2,0,20,7,7,6,1,16,2,1,2,7,10,19,1,14,5,7,1,-3,10,28,10,33,2,0,0,0,14,109,6,10,15,76,6,41,1,20,3,0,28,203,7,20,8,31,2,2,41,260,19,78,14,85,15,75,6,13,7,6,18,7,9,2,1,17,74,2,7,8,46,18,2,0,383,13,299,0,2,0,7,2,15,5,5,13,14,3,1,10,4,14,7,0,2,0,1,1,5,0,73,64
8012,4006,KC,24,0,14,3,7,7,9,4,144,29,170,25,16,4,2,3,4,210,4,15,1,21,1,55,60,29,3,2,0,1,1,1,35,4,1,71,113,12,7,5,0,12,6,6,0,5,38,1,3,2,11,16,71,2,6,0,0,3,15,18,75,10,67,1,2,3,15,7,51,2,24,14,86,0,0,1,30,1,0,8,57,0,0,7,112,10,22,34,271,11,77,12,94,6,-1,4,7,5,4,29,9,35,11,46,9,74,5,23,6,-4,21,2,0,288,13,210,0,2,0,11.5,1,6.5,3,4,21,0,0,0,6,0,4,7,4,3,0,0,4,0,1,64,73
8013,4007,HOU,17,3,0,7,7,5,11,5,61,23,239,58,27,1,1,0,8,388,6,58,1,27,1,17,70,27.5,2,1,1,0,1,1,43,3,2,13,48,7,2,2,3,19,9,6,4,0,0,4,22,3,4,11,19,4,13,1,3,0,0,11,26,8,21,4,14,1,6,22,59,14,73,14,48,2,16,1,0,4,48,19,116,16,49,6,26,16,53,55,230,21,85,19,99,19,55,9,14,4,6,14,17,42,4,7,14,19,2,6,9,22,5,0,1,348,14,344,0,4,0,9.5,1,13,4,8.5,10,18,5,4,13,2,7,0,0,1,2,2,3,0,3,88,78
8014,4007,CAR,24,0,10,7,7,9,13,3,173,34,178,37,18,2,1,0,7,377,4,44,1,33,1,8,92,32.5,3,1,2,0,1,2,28,2,1,90,88,15,9,5,1,14,6,5,3,1,11,4,6,0,0,12,55,5,24,5,22,5,55,19,102,11,59,2,12,9,77,16,66,1,10,12,58,4,25,3,36,1,0,13,98,6,26,14,70,4,1,50,331,16,102,12,45,11,31,5,8,5,6,34,10,7,9,23,7,50,4,12,3,7,17,0,0,400,16,299,1,1,0,8,1,6,8,8,16,14,1,1,10,2,3,0,1,1,1,2,1,4,0,78,88
8015,4008,SF,18,0,3,0,15,7,18,2,111,31,298,46,33,5,0,1,4,171,2,11,3,58,0,0,46,37,2,0,2,0,1,1,47,4,1,34,118,16,12,1,3,28,9,12,7,3,29,2,8,5,17,14,47,3,5,2,5,2,0,20,86,5,7,6,18,9,51,16,78,8,46,17,75,0,0,3,78,2,43,17,165,6,43,13,83,10,29,72,507,14,106,21,138,16,39,12,18,3,10,52,5,23,0,0,0,0,7,11,16,38,37,0,0,197,10,155,0,1,0,7.5,1.5,4,4.5,6.5,12,12,8,5,7,1,6,0,1,1,1,3,1,0,1,90,57
8016,4008,PIT,43,8,21,0,14,6,14,1,88,29,369,27,21,0,0,0,3,142,1,16,0,0,0,0,58,23,6,3,3,0,0,0,0,5,5,37,267,11,9,2,0,15,4,5,6,0,0,3,32,7,24,7,17,1,1,3,14,0,0,17,82,4,6,0,0,0,0,12,46,3,36,3,1,4,87,2,76,3,123,15,262,5,77,2,15,5,15,32,357,7,65,11,59,9,245,8,5,8,5,16,11,108,0,0,0,0,7,32,4,22,0,2.5,0,288,12,131,0,1,0,7,3.5,15.5,13,7.5,16.5,25,1,1,6,3,2,0,1,0,1,3,0,3,0,57,90
8017,4009,TB,26,3,7,13,3,6,7,5,139,35,194,21,14,3,0,2,3,116,3,34,1,37,1,26,90,28.5,2,1,1,0,4,5,142,5,2,56,120,15,11,2,2,9,4,1,4,8,38,9,34,4,18,1,5,5,7,6,29,2,8,21,86,10,33,4,20,6,23,6,31,3,36,6,20,0,0,2,21,4,99,8,54,4,82,3,29,6,42,19,175,6,104,6,14,12,76,4,3,7,6,38,5,35,9,22,3,6,6,9,3,15,13,3,0,433,12,116,0,2,0,12.5,1.5,5.5,10.5,6,15,2,2,1,9,4,7,0,2,4,0,2,1,1,1,66,78
8018,4009,NO,19,0,7,0,12,8,11,2,105,28,219,38,24,4,1,2,4,175,1,0,1,23,0,0,115,31.5,3,2,1,0,0,1,0,3,3,50,88,14,7,5,2,21,5,9,7,4,14,2,17,6,32,0,0,9,38,2,0,3,4,15,59,9,39,2,7,0,0,11,55,8,97,9,63,2,0,4,22,4,18,12,131,12,77,8,14,5,33,32,189,14,42,15,110,13,67,5,12,7,6,1,8,40,0,0,10,52,6,28,1,16,36,2,0,366,13,141,0,1,0,6.5,1,16,5,11.5,10,2,3,3,5,3,7,0,2,2,2,1,4,2,0,78,66
8019,4010,DET,16,0,10,0,6,2,17,6,38,16,285,53,32,1,1,2,4,177,1,2,3,84,0,0,39,29,2,0,2,0,1,1,26,3,2,0,0,7,1,4,2,26,14,6,6,4,24,1,-2,1,5,5,9,0,0,1,2,4,0,4,13,9,11,3,14,4,20,13,54,14,117,22,97,2,18,0,0,1,0,27,163,6,14,10,43,9,66,51,276,27,140,15,86,12,59,10,16,6,4,5,7,29,0,0,0,0,0,0,9,47,1,0,0,178,10,138,0,2,0,13,1.5,9.5,2.5,14.5,7,7,3,3,8,3,4,0,1,3,0,2,1,0,0,78,65
8020,4010,MIN,26,7,10,6,3,12,7,1,200,44,151,18,14,1,0,1,3,134,3,39,2,62,1,11,97,31,3,2,1,0,2,2,51,6,3,95,71,23,14,5,4,8,2,2,4,4,43,4,19,2,13,18,58,3,33,4,11,6,24,25,135,10,41,6,25,5,23,4,19,3,49,8,45,1,22,0,0,1,17,3,38,5,27,8,30,2,58,26,215,3,24,8,15,8,112,7,4,3,15,107,4,26,0,0,0,0,18,34,5,12,2,0,0,474,11,132,0,2,0,8.5,3,4.5,6.5,1,20.5,4,4,3,7,4,11,0,1,1,1,1,4,2,0,65,78
8021,4011,ARI,48,14,14,14,6,6,12,3,117,30,185,24,17,0,1,1,3,121,2,6,2,117,2,27,58,30,7,1,4,1,0,0,0,4,4,40,72,15,7,7,1,12,4,3,5,3,29,8,26,2,7,0,0,5,22,6,18,2,15,15,54,9,55,2,8,0,0,9,63,1,14,7,60,2,0,0,0,4,48,10,112,9,65,1,5,3,3,13,90,9,60,7,57,8,68,4,10,3,6,20,6,36,0,0,0,0,7,36,3,23,0,0.5,0,305,10,101,0,2,1,9.5,2,3.5,3,12,18,0,2,2,4,3,4,7,1,1,1,4,1,0,0,59,72
8022,4011,CHI,23,7,13,3,0,8,7,3,109,28,226,32,22,2,2,0,5,229,1,20,3,86,1,2,170,30,2,1,1,0,3,3,114,2,1,51,139,15,9,6,0,10,6,2,2,6,23,1,3,9,16,2,-5,5,37,3,8,2,27,18,91,9,20,1,-2,5,19,14,44,2,10,9,96,4,70,2,21,1,0,8,41,11,94,8,62,5,44,43,328,12,99,10,38,12,89,8,8,6,8,30,6,90,0,0,0,0,2,-1,2,8,15,0,0,395,13,203,1,0,0,7,1,10,2.5,8,7.5,14,2,1,9,0,6,0,4,4,1,1,3,1,0,72,59
8023,4012,NE,40,14,10,13,3,4,20,3,59,19,451,59,38,2,0,2,1,54,4,41,0,0,3,29,119,30,4,1,3,0,4,4,142,5,3,35,202,5,1,4,0,30,15,12,3,2,15,1,1,2,13,3,10,3,17,1,4,0,0,5,17,6,39,1,4,0,0,25,200,7,40,15,69,4,93,4,64,4,0,21,126,8,87,19,151,11,102,54,446,30,196,20,210,11,60,7,18,13,1,6,9,76,2,4,4,46,5,25,10,36,15,3,0,538,15,40,0,0,0,4.5,7,12.5,8,8,13,35,3,1,7,2,1,0,3,4,2,0,2,2,0,86,72
8024,4012,BUF,32,7,7,0,18,11,11,1,160,27,189,30,23,8,3,0,6,249,1,14,2,45,0,0,140,30,5,2,3,0,0,0,0,3,3,80,127,18,8,6,4,15,10,4,1,0,0,5,47,3,13,7,36,3,5,7,46,2,13,12,66,10,72,5,22,5,43,12,122,5,37,7,27,2,24,1,0,3,32,11,120,6,58,7,21,6,43,51,421,20,155,9,52,9,-26,8,10,5,10,58,8,9,0,0,1,0,5,19,2,20,53,0,0,345,13,208,0,2,0,4.5,2,2.5,10,4,25,13,3,2,6,0,3,0,0,5,3,0,3,5,2,72,86
8025,4013,SD,19,3,3,7,6,6,12,1,131,25,223,27,21,4,1,2,3,144,1,0,3,71,0,0,64,30,2,0,2,0,2,3,72,2,1,73,40,12,6,4,2,17,6,9,2,1,1,2,36,4,33,7,36,2,3,5,13,4,9,16,61,6,51,3,19,1,5,10,69,8,82,5,50,0,0,1,0,2,40,10,100,4,16,6,47,7,78,38,320,11,99,12,94,8,30,3,14,4,7,46,4,17,1,4,4,4,1,5,1,10,18,0,0,260,10,115,0,0,0,12,0,11,4.5,9,8.5,0,4,3,5,0,7,0,2,4,1,1,1,3,0,63,66
8026,4013,CIN,24,7,7,3,7,9,8,3,177,38,214,26,16,0,0,2,3,161,3,29,3,74,1,0,75,30,3,0,3,0,1,2,21,4,2,74,99,21,12,7,2,12,7,3,2,2,14,6,57,4,3,9,46,7,28,3,16,3,13,19,107,11,55,4,15,3,12,8,76,3,25,8,29,3,16,2,68,0,0,6,60,5,48,6,49,6,26,29,291,12,140,8,33,6,41,4,6,6,10,52,8,64,11,66,4,24,7,29,8,28,0,0,0,422,12,141,1,1,0,8.5,4,5.5,3,11,16,0,2,2,5,2,7,0,1,5,0,2,2,0,1,66,63
8027,4014,TEN,14,0,0,7,7,6,14,1,166,30,219,37,21,7,0,3,6,298,4,41,0,0,0,0,85,35,2,0,2,0,0,0,0,3,2,83,53,17,10,4,3,16,4,6,6,5,23,2,4,9,30,0,0,6,18,7,79,1,8,18,116,9,26,3,20,3,19,10,91,11,105,7,42,4,0,1,0,4,19,12,26,4,47,15,158,6,26,46,238,13,26,16,83,15,110,2,14,5,10,77,7,27,0,0,0,0,1,4,7,30,38,2,0,233,12,144,0,0,0,6,0,14.5,5,7.5,3,4,5,3,10,4,2,0,1,2,3,0,1,2,1,80,49
8028,4014,CLE,28,14,7,0,7,7,5,1,117,31,158,15,8,2,0,0,6,319,6,154,1,31,0,0,40,25,4,1,2,0,0,0,0,2,1,46,110,15,8,5,2,7,4,1,2,2,8,3,6,10,24,1,0,8,66,3,3,2,10,15,92,10,22,4,3,2,2,4,14,0,0,6,30,1,50,3,60,1,18,7,115,6,40,1,17,1,0,13,98,5,46,4,60,8,52,2,1,5,7,25,5,100,6,30,1,50,3,11,0,0,14,0,1.5,368,11,258,1,3,1,9,7.5,10,4.5,11,13,0,4,2,7,2,7,0,0,2,0,0,1,1,1,49,80
8029,4015,ATL,24,7,3,0,14,5,19,1,57,23,346,46,30,2,0,0,5,273,1,10,2,31,0,0,65,31.5,3,2,1,0,1,1,42,3,3,11,98,9,4,3,2,25,12,4,9,3,8,3,3,2,1,2,12,2,5,3,5,6,23,13,28,6,22,2,7,0,0,16,81,15,91,11,76,1,37,2,37,1,41,16,135,12,89,7,77,11,62,30,223,18,182,15,51,15,113,6,16,8,6,21,18,105,3,1,11,113,6,10,4,21,17,0,0,192,10,187,1,0,0,7,5.5,8,8.5,8,12,2,3,3,11,7,7,0,1,2,0,1,2,0,0,72,71
8030,4015,NYG,20,0,13,7,0,6,12,1,97,23,291,40,27,2,0,1,4,164,4,66,2,77,0,0,35,28.5,2,0,2,0,2,2,82,4,1,76,130,8,4,2,2,16,4,5,7,0,0,4,3,3,12,10,82,2,2,2,6,2,-8,14,64,5,15,4,18,2,23,16,139,7,66,11,54,6,26,0,0,0,0,20,161,1,5,9,31,10,88,48,373,12,88,16,69,14,127,9,14,4,5,6,4,19,5,18,12,25,2,7,5,21,1,0,0,285,10,154,0,3,0,8.5,3.5,7,8.5,3.5,19,40,3,1,9,4,7,0,2,1,3,0,2,0,0,71,72
8031,4016,STL,10,0,0,10,0,4,6,1,67,13,146,32,17,1,0,0,8,381,0,0,1,28,0,0,80,22.5,1,0,1,0,1,1,52,0,0,50,40,6,6,0,0,7,3,2,2,4,35,2,1,0,0,2,16,1,0,2,3,2,12,9,65,2,1,2,1,1,1,3,14,7,33,15,63,2,0,2,40,2,0,7,50,5,7,9,62,11,31,27,76,11,44,11,67,11,35,6,9,2,5,7,8,29,3,12,1,4,0,0,0,0,4,0,0,339,12,369,0,4,0,15,3,11.5,8,8.5,13,0,1,0,8,1,6,0,2,2,2,2,0,3,0,52,72
8032,4016,WAS,24,10,7,0,7,8,10,1,182,37,191,27,23,2,0,1,6,244,5,12,1,23,0,0,53,37.5,3,2,1,0,1,1,46,2,2,110,85,13,5,6,2,15,6,3,6,10,39,9,95,6,9,3,6,3,4,2,-1,4,30,17,85,16,73,4,24,0,0,11,50,6,78,7,40,2,35,0,0,1,0,7,23,8,52,6,82,6,46,24,161,11,93,6,28,12,70,10,9,4,6,79,8,62,11,35,5,48,8,22,2,12,12,0,0,306,12,224,1,1,0,3,2.5,4,7.5,6,6,3,3,2,8,2,9,0,1,4,0,1,1,0,1,72,52
8033,4017,MIA,20,3,10,7,0,0,15,2,42,16,344,43,30,2,0,0,6,289,3,25,2,57,0,0,112,30,2,0,2,0,2,3,89,2,2,0,132,6,6,0,0,21,10,6,5,4,11,0,0,0,0,6,13,0,0,0,0,6,18,9,39,7,3,0,0,3,17,10,45,11,84,12,81,0,0,4,101,6,48,21,233,6,3,6,80,10,43,58,430,18,166,11,78,16,100,10,12,8,2,2,5,50,1,2,17,68,3,5,3,28,15,0,0,278,12,237,1,0,0,5.5,0,15,2.5,11.5,11.5,0,5,2,8,1,5,0,1,5,2,1,4,1,0,68,73
8034,4017,JAC,23,10,10,0,3,4,11,4,124,34,273,33,18,0,0,0,7,317,3,32,2,46,0,0,93,30,2,0,2,0,3,3,113,3,1,52,158,13,8,4,1,16,6,6,4,5,8,0,0,0,0,19,52,1,1,0,0,7,63,18,72,11,26,3,26,1,28,7,22,4,29,11,45,4,117,3,24,4,36,16,223,8,34,4,0,4,13,35,310,10,130,12,56,11,87,5,6,7,11,45,9,123,9,22,10,53,7,24,3,3,0,0,0.5,350,13,272,1,1,0,3.5,1.5,8,8.5,4.5,18,1,5,2,6,1,10,0,0,8,0,1,0,2,0,73,68
8035,4018,BAL,33,10,10,0,13,7,17,5,109,25,384,45,32,0,1,1,2,92,0,0,1,29,1,25,109,30.5,3,1,2,0,4,4,111,6,2,42,230,15,5,6,4,25,15,8,2,2,3,2,19,1,4,16,77,3,8,1,-2,0,0,9,33,10,56,6,20,2,2,13,114,12,97,10,49,7,86,0,0,3,38,11,101,18,150,7,96,9,37,37,377,26,234,12,126,7,24,8,16,8,4,23,12,120,11,40,8,69,8,22,11,21,0,0,1,260,11,87,0,0,0,4.5,1,9.5,10.5,2,16.5,9,5,3,4,1,5,0,2,2,0,1,6,2,0,82,74
8036,4018,OAK,37,10,10,10,7,4,17,6,98,20,351,46,30,1,1,0,2,118,2,5,0,0,1,12,106,29.5,4,1,3,0,3,3,117,3,2,24,176,10,5,4,1,27,12,7,8,4,35,1,3,4,24,5,22,1,5,1,1,2,8,8,36,9,58,1,4,1,24,10,42,13,86,14,68,4,60,1,21,4,66,27,212,5,62,8,25,6,44,49,432,23,136,11,103,13,104,10,14,6,4,13,13,113,3,10,13,71,2,3,4,12,0,0,0,290,11,98,1,1,0,7,2,7.5,14,8.5,14,8,4,4,4,1,1,0,4,1,2,2,5,2,1,74,82
8037,4019,DAL,20,3,3,7,7,4,12,5,111,35,250,34,25,3,0,2,6,315,2,1,1,31,2,24,142,40.5,2,0,1,0,2,2,48,2,0,12,81,15,9,5,1,16,6,7,3,9,45,2,3,0,0,4,9,2,8,2,6,12,40,19,54,10,46,2,11,2,21,9,52,4,38,17,120,1,0,0,0,3,58,7,84,7,32,12,72,8,80,36,297,12,63,15,74,10,113,8,12,5,10,32,8,56,0,0,0,0,3,15,5,11,18,1,0,332,12,275,1,2,0,6.5,1.5,5.5,9.5,4,8,2,3,1,7,2,7,7,6,6,3,0,4,1,1,85,62
8038,4019,PHI,10,0,0,0,10,2,11,4,7,17,219,37,23,1,2,1,7,302,2,20,1,21,0,0,60,19.5,1,0,1,0,1,1,46,2,1,0,54,5,3,0,2,16,9,6,1,5,-14,0,0,0,0,4,6,2,3,3,9,3,3,10,5,5,-10,2,12,2,9,9,65,7,28,13,99,3,0,2,0,3,32,14,100,7,31,7,17,9,76,49,243,17,104,11,83,10,32,6,14,3,5,0,5,15,0,0,0,0,3,11,6,29,5,1,0,331,12,263,0,3,0,14,3,7.5,12.5,7.5,10.5,39,3,2,8,0,9,0,0,3,2,1,3,1,0,62,85
8039,4020,SEA,17,3,0,14,0,8,12,1,119,25,205,29,19,2,1,1,5,201,2,22,4,79,0,0,92,26.5,2,0,2,0,1,1,54,2,2,61,56,15,7,8,0,15,8,4,3,4,24,2,0,4,0,5,29,1,6,2,19,7,41,13,56,9,63,3,0,10,78,4,39,11,86,7,8,2,32,2,17,3,24,10,92,4,30,6,47,9,37,35,284,15,97,10,54,6,54,5,10,4,6,14,6,44,4,24,1,0,2,9,3,19,1,0,0,264,10,181,1,2,0,13,3.5,9.5,6.5,5.5,15,5,0,0,6,2,9,0,1,1,1,3,4,2,0,60,71
8040,4020,GB,27,10,3,3,11,7,11,3,128,30,234,33,25,2,0,1,3,139,0,0,1,19,1,2,35,33.5,2,0,2,0,4,4,137,3,1,45,76,12,3,7,2,18,10,6,2,6,33,4,11,1,9,7,17,0,0,3,45,7,13,12,25,12,88,4,15,5,24,12,85,6,27,8,61,2,0,2,51,1,25,16,149,7,66,4,23,4,11,54,426,17,120,11,85,7,29,9,10,6,8,32,10,83,8,23,9,91,3,5,6,21,15,0,0,285,11,117,0,0,0,9.5,4.5,7.5,1.5,8,12,34,3,2,7,2,5,0,1,2,1,2,1,2,0,71,60
8041,4021,NYJ,20,7,3,0,10,3,13,4,101,27,243,34,22,1,1,0,5,170,0,0,0,0,3,29,90,32,2,0,2,0,2,3,81,3,2,58,89,12,9,3,0,17,6,7,4,2,27,1,4,2,1,10,34,2,7,6,1,4,27,13,58,11,43,3,0,1,6,12,126,3,6,9,65,6,27,2,0,2,20,27,225,0,0,0,0,7,19,32,176,15,68,11,102,9,73,7,8,7,6,9,9,78,2,19,5,56,5,4,4,21,1,0,0,361,11,170,0,3,0,7.5,1.5,9.5,2.5,6,14,0,2,1,8,2,12,0,2,1,0,1,1,5,0,69,64
8042,4021,IND,7,0,0,0,7,4,11,2,93,24,250,37,21,0,3,2,3,149,0,0,4,98,1,0,84,28,1,0,1,0,0,1,0,2,0,28,132,10,6,1,3,16,7,6,3,3,8,0,0,3,3,10,24,1,18,1,5,6,35,12,58,7,17,5,18,4,24,12,88,5,48,8,60,1,0,2,30,7,24,14,72,14,147,0,0,6,31,42,312,14,101,14,99,9,50,7,7,7,7,43,8,35,0,0,0,0,7,19,3,7,0,0,0,230,11,149,0,1,0,9.5,3,12,3,5.5,15,9,5,2,8,3,9,0,0,4,1,1,5,1,1,64,69
8043,4022,WAS,21,0,6,0,15,3,16,3,88,20,305,49,30,1,2,1,2,36,1,10,4,158,0,0,58,28.5,2,0,1,0,2,2,81,3,1,36,66,11,4,6,1,24,9,7,8,3,12,6,17,0,0,3,32,1,0,4,12,3,15,10,33,8,50,2,5,0,0,15,139,11,68,12,45,3,20,2,26,6,18,12,64,16,99,10,96,11,57,48,353,19,78,15,102,16,125,6,15,9,6,26,4,9,0,0,0,0,2,6,6,11,11,0,0,180,10,24,0,0,1,10,0,11,7,9,14,9,5,4,8,2,4,0,0,3,2,0,2,1,0,76,67
8044,4022,NYG,32,12,3,3,14,5,13,1,84,31,279,32,23,0,0,0,4,171,1,0,2,17,2,6,67,31.5,3,1,2,0,3,3,119,3,1,11,146,12,6,5,1,20,7,9,4,2,1,9,22,3,6,6,21,6,19,4,10,1,5,17,55,11,25,3,4,0,0,6,32,7,50,13,74,2,22,1,30,3,71,16,195,1,0,9,59,6,25,41,318,9,55,13,147,10,77,6,11,6,7,15,10,74,0,0,0,0,3,3,6,13,0,1,0,380,10,161,0,2,0,9.5,2.5,5.5,12,5,15.5,32,3,1,7,2,10,2,1,4,0,0,4,1,0,67,76
8045,4023,ATL,39,7,10,8,14,10,14,2,159,33,280,36,24,1,0,0,4,205,0,0,1,23,1,11,70,34,5,3,2,0,1,1,32,5,4,77,123,19,10,5,4,23,6,12,5,7,24,5,15,0,0,9,51,1,16,2,8,7,45,19,76,8,51,4,32,1,18,8,60,14,94,9,43,1,22,2,21,1,45,20,164,7,51,2,14,6,56,27,222,13,93,15,115,9,72,5,13,6,5,31,9,43,8,45,9,53,8,29,11,38,5,0,0,301,11,181,0,1,0,3.5,3,6,10,7.5,11,0,5,4,3,1,6,0,0,2,1,0,0,3,0,74,53
8046,4023,DAL,28,14,14,0,0,9,11,3,127,21,220,26,22,2,1,0,4,159,3,24,1,28,0,0,31,26,4,4,0,0,0,0,0,3,3,105,42,12,10,2,0,17,6,10,1,1,2,3,39,4,6,6,23,2,7,1,-4,4,54,18,113,2,14,1,0,0,0,6,45,15,134,4,53,0,0,0,0,1,0,2,0,4,49,8,65,12,118,27,214,9,99,13,90,6,31,2,14,6,9,91,6,73,1,1,2,-3,5,21,0,0,12,1,0,259,10,159,0,3,0,7,0,14,4,7,17,5,2,0,2,0,5,0,1,2,1,0,2,0,0,53,74
8047,4024,IND,35,7,7,0,21,9,10,1,136,26,245,30,18,3,2,0,5,249,0,0,0,0,2,95,71,25,5,2,2,1,0,0,0,3,3,88,104,12,6,3,3,17,10,5,2,0,0,1,3,1,1,5,38,3,28,3,15,7,51,12,93,4,16,4,27,3,24,10,75,4,8,9,54,2,21,1,35,4,67,8,94,10,75,9,83,3,8,39,322,14,128,12,34,7,83,2,10,6,10,35,6,62,3,36,3,34,4,12,2,15,15,1,0,372,14,250,0,2,0,8,2,12.5,8,4.5,17,4,3,2,5,2,2,7,3,4,0,0,3,1,0,59,81
8048,4024,TEN,33,0,10,17,6,7,18,3,88,27,345,44,27,3,2,0,5,212,3,1,0,0,2,72,55,35,4,2,2,0,2,2,59,6,4,36,181,13,9,2,2,21,9,9,3,1,8,4,18,4,9,5,6,5,14,4,14,4,19,17,62,7,22,3,4,0,0,10,81,8,74,15,97,9,115,0,0,1,0,18,115,5,51,14,123,6,78,41,282,19,110,17,176,11,59,6,10,11,7,25,6,41,2,-2,12,63,9,25,9,15,22,1,0,418,14,212,0,2,0,4.5,3,8.5,4,5,12,2,4,2,8,3,8,0,1,3,0,0,0,0,2,81,59
8049,4025,OAK,27,3,14,3,7,6,11,2,156,31,314,32,20,0,0,1,4,157,3,6,2,60,1,0,85,32.5,3,1,2,0,2,2,58,5,3,74,154,12,5,4,3,15,6,6,3,0,0,3,12,12,97,0,0,11,25,2,-1,1,9,16,56,10,73,3,13,0,0,10,128,7,69,13,117,0,0,0,0,2,0,20,170,6,59,2,8,4,77,35,358,10,95,11,133,11,86,2,12,6,7,1,10,89,4,10,2,8,10,35,7,35,0,3,0,253,11,148,0,1,0,5,2,6,10.5,3,18.5,3,3,2,8,3,8,0,3,5,1,2,2,0,0,68,72
8050,4025,CLE,20,0,3,7,10,2,16,3,39,14,316,49,28,5,1,1,4,211,3,9,1,19,0,0,50,27.5,2,0,2,0,2,2,65,3,1,30,109,4,2,2,0,21,7,5,9,0,0,1,1,4,19,0,0,6,12,3,7,0,0,8,19,5,20,1,0,0,0,16,86,8,48,13,82,4,41,3,16,4,28,17,141,12,61,12,105,8,34,39,251,20,72,18,59,16,185,6,12,10,4,6,5,19,0,0,11,63,3,17,8,11,25,0,0,228,10,205,0,2,0,10.5,2,7.5,5,10,11,6,5,3,10,5,5,0,2,2,0,1,1,1,1,72,68
8051,4026,CIN,28,7,7,0,14,6,13,4,88,33,372,32,20,2,1,1,3,164,4,25,1,32,1,0,67,30,4,1,3,0,0,0,0,6,3,0,244,12,5,2,5,17,7,6,4,4,12,0,0,11,29,3,11,8,20,2,12,1,4,13,34,8,18,8,36,3,12,5,30,6,46,11,53,4,123,1,16,5,95,17,235,8,94,3,0,4,34,47,449,13,148,12,92,9,112,3,8,9,11,40,2,32,8,31,12,158,9,34,9,32,11,0,0,422,13,129,0,1,0,9.5,2.5,4.5,13,3,14.5,30,4,3,9,4,4,0,1,2,4,0,2,2,0,73,74
8052,4026,BAL,24,0,0,7,17,4,13,2,36,18,362,49,32,0,1,0,4,174,2,35,1,26,1,0,116,30,3,0,2,1,1,2,21,2,1,0,139,7,3,3,1,23,10,5,8,0,0,2,1,8,8,1,9,4,9,0,0,3,9,8,26,7,11,3,-1,0,0,9,50,17,79,16,148,0,0,2,48,4,37,6,29,19,197,12,103,11,33,35,271,19,127,14,65,16,170,8,15,9,6,24,9,53,2,-1,17,103,1,1,3,23,0,0,1,204,10,149,0,0,0,14.5,1,9.5,3.5,4,12.5,9,3,0,6,4,6,7,1,5,2,1,4,3,0,74,73
8053,4027,JAC,17,0,3,7,7,2,12,1,57,20,236,33,17,2,1,0,4,195,0,0,3,41,0,0,114,25.5,2,0,2,0,1,1,40,2,1,0,165,7,4,2,1,15,5,6,4,1,2,2,7,3,5,5,15,3,6,1,4,5,18,9,30,8,20,3,7,3,7,10,27,4,28,8,42,4,60,2,26,5,59,13,138,5,41,7,43,8,20,35,223,14,44,11,93,10,99,4,8,5,9,27,7,27,0,0,0,0,1,0,4,17,6,0,0,198,10,169,0,1,0,3.5,3,13,14,8.5,14,3,2,2,9,3,6,0,0,2,2,0,2,1,0,57,80
8054,4027,NE,51,10,10,17,14,12,19,4,127,34,346,42,33,2,0,0,0,0,3,26,0,0,1,27,30,34.5,6,4,2,0,3,3,112,8,6,49,91,18,7,6,5,29,13,10,6,3,29,3,0,4,4,10,34,5,33,5,27,0,0,14,55,11,57,5,15,2,4,19,139,10,129,9,44,1,19,1,27,1,0,16,124,6,38,9,126,10,70,41,328,20,170,15,101,9,75,7,19,7,4,24,10,112,0,0,0,0,13,25,10,51,12,1,0,320,11,0,0,0,0,7.5,2,4.5,3.5,6,9.5,18,6,5,4,2,3,0,1,2,0,0,1,0,0,80,57
8055,4028,NO,22,3,7,6,6,5,18,4,70,24,310,38,31,1,1,1,2,92,2,82,4,86,0,0,55,32.5,3,2,0,0,1,1,31,3,2,0,65,9,5,2,2,23,10,7,6,2,3,2,9,4,2,6,23,3,13,3,10,4,10,14,45,7,18,3,7,0,0,14,135,6,52,12,65,1,0,2,36,3,22,14,126,10,53,5,52,9,79,34,275,16,116,13,87,10,107,9,15,7,7,21,14,95,4,10,9,76,4,19,2,5,0,1,0,182,8,92,0,2,1,7,0.5,15.5,6.5,6.5,12,0,3,3,7,3,5,0,3,1,2,0,1,1,0,70,65
8056,4028,CAR,27,0,10,10,7,7,15,2,119,30,312,31,20,1,0,0,4,173,0,0,1,15,1,0,88,27.5,3,1,2,0,2,2,67,4,3,51,134,12,3,5,4,17,8,7,2,7,34,7,33,2,5,7,28,3,10,2,8,2,1,18,43,7,51,5,25,7,33,7,64,5,33,12,66,4,107,1,18,2,27,6,93,6,27,14,153,5,42,48,431,12,141,13,133,7,38,2,13,5,3,16,4,27,8,35,7,50,9,32,6,45,3,1,0,190,9,91,0,1,0,7,1.5,9,12,6,17.5,16,4,4,5,1,5,0,0,3,1,1,2,2,2,65,70
8057,4029,PHI,24,3,21,0,0,8,6,4,126,41,108,28,14,1,0,1,9,440,3,89,1,10,3,0,21,28,3,1,1,0,1,1,30,2,1,63,44,16,10,4,2,10,3,5,2,10,52,5,7,2,1,8,23,1,-2,6,25,4,19,20,92,11,25,5,8,0,0,14,43,1,0,10,54,1,0,0,0,2,21,8,49,8,0,2,30,10,39,54,268,8,24,11,49,10,35,6,5,3,9,45,9,31,3,4,0,0,6,22,3,4,10,0,0,379,15,371,0,2,1,8,7,4.5,9.5,2.5,17.5,42,2,2,8,2,13,0,1,2,3,1,2,0,0,70,76
8058,4029,NYJ,17,0,7,0,10,4,14,1,47,16,276,58,35,1,3,1,8,371,7,69,4,82,0,0,53,32,2,0,2,0,1,1,53,2,2,10,46,7,3,1,3,22,9,9,4,3,11,2,6,1,1,5,19,1,1,2,8,2,1,9,19,4,20,3,8,4,13,20,51,7,25,18,111,7,38,3,26,3,32,24,159,20,72,4,10,10,42,57,290,23,85,22,125,14,66,14,14,7,3,5,9,30,0,0,0,0,1,1,6,32,7,0,0,477,15,282,0,3,0,15,1.5,12.5,5.5,7.5,6,8,5,4,7,1,2,0,2,0,1,0,3,1,0,76,70
8059,4030,TB,9,0,9,0,0,2,11,1,57,20,261,36,17,0,1,0,7,312,5,48,1,27,1,0,84,23.5,1,0,1,0,1,4,58,1,0,27,106,7,6,1,0,15,8,6,1,2,7,1,0,1,-4,9,30,1,3,3,14,3,7,12,44,8,13,0,0,0,0,13,90,2,18,9,24,4,89,3,19,3,21,21,141,7,61,4,18,2,41,26,143,13,127,11,103,12,31,2,5,10,5,14,4,39,4,19,7,56,1,3,2,0,0,0,0,354,13,295,0,2,0,13,1,15.5,5.5,14.5,17.5,0,0,0,10,1,9,0,1,2,1,3,5,2,0,59,90
8060,4030,HOU,19,7,0,3,9,10,16,4,187,47,227,39,24,1,1,0,6,266,5,17,2,46,1,0,58,36.5,2,1,1,0,2,3,58,2,1,74,29,23,16,6,1,19,8,4,7,6,26,9,42,6,21,13,51,1,2,4,19,6,26,25,145,16,20,4,22,0,0,11,70,10,73,12,56,3,0,1,29,2,0,23,143,10,57,1,9,5,19,33,136,14,109,12,51,14,67,7,14,3,11,33,12,73,14,68,4,51,6,31,3,10,1,0,0,352,14,198,1,2,0,6,1,10,0,4,14,1,4,2,11,4,14,0,2,2,0,0,0,2,0,90,59
8061,4031,SD,14,0,7,0,7,8,12,1,90,28,279,40,26,4,1,1,6,263,1,0,1,19,1,0,74,33.5,2,0,2,0,0,0,0,2,1,13,125,13,4,6,3,20,11,4,5,1,3,5,16,4,23,11,33,4,7,1,5,2,3,12,48,12,30,4,12,0,0,13,103,8,40,12,74,5,73,2,19,0,0,12,109,18,133,4,35,6,32,53,374,17,109,13,82,14,88,5,13,8,8,25,6,36,0,0,0,0,0,0,4,19,30,0,0,186,11,225,0,3,0,5,0,13,2,9,9,21,4,3,11,3,6,0,1,3,1,1,3,0,0,73,56
8062,4031,MIN,31,3,7,14,7,8,8,2,164,32,121,24,13,0,1,0,4,165,3,38,2,53,1,91,39,26.5,4,3,0,1,1,1,64,3,2,85,0,17,11,6,0,9,1,5,3,2,9,2,12,4,12,8,32,6,9,4,32,4,55,20,119,10,42,0,0,0,0,7,71,0,0,11,31,4,19,0,0,2,0,4,49,10,53,7,14,3,5,16,91,5,16,10,57,9,48,4,6,3,10,41,8,32,0,0,0,0,7,29,1,0,0,1,0,366,12,165,0,3,0,10.5,3,7,10.5,10.5,13.5,3,0,0,5,2,4,7,0,0,1,0,0,2,1,56,73
8063,4032,PIT,12,3,6,0,3,4,11,2,64,24,197,30,25,5,1,0,4,196,0,0,1,22,1,20,63,32.5,1,1,0,0,2,2,62,2,1,42,40,7,5,1,1,19,9,5,5,2,7,6,33,3,20,4,-1,3,0,2,5,0,0,12,66,6,-3,2,1,0,0,8,46,9,79,10,66,1,0,0,0,2,39,16,124,3,19,3,17,8,70,37,258,13,69,12,50,10,78,5,15,5,7,27,12,127,6,35,6,4,3,2,5,13,33,1,0,316,10,164,0,3,0,6,2,8.5,5.5,3.5,13.5,8,5,3,6,2,6,0,0,3,0,0,1,0,0,63,50
8064,4032,STL,6,0,3,0,3,2,9,1,71,18,187,29,19,2,1,0,4,170,3,32,2,48,1,0,47,27.5,0,0,0,0,2,2,76,1,0,46,26,5,3,1,1,12,4,7,1,0,0,3,2,2,13,3,14,1,1,4,11,5,30,13,41,3,8,2,22,1,10,9,61,5,38,12,72,1,0,1,0,1,26,15,140,1,0,9,19,4,38,13,92,8,63,13,81,10,43,4,11,4,2,8,4,20,6,31,9,34,2,8,1,0,10,2,1,171,9,150,1,2,0,5.5,2,5,8,8.5,20,2,2,1,5,0,5,0,2,2,1,0,2,0,0,50,63
8065,4033,SF,7,0,7,0,0,7,3,0,103,29,53,19,9,2,4,0,6,283,1,37,4,95,1,0,45,23.5,1,1,0,0,0,0,0,1,1,50,0,13,6,4,3,6,4,1,1,6,36,3,1,0,0,17,68,0,0,1,-1,2,-1,13,41,11,34,5,28,7,46,8,27,3,26,4,14,0,0,0,0,3,0,6,16,3,7,6,29,4,15,43,237,8,31,6,15,7,7,3,6,0,8,23,4,10,0,0,0,0,2,5,1,14,14,0,0,267,12,269,0,1,0,8.5,2,16,3,7.5,14,0,5,4,4,0,9,0,1,2,0,1,2,3,0,50,74
8066,4033,ARI,47,14,17,9,7,9,15,4,142,40,307,31,20,1,1,0,4,144,3,14,1,24,4,71,24,36.5,6,2,2,2,1,1,22,5,4,59,178,18,9,5,4,18,8,7,3,1,7,3,4,0,0,21,49,0,0,5,55,4,27,18,86,10,47,6,9,1,1,8,49,5,50,7,74,3,46,4,65,4,27,16,146,5,62,5,47,5,56,26,209,14,151,11,113,7,43,3,8,9,4,8,10,116,0,0,0,0,8,18,6,24,4,0,0,310,11,87,1,2,0,9,3,7,3,12,5,1,6,5,5,2,7,16,2,2,1,0,0,0,0,74,50
8067,4034,BUF,41,14,13,0,14,4,14,3,152,36,277,29,21,0,0,0,3,137,2,7,0,0,3,67,40,32,5,1,3,1,2,3,77,2,1,71,126,14,10,4,0,17,4,6,7,9,48,2,7,5,14,5,16,3,8,7,57,2,2,19,77,11,77,3,-2,3,12,15,132,0,0,7,68,6,77,0,0,1,0,7,77,12,108,7,82,3,10,38,397,8,82,11,81,10,114,5,10,6,8,62,11,138,0,0,0,0,3,6,3,17,0,0,0,260,11,118,0,1,0,7.5,2,4.5,4.5,7,19.5,0,1,0,8,5,10,7,0,2,1,2,2,1,0,65,76
8068,4034,MIA,14,0,0,8,6,7,13,1,103,21,289,49,26,2,3,0,4,196,1,19,4,63,0,0,36,28,2,0,2,0,0,0,0,2,0,25,67,15,8,5,2,21,11,7,3,2,22,3,16,2,13,4,13,2,17,4,17,2,5,11,57,5,25,3,21,0,0,13,34,10,73,16,86,0,0,2,37,8,67,24,180,10,56,9,29,6,32,56,384,19,106,18,77,14,106,6,14,6,3,11,11,28,0,0,0,0,4,21,9,9,8,0,0,342,12,189,0,3,0,8.5,1,12,4,11.5,11,8,5,2,7,1,3,0,2,1,0,2,1,1,0,76,65
8069,4035,CHI,0,0,0,0,0,5,2,0,98,27,48,17,9,2,0,0,10,477,0,0,1,27,0,0,40,27.5,0,0,0,0,0,0,0,0,0,35,21,12,7,3,2,4,1,2,1,4,23,2,9,2,13,6,5,7,27,6,21,0,0,14,39,8,41,5,18,3,13,7,25,1,0,6,17,1,21,0,0,2,0,3,17,4,0,6,36,4,10,24,56,3,21,8,8,8,19,5,3,1,11,44,3,9,0,0,0,0,0,0,0,0,15,0,0,212,10,384,1,3,0,9.5,5,8,3.5,9.5,13.5,0,2,1,7,0,5,0,1,2,2,1,0,0,0,47,64
8070,4035,SEA,26,3,3,14,6,5,12,0,161,31,212,30,20,4,0,0,4,166,4,73,1,105,0,0,41,32.5,2,0,1,0,4,4,145,2,0,69,119,14,8,6,0,15,6,2,7,4,43,8,38,2,6,8,55,0,0,4,11,1,8,13,98,10,51,4,12,4,30,6,32,5,74,11,66,1,19,0,0,3,44,9,111,4,23,9,83,4,18,30,229,13,88,8,18,13,106,6,7,7,4,18,7,15,0,0,0,0,1,6,6,15,23,0.5,0,273,10,166,0,2,1,13.5,3,6,6,7.5,2,2,6,4,5,1,4,0,2,1,0,0,0,1,1,64,47
8071,4036,DEN,24,0,14,0,10,3,14,2,42,20,313,42,31,1,1,1,5,213,2,13,0,0,2,31,94,29,3,1,2,0,1,1,48,3,2,0,105,7,3,4,0,20,9,6,5,5,8,2,4,0,0,7,20,0,0,4,10,0,0,11,19,7,23,0,0,0,0,14,92,12,59,12,78,0,0,1,16,3,79,22,179,8,79,10,54,2,12,58,389,16,81,14,118,13,114,10,13,8,5,11,9,42,5,13,7,66,6,10,2,11,11,2.5,0,347,12,185,0,3,0,2.5,3.5,8,11,6.5,17.5,4,2,1,7,3,3,0,1,1,0,1,3,3,0,64,74
8072,4036,DET,12,0,6,6,0,3,14,5,29,20,262,45,31,4,2,1,5,266,1,28,0,0,1,1,75,31,2,1,1,0,0,0,0,3,2,0,109,7,4,2,1,22,9,10,3,0,0,7,8,0,0,3,8,0,0,5,6,3,7,12,21,5,7,1,1,0,0,18,79,10,59,13,90,2,25,1,29,1,0,20,134,3,10,5,61,16,83,40,244,19,81,18,145,12,36,12,12,7,5,4,8,21,3,3,12,45,3,3,8,44,20,0,0,285,12,233,1,1,0,3.5,4,6,10.5,6.5,15.5,3,1,1,8,2,9,0,3,2,2,0,1,2,0,74,64
8073,4037,KC,28,0,7,7,14,6,13,4,75,18,251,40,24,7,1,0,6,301,5,18,4,114,0,0,38,26.5,4,3,1,0,0,0,0,4,4,42,150,7,2,5,0,18,7,7,4,0,0,2,22,1,3,9,23,0,0,1,0,5,27,8,35,9,47,1,-7,6,33,9,38,12,40,11,49,1,38,5,124,2,0,14,140,5,24,11,80,10,45,56,369,21,71,15,107,11,72,10,8,6,4,4,5,-1,0,0,0,0,4,22,7,16,39,1,0,325,13,271,0,2,0,10,1.5,8.5,1,13.5,17.5,8,2,1,7,2,5,0,0,3,2,2,4,1,0,71,76
8074,4037,GB,38,14,10,7,7,6,15,5,123,32,325,35,24,1,0,0,5,215,4,30,2,64,1,15,89,33.5,5,0,5,0,1,1,44,5,4,63,181,11,7,4,0,20,9,7,4,9,38,6,46,2,17,3,9,3,4,3,6,6,3,19,64,12,59,1,0,2,16,9,76,11,110,10,48,3,27,0,0,2,72,14,91,11,153,6,29,4,60,51,469,13,118,12,125,11,82,3,13,8,11,76,9,74,0,0,0,0,3,9,6,11,8,5,0,392,13,197,0,1,0,7,2.5,3.5,8,4.5,19.5,35,0,0,8,3,11,0,0,3,2,2,2,4,0,76,71
8075,4038,BAL,23,7,0,7,6,10,10,1,191,39,165,33,21,5,1,1,4,204,1,14,1,24,0,0,30,37.5,2,1,1,0,3,3,134,2,2,101,20,18,9,6,3,15,7,4,4,0,0,4,0,4,18,15,60,4,48,11,56,1,9,19,89,14,86,6,16,3,0,7,55,9,32,13,79,1,0,1,0,2,20,11,86,11,57,8,29,3,14,33,160,14,74,9,43,15,48,5,12,4,8,47,7,28,19,78,14,66,4,14,3,19,21,3,0,441,14,153,0,0,0,11.5,1,12,9.5,5.5,9.5,1,9,4,10,3,13,0,1,0,1,1,1,1,0,79,63
8076,4038,PIT,20,3,10,7,0,8,8,1,168,34,96,26,19,4,0,0,6,239,3,51,1,31,1,37,20,32,2,1,1,0,2,4,81,3,2,75,0,16,9,6,1,8,6,1,1,5,40,6,41,3,8,6,27,6,27,3,18,3,7,17,92,11,63,4,13,8,34,8,34,6,2,7,55,3,33,0,0,2,0,10,60,7,42,2,1,7,21,38,199,12,79,7,15,11,2,8,8,3,6,31,5,24,13,73,9,32,2,14,3,15,28,3,0,556,15,225,0,2,0,14.5,3,13.5,13.5,10,8.5,2,4,0,6,1,5,0,2,0,1,0,1,0,0,63,79
8077,4039,NYJ,27,10,10,7,0,13,8,2,211,47,218,29,16,0,1,0,5,212,4,32,2,45,2,0,163,37.5,3,2,1,0,2,3,70,4,3,119,106,20,11,6,3,14,6,5,3,4,4,5,36,12,69,6,32,5,23,4,16,3,31,20,121,12,44,7,46,5,38,10,66,5,31,7,37,3,58,2,26,2,0,17,174,6,14,0,0,6,30,32,276,12,108,9,47,8,63,2,10,4,8,34,7,106,0,0,0,0,4,19,6,34,0,1,0,362,14,145,0,1,0,6,2,1,3,4,15,3,2,1,9,1,10,0,2,3,2,0,5,1,2,77,64
8078,4039,MIA,14,0,7,0,7,4,8,5,59,11,167,44,19,3,2,0,7,322,3,67,6,141,1,38,80,22.5,2,0,2,0,0,0,0,3,2,53,62,4,2,2,0,10,6,4,0,1,15,2,3,0,0,0,0,3,2,3,26,2,13,5,28,6,31,0,0,1,4,16,81,4,0,16,75,5,42,0,0,3,0,23,137,7,15,11,35,3,11,51,276,20,59,11,75,16,33,6,8,5,4,13,8,15,0,0,0,0,0,0,12,37,31,0,0,404,13,290,0,2,0,9.5,0,14.5,2,13,13,5,1,0,10,0,4,0,2,3,0,1,1,3,0,64,77
8079,4040,JAC,13,3,10,0,0,5,15,1,142,28,289,49,28,1,0,0,8,307,4,17,0,0,0,0,92,36,1,0,1,0,2,4,52,3,1,60,95,14,9,4,1,21,8,7,6,4,31,2,3,0,0,16,53,0,0,5,47,1,8,17,62,9,63,2,17,4,31,12,62,7,29,22,133,2,0,1,0,3,74,27,196,3,27,14,71,3,4,39,227,15,130,19,98,16,61,7,17,4,5,13,7,91,12,77,22,79,3,10,5,8,9,0.5,1,320,13,291,0,5,0,3.5,2,7.5,7.5,11,21.5,3,1,0,11,3,7,0,2,1,4,1,3,3,0,82,79
8080,4040,IND,16,3,7,0,3,3,14,5,62,27,266,47,30,3,0,2,6,287,2,16,3,72,0,0,45,34,1,0,1,0,3,3,113,4,1,22,49,6,3,2,1,20,7,7,6,4,17,5,16,0,0,4,10,2,1,4,9,3,10,15,23,6,18,1,22,1,4,10,44,10,104,16,69,3,16,1,21,7,28,15,67,13,98,12,83,7,34,45,238,15,76,21,98,14,92,9,13,8,7,11,12,73,7,42,18,109,4,3,5,21,16,0,0,341,13,270,0,2,0,11,1.5,12.5,7.5,4.5,17,13,1,0,8,4,9,0,0,1,6,0,1,0,0,79,82
8081,4041,NYG,24,9,7,0,8,4,8,7,94,30,211,35,20,1,1,0,8,355,3,18,1,25,1,0,85,30.5,3,0,3,0,1,1,91,2,1,24,94,12,7,4,1,14,9,3,2,1,7,1,2,6,27,9,33,8,26,0,0,1,-1,14,55,7,25,5,14,1,0,16,115,6,30,9,46,1,0,1,21,2,0,18,69,6,51,8,38,3,54,43,275,13,91,13,44,10,76,6,10,4,4,6,13,92,1,7,4,65,3,0,5,15,1,0,0,429,15,335,0,4,0,10,4,6.5,7.5,6.5,14.5,27,5,2,8,0,8,0,3,2,4,1,1,0,0,71,74
8082,4041,BUF,10,3,0,0,7,2,11,1,55,24,258,42,28,2,1,1,7,363,5,20,4,68,1,29,135,29.5,1,0,1,0,1,2,51,3,0,11,111,7,6,0,1,17,5,8,4,2,16,2,7,4,12,8,16,3,7,2,-10,3,7,12,41,8,10,4,4,6,15,12,81,7,41,11,41,7,68,0,0,5,43,5,33,14,69,15,128,8,44,42,213,15,65,14,138,15,55,10,11,7,6,26,7,10,0,0,0,0,3,-2,7,-6,16,0,1,352,14,345,0,2,0,10.5,1,9,4.5,6.5,12.5,7,4,1,9,3,7,0,3,4,3,0,2,4,1,74,71
8083,4042,CAR,37,10,7,14,6,8,7,2,136,36,111,22,11,2,0,1,4,154,2,5,1,26,4,80,45,28,4,0,2,2,3,3,78,5,2,62,30,17,10,6,1,7,3,2,2,1,9,2,8,4,24,11,22,2,9,3,14,7,50,17,76,11,44,2,16,9,54,5,52,4,43,8,29,2,0,0,0,3,0,6,21,6,54,8,39,2,10,36,253,8,45,7,33,9,33,2,6,3,8,27,4,25,0,0,0,0,8,15,8,26,13,2,0,532,14,119,1,2,0,6.5,1.5,11.5,9,9,13.5,0,0,0,7,2,7,7,1,0,1,0,3,1,0,58,79
8084,4042,TB,24,3,7,7,7,8,15,2,141,30,270,43,26,2,4,1,2,82,2,15,3,92,0,0,48,32,3,1,2,0,1,3,42,5,3,60,106,15,8,3,4,20,7,7,6,5,38,4,18,8,60,5,2,6,16,1,1,1,6,18,85,8,21,4,35,4,12,13,84,8,89,15,73,3,0,0,0,2,41,23,179,4,26,4,15,10,67,44,280,15,101,16,66,14,103,3,16,7,11,41,6,30,0,0,0,0,3,9,7,34,17,1,0,367,13,77,0,0,0,9.5,1.5,8,3,10.5,6.5,8,7,6,7,1,6,0,0,0,4,0,1,1,0,79,58
8085,4043,PHI,20,0,0,13,7,4,6,4,87,18,233,28,15,5,0,2,6,251,1,45,0,0,0,0,72,19,3,0,3,0,0,1,0,2,1,55,176,7,4,1,2,11,6,3,2,4,5,1,3,3,7,5,49,0,0,2,12,3,11,9,44,7,18,2,25,1,14,8,38,6,33,6,19,1,0,5,174,2,0,11,120,7,111,5,21,5,12,48,403,12,76,10,116,11,35,2,9,4,3,33,3,-8,5,22,9,61,1,3,4,1,37,0,0,376,12,229,1,3,0,18,3,4,4.5,9,23.5,30,1,1,9,3,6,0,0,3,2,1,3,1,0,56,84
8086,4043,WAS,23,6,7,3,7,4,18,3,127,32,290,46,31,1,0,1,5,221,2,2,1,22,0,0,110,41,2,1,1,0,3,3,91,4,2,71,65,11,7,3,1,25,6,10,9,9,19,2,0,3,47,5,18,2,4,3,4,8,33,20,68,9,17,3,40,1,1,14,95,11,72,14,58,6,65,0,0,1,0,8,55,22,153,10,55,6,27,40,307,14,90,18,104,15,96,12,13,6,11,62,10,64,7,42,19,74,6,3,11,36,0,3,0,243,11,156,1,0,0,2.5,2,8.5,6.5,6,7.5,1,4,2,10,4,11,0,0,3,3,0,1,5,1,84,56
8087,4044,OAK,20,0,14,3,3,3,12,1,70,22,173,33,20,2,1,1,5,242,3,29,3,58,1,11,47,26.5,2,0,2,0,2,2,70,2,1,12,51,8,4,3,1,17,8,4,5,1,8,1,1,4,8,1,0,10,22,3,25,2,6,11,38,8,22,3,10,0,0,11,52,6,51,13,42,0,0,1,25,2,26,15,129,3,0,6,26,9,41,33,149,14,66,11,69,10,38,7,9,4,3,7,6,15,8,23,9,76,1,6,4,20,23,1,0,353,11,225,0,3,0,10.5,2,10.5,11,7,16,2,2,1,8,3,8,0,0,1,1,0,1,2,0,58,77
8088,4044,CHI,22,6,10,0,6,4,17,2,98,29,273,43,28,3,1,2,3,136,2,17,1,21,1,13,48,33.5,2,0,2,0,3,3,122,3,2,43,118,11,6,4,1,24,4,10,10,2,1,3,4,9,33,1,0,8,21,5,31,1,8,20,59,6,29,3,10,1,0,21,178,4,41,13,65,1,0,0,0,3,0,10,54,15,80,13,83,5,64,57,375,11,23,20,97,15,153,5,19,4,9,34,13,91,5,10,16,70,4,10,6,33,8,0,0,341,12,107,0,1,0,10,4,7,5.5,4,10.5,27,4,2,10,6,10,0,1,6,1,0,1,0,0,77,58
8089,4045,HOU,21,0,0,0,21,3,19,2,54,17,374,57,29,1,1,3,4,194,4,40,3,70,0,0,35,24,3,1,2,0,0,1,0,4,3,17,147,5,1,4,0,25,10,8,7,3,3,2,23,0,0,0,0,2,3,3,23,7,2,8,13,8,36,1,5,0,0,16,92,9,45,13,98,9,93,3,0,7,54,22,157,17,143,9,34,9,48,50,266,25,142,17,126,16,106,5,15,9,5,15,4,20,0,0,0,0,3,10,13,29,8,0,0,311,13,165,0,1,0,10.5,2,12,5,6.5,13,2,1,1,11,5,4,0,1,0,0,0,4,1,0,77,71
8090,4045,ATL,48,7,21,14,6,8,10,4,136,36,243,27,19,2,0,0,6,286,2,29,1,29,1,1,80,36,7,4,1,2,0,0,0,4,4,64,123,13,7,3,3,13,3,3,7,6,29,2,3,7,42,0,0,6,26,4,21,9,15,19,81,9,30,6,25,1,-4,8,73,4,88,14,76,0,0,0,0,1,19,10,46,9,111,0,0,8,99,30,308,7,42,11,72,11,129,6,6,7,5,21,15,92,0,0,0,0,7,44,1,3,13,0,0,378,12,246,0,1,0,4.5,2,4.5,6.5,3,16,0,3,3,9,4,11,13,3,4,2,1,1,1,0,71,77
8091,4046,KC,21,3,9,3,6,8,13,3,113,23,348,45,31,5,0,1,1,62,0,0,5,109,0,0,46,37,0,0,0,0,7,7,267,3,0,59,166,13,6,6,1,21,11,4,6,2,10,2,26,4,16,5,14,5,31,3,8,2,8,13,52,8,52,2,9,5,25,14,93,9,102,15,109,3,77,0,0,1,0,13,148,12,96,8,57,10,85,58,457,20,178,16,77,14,93,5,20,6,5,16,9,114,0,0,0,0,2,6,5,-2,38,0,0,172,10,55,0,0,0,9,0,7,2.5,6,13.5,0,3,3,12,3,5,0,1,2,3,0,0,0,0,75,54
8092,4046,CIN,36,14,0,15,7,8,10,0,124,26,321,24,17,0,0,0,3,143,1,7,3,53,0,0,84,23,5,4,1,0,0,1,0,4,4,39,243,14,5,7,2,16,9,3,4,4,34,6,21,4,14,3,14,4,17,4,22,1,2,10,38,12,48,4,38,3,16,6,45,2,9,8,54,3,63,3,95,2,55,16,166,3,59,4,69,1,27,32,406,13,140,5,40,6,141,3,6,8,6,38,8,122,0,0,0,0,6,36,3,15,0,0,0,302,9,143,0,2,0,6,7.5,12,9,5,19.5,0,3,3,5,2,5,0,2,3,2,1,1,2,1,54,75
8093,4047,CLE,27,3,10,3,11,2,16,2,100,21,332,41,32,4,0,1,4,192,2,41,3,110,0,0,91,34.5,2,0,2,0,4,4,137,4,1,32,114,10,8,2,0,21,6,11,4,3,11,0,0,0,0,9,42,1,0,3,6,5,41,15,59,6,41,0,0,0,0,11,47,6,42,18,172,4,95,0,0,1,0,11,86,9,49,6,75,14,146,39,270,13,52,19,194,13,86,10,11,11,6,44,12,63,9,35,9,72,2,6,4,14,24,1,0,309,11,187,0,3,0,4,4,3.5,5.5,12.5,12.5,0,2,1,8,1,5,0,2,3,1,2,3,2,0,71,65
8094,4047,SD,30,7,6,7,10,3,15,5,92,22,347,38,23,2,0,0,5,186,1,5,5,112,0,0,31,25.5,3,0,3,0,3,3,125,3,2,53,208,11,9,2,0,18,6,9,3,5,13,4,35,1,7,6,34,3,-1,0,0,1,4,17,64,3,28,0,0,0,0,12,39,7,96,15,167,0,0,0,0,3,47,15,132,7,72,9,54,6,91,48,493,11,86,19,165,10,87,8,6,9,4,11,10,55,6,33,5,86,1,0,2,20,11,3.5,0.5,249,11,145,0,2,0,7,2,9,13,5,18,0,1,0,8,2,5,0,2,0,1,2,2,0,0,65,71
8095,4048,GB,17,7,0,10,0,9,8,1,162,33,200,32,22,3,0,0,6,235,3,14,0,0,1,0,65,36.5,2,1,1,0,1,2,31,4,2,76,74,20,7,9,4,16,7,6,3,4,6,6,29,8,41,8,27,1,12,2,25,4,22,12,49,14,86,7,27,3,33,16,130,3,30,8,26,3,38,0,0,2,0,8,44,12,113,6,45,6,22,41,316,14,58,11,101,10,41,6,13,3,9,43,9,69,0,0,0,0,5,23,6,0,24,4,0,273,10,223,0,1,0,2.5,3,4,6.5,9.5,9.5,7,8,5,7,2,5,0,1,5,2,0,0,0,1,73,50
8096,4048,SF,6,0,3,0,3,1,7,0,77,19,119,25,13,6,1,0,6,247,3,12,1,20,0,0,30,23.5,0,0,0,0,1,1,33,2,0,22,87,6,4,2,0,8,1,3,4,4,22,3,20,1,3,4,17,1,1,2,7,4,7,11,43,5,24,3,10,10,57,6,16,5,74,9,23,2,0,0,0,3,47,12,66,2,53,7,33,4,8,45,270,9,4,11,43,11,72,4,7,2,3,28,6,10,0,0,0,0,3,12,6,-17,41,3,0,225,10,233,0,2,0,12,1,14.5,9,5.5,13,0,0,0,9,3,5,0,1,2,0,0,1,0,0,50,73
8097,4049,STL,24,7,3,7,7,6,7,0,165,27,164,24,16,1,0,0,7,348,0,0,5,121,1,0,66,27,3,0,3,0,1,1,30,5,3,149,47,9,7,1,1,12,6,2,4,4,47,2,0,1,40,10,58,0,0,3,11,5,-3,15,107,9,16,1,30,0,0,5,15,5,44,10,47,0,0,0,0,4,65,8,96,3,30,9,26,4,19,15,85,6,83,7,30,12,51,4,9,3,4,4,5,13,10,106,3,21,3,-5,6,58,7,1,2,336,12,316,0,2,0,6,1,7,9.5,7,21.5,0,1,0,7,3,11,0,1,2,2,0,3,0,0,53,74
8098,4049,ARI,22,3,6,3,10,7,17,2,114,22,334,45,29,4,1,2,1,44,5,32,1,19,0,0,20,33,1,0,1,0,5,5,157,5,1,91,127,10,7,3,0,25,10,11,4,3,10,5,14,0,0,7,47,0,0,4,35,1,8,14,79,5,37,1,-2,0,0,13,53,9,86,15,128,1,0,4,65,3,20,16,158,12,95,4,25,13,74,37,221,20,142,17,135,12,57,4,16,9,6,14,12,60,2,21,8,40,5,-3,7,6,18,0,0,287,11,44,0,0,0,11.5,4,1,0.5,12.5,9.5,2,5,1,5,2,5,0,1,2,0,1,0,0,0,74,53
8099,4050,MIN,20,0,10,0,10,5,13,1,113,21,212,41,27,7,0,1,5,217,1,7,2,34,2,32,63,34,2,1,1,0,2,3,71,2,1,69,71,6,1,1,4,17,9,4,4,0,0,2,0,4,16,9,80,1,3,4,8,1,-2,8,17,8,27,5,61,3,23,14,40,9,56,10,84,6,43,1,25,1,21,20,170,9,79,5,7,7,13,47,274,20,89,15,33,13,90,8,11,8,5,15,14,23,2,9,10,61,0,0,6,4,57,1,0,328,11,215,0,2,0,7.5,1,9.5,4,4,13,3,2,2,13,4,5,0,1,0,0,3,3,1,1,74,57
8100,4050,DEN,23,3,10,7,3,4,11,3,146,26,200,27,17,2,2,0,3,141,1,2,2,55,0,0,40,26,2,1,1,0,3,3,119,3,1,85,124,11,7,4,0,13,5,5,3,3,41,1,7,4,10,6,37,4,9,3,6,1,4,12,81,8,24,2,9,0,0,11,19,2,30,7,70,2,43,1,0,3,51,18,161,2,11,5,9,2,32,48,459,13,72,8,104,8,24,7,4,6,3,7,6,43,4,22,6,43,4,2,5,2,13,3,2,308,13,134,0,0,0,6.5,3,8.5,8,5,20,6,3,2,6,1,7,0,1,1,3,3,1,0,0,57,74
8101,4051,DAL,20,3,7,3,7,4,11,6,116,29,220,26,16,3,0,0,5,209,0,0,2,40,0,0,30,29.5,2,1,1,0,2,2,68,4,2,73,119,10,8,2,0,11,3,4,4,2,7,4,2,4,-4,1,3,4,9,5,59,7,35,17,91,7,10,3,10,2,6,6,29,4,50,8,55,4,60,1,28,2,17,10,49,7,122,8,64,1,4,28,162,9,60,10,110,10,43,3,7,6,8,64,5,37,5,14,9,84,2,-3,7,9,26,1,0,204,10,175,0,3,0,8,4.5,9.5,13,6.5,15.5,1,2,1,9,2,9,0,0,0,3,0,4,0,0,61,73
8102,4051,NO,26,7,0,6,7,7,17,3,103,25,335,41,33,3,0,0,4,166,3,34,1,34,0,0,64,31,3,1,2,0,2,3,80,4,2,49,151,11,7,2,2,22,10,7,5,5,17,3,2,5,14,0,0,2,9,5,34,5,27,17,73,6,20,2,10,0,0,16,105,4,48,16,77,2,19,0,0,3,90,13,44,7,119,5,41,16,135,37,302,17,115,15,126,12,74,12,15,6,2,15,12,69,12,59,14,169,5,15,6,18,24,2,0,341,12,166,0,3,0,10,1,10.5,4.5,5.5,12.5,6,4,4,6,2,5,0,0,1,0,0,5,2,0,73,61
8103,4052,DET,10,0,3,0,7,1,10,1,53,18,203,35,24,0,0,1,8,367,3,29,2,54,0,0,37,28,1,0,0,1,1,1,41,1,0,0,48,9,5,4,0,13,5,4,4,3,16,4,8,3,6,4,3,1,3,3,17,0,0,11,34,6,19,1,0,0,0,14,43,5,52,11,82,3,0,0,0,2,26,15,85,5,47,3,22,12,49,34,229,11,60,12,68,12,75,10,9,5,5,4,7,53,4,17,6,73,2,9,1,10,0,1,1,243,10,305,1,3,0,10,5.5,9,4,8,14.5,1,3,2,10,2,5,7,0,2,0,1,0,1,1,56,65
8104,4052,SEA,13,0,10,3,0,6,12,0,113,35,235,26,20,6,0,3,4,192,5,42,3,46,0,0,30,32,1,0,1,0,2,2,103,1,0,52,178,15,9,5,1,16,5,6,5,2,4,7,53,2,0,8,19,0,0,3,15,6,23,16,75,9,29,3,10,7,44,7,79,3,50,12,84,0,0,3,24,1,50,6,120,7,91,8,44,5,32,41,312,10,45,12,89,10,101,3,10,7,9,17,4,38,5,17,1,50,0,0,1,-9,52,0,0,267,11,163,0,3,0,10,5.5,4.5,4.5,3.5,14,0,3,2,5,3,8,0,2,1,0,1,1,0,0,65,56
8105,4053,IND,27,10,3,7,7,6,10,6,113,33,213,29,18,0,0,0,3,147,2,16,2,74,2,48,65,27.5,3,1,2,0,2,2,90,4,3,46,111,12,7,4,1,14,6,5,3,1,-4,1,0,5,15,13,80,4,10,3,12,0,0,18,82,7,22,2,9,0,0,10,47,3,8,12,91,3,67,0,0,1,0,16,165,5,12,6,30,2,6,21,144,9,86,11,57,9,70,6,7,5,4,37,6,34,8,26,8,52,6,8,7,17,0,1,0,271,9,136,0,2,0,11.5,0,11.5,7.5,5,21.5,0,3,3,4,1,3,0,1,1,1,1,1,2,1,65,76
8106,4053,HOU,20,0,10,7,3,5,17,2,82,28,362,41,31,1,2,0,3,123,2,11,0,0,0,0,125,32.5,2,0,2,0,2,2,85,3,1,14,153,14,7,6,1,27,14,5,8,1,4,1,1,4,6,11,41,6,15,4,19,1,-4,14,41,11,34,3,7,2,14,11,77,10,91,10,56,4,17,4,97,2,24,14,169,11,76,2,12,14,105,29,256,16,177,12,41,14,144,9,16,6,13,35,10,50,0,0,5,41,2,3,3,11,0,0,0,171,9,107,0,0,0,7.5,0.5,11,2.5,7.5,12,0,4,2,7,4,10,0,1,3,2,0,3,4,1,76,65
8107,4054,CHI,18,3,0,3,12,5,14,2,88,27,241,45,26,2,0,1,5,235,3,20,0,0,0,0,49,33.5,2,0,2,0,2,2,74,2,1,20,75,11,5,4,2,20,5,11,4,2,7,1,0,2,9,12,43,2,6,3,15,3,8,13,43,9,39,3,6,3,16,14,72,3,22,20,83,3,55,0,0,5,20,0,0,23,168,13,32,9,52,55,308,17,59,18,122,12,58,7,14,5,8,18,15,71,0,0,8,43,0,0,5,18,11,2,0,226,12,218,0,1,0,7.5,2,13.5,8,2,6,39,2,1,7,3,5,0,2,3,1,0,1,1,0,79,58
8108,4054,KC,17,7,10,0,0,6,9,1,117,25,170,30,16,3,0,0,7,331,3,17,2,30,0,0,49,26.5,2,0,1,1,1,3,35,3,1,15,49,14,7,5,2,13,6,4,3,3,18,1,-2,3,13,9,33,5,22,0,0,4,33,11,58,11,41,3,18,3,21,9,38,5,54,14,66,1,0,1,23,0,0,12,85,3,6,6,35,9,55,43,303,14,70,8,49,11,51,4,6,6,1,5,4,10,2,4,3,23,1,0,3,19,11,0,0,303,11,291,1,3,0,13.5,2.5,4.5,2.5,7,19,0,2,1,8,2,4,0,0,1,0,0,2,1,1,58,79
8109,4055,SEA,24,7,3,14,0,7,9,0,200,30,197,23,15,4,1,0,8,407,2,8,1,21,1,32,112,30.5,3,1,1,1,1,1,24,2,0,104,120,18,7,10,1,13,7,2,4,3,21,5,17,8,57,2,6,5,14,6,49,1,7,15,93,13,71,2,7,3,21,2,17,7,55,7,43,1,46,0,0,5,52,6,108,5,29,8,47,3,29,32,298,10,98,6,32,11,67,2,9,4,8,57,4,42,5,18,7,20,0,0,1,0,16,0,1,225,13,294,1,1,0,19,4.5,2.5,9.5,8.5,18,0,3,2,5,1,3,7,1,1,2,1,3,1,1,60,85
8110,4055,CIN,27,7,0,0,17,6,18,3,109,31,310,44,30,4,1,1,6,293,5,93,4,87,1,0,50,41,3,1,2,0,2,2,73,4,3,26,137,14,8,5,1,26,12,9,5,0,0,5,17,2,18,3,8,13,50,4,14,4,2,18,55,8,44,5,10,7,18,9,33,14,110,15,76,1,22,2,65,2,25,13,147,8,61,12,90,10,33,55,363,18,131,20,127,10,52,8,17,5,5,16,10,136,8,34,8,65,6,25,3,24,21,0.5,1,337,13,265,1,2,0,10.5,3,13.5,6,5,8,0,2,2,7,1,9,0,1,3,0,1,0,0,1,85,60
8111,4056,WAS,19,0,7,0,12,4,13,1,51,24,219,32,21,1,2,0,4,201,1,10,2,53,2,36,51,28,2,1,1,0,2,3,80,3,2,0,67,9,6,2,1,16,9,3,4,2,14,1,4,3,8,0,0,4,5,5,4,9,16,16,32,7,18,1,1,1,1,10,48,6,44,10,70,3,21,2,19,1,17,8,51,12,91,3,27,9,50,30,148,10,130,11,44,12,45,7,8,6,8,21,6,63,6,11,11,114,7,15,5,15,0,2,0,321,11,187,0,2,0,8.5,1,8.5,9.5,13,16.5,0,1,1,9,3,9,0,0,2,0,0,2,1,0,61,80
8112,4056,ATL,25,0,3,3,13,12,14,3,176,32,242,42,24,3,2,1,1,51,2,14,0,0,2,76,62,35,3,1,0,2,2,4,70,4,2,66,45,22,13,8,1,21,10,3,8,8,62,6,23,0,0,0,0,5,22,3,11,10,58,18,112,13,62,1,2,3,20,10,56,8,85,19,113,0,0,3,0,2,0,14,90,8,26,10,94,10,44,48,326,17,96,11,54,17,92,5,13,6,3,11,8,41,11,60,12,96,5,24,5,7,12,1,0,281,10,41,0,0,0,9.5,2,7,8,6.5,11,7,3,2,7,2,5,6,1,1,0,1,3,0,0,80,61
8113,4057,JAC,31,0,14,10,7,3,15,3,55,17,270,33,23,6,1,1,4,221,2,8,3,93,0,0,12,25.5,4,0,4,0,1,1,31,5,4,42,128,8,3,5,0,21,12,6,3,5,2,2,5,1,9,2,23,5,8,0,0,2,8,10,2,7,53,0,0,1,21,7,24,11,100,9,75,1,0,1,24,3,80,15,188,4,64,6,20,7,31,34,309,18,129,12,65,9,76,5,10,8,5,10,6,38,0,0,2,-1,1,2,8,41,33,0,1,254,11,136,0,2,0,9.5,2.5,16,5,8.5,6.5,7,0,0,6,2,5,0,1,1,2,0,1,0,0,59,67
8114,4057,TB,38,3,17,11,7,8,11,1,185,42,186,19,13,2,0,0,3,101,3,85,0,0,1,1,72,34.5,4,2,1,1,3,3,127,5,3,101,56,16,11,5,0,13,4,4,5,4,10,3,45,7,38,6,25,9,34,6,5,3,28,21,118,14,61,3,6,2,11,6,104,4,41,5,64,1,0,0,0,2,0,8,55,1,0,2,34,7,120,16,169,6,45,7,52,8,89,0,9,4,9,40,6,60,7,27,1,11,9,23,3,18,23,4,0.5,412,11,93,0,1,0,5.5,2,5,13,6.5,9,3,0,0,7,3,8,8,2,2,2,2,3,0,1,67,59
8115,4058,NO,17,7,0,3,7,5,14,0,97,22,292,43,26,5,1,3,6,237,1,1,4,85,2,0,78,26,2,0,2,0,1,1,21,4,2,49,214,8,5,2,1,19,6,5,8,5,11,2,9,1,17,2,4,1,1,3,27,6,28,12,60,7,36,1,1,0,0,14,53,3,24,16,86,6,172,1,0,3,0,14,143,12,141,8,40,9,11,44,363,18,42,14,82,16,168,7,11,8,5,33,9,63,0,0,0,0,1,4,9,26,43,0,0,335,14,217,1,3,0,7,0,13.5,9,11.5,20,18,1,1,11,6,2,0,0,0,0,1,2,4,1,69,84
8116,4058,PHI,40,0,10,16,13,11,18,5,186,34,333,45,32,0,2,0,1,50,0,0,1,40,1,44,35,34,4,2,2,0,4,4,135,7,3,108,85,17,12,4,1,25,13,9,3,9,96,3,17,1,6,9,11,3,12,1,9,8,35,23,133,8,52,3,1,1,3,14,135,5,61,18,116,4,0,1,0,3,21,20,154,2,5,10,104,13,70,62,595,19,181,16,107,10,45,8,18,6,9,43,14,100,0,0,0,0,7,8,6,29,0,1,0,483,15,49,0,0,0,11,4.5,3,5.5,5,17,60,1,1,8,3,9,0,2,2,0,0,0,1,0,84,69
8117,4059,CLE,33,3,6,7,14,4,18,3,83,25,422,51,36,4,0,0,5,217,2,2,1,15,0,0,74,39.5,3,1,2,0,4,4,155,5,2,28,229,12,6,4,2,28,9,9,10,1,10,1,6,8,23,0,0,7,35,1,3,7,6,12,37,11,38,2,8,3,12,13,73,10,87,17,126,6,60,1,56,4,55,15,88,14,124,12,152,10,93,63,417,20,110,18,157,17,155,10,12,14,5,8,8,48,12,52,18,203,4,16,9,13,35,0,0,315,13,187,0,2,0,12.5,3.5,4,6,11.5,9.5,1,5,5,9,4,8,0,0,0,4,1,0,4,1,88,70
8118,4059,BAL,30,14,0,7,9,10,9,3,181,31,196,35,19,1,0,0,6,297,3,30,6,143,0,0,98,29,4,3,1,0,1,2,23,5,4,105,80,21,12,8,1,13,5,4,4,2,8,9,75,12,56,0,0,3,16,5,22,0,0,18,96,11,77,2,4,2,2,12,56,4,22,15,84,3,0,0,0,1,48,13,78,6,25,4,27,12,80,27,206,11,53,12,62,13,81,7,7,5,6,29,11,105,14,80,11,18,8,19,7,44,14,0,0,334,12,295,0,2,0,6,4,12,7.5,6,25.5,6,2,1,9,1,9,0,0,3,2,3,2,2,1,70,88
8119,4060,STL,10,0,10,0,0,8,8,1,191,36,143,30,12,3,4,0,4,181,2,4,1,25,2,29,40,33.5,1,0,1,0,1,4,42,4,1,103,88,17,11,5,1,8,2,1,5,12,30,5,26,1,6,9,26,1,3,2,51,6,34,24,133,10,41,2,2,1,2,3,10,7,16,11,30,3,60,3,37,2,0,9,6,8,75,9,24,2,28,26,135,4,72,12,-12,17,71,5,4,3,9,27,11,20,0,0,0,0,3,9,4,5,18,0,0,420,13,152,1,0,0,9.5,4.5,6,0.5,10.5,14,2,3,2,13,3,7,0,1,0,3,3,1,0,0,70,62
8120,4060,GB,24,14,0,7,3,4,9,1,87,29,236,30,19,2,2,1,4,191,2,9,0,0,4,50,67,26.5,3,0,2,1,1,1,82,1,0,18,96,6,2,3,1,15,7,5,3,4,6,1,0,1,6,6,35,4,16,5,10,5,15,12,35,10,30,4,23,7,41,4,28,10,91,13,57,2,0,1,60,0,0,6,23,8,131,8,45,8,37,43,303,11,57,11,106,10,68,5,10,4,7,31,9,62,0,0,0,0,0,0,0,0,5,2,0,392,13,147,2,0,0,16,1,8,4,12,8,38,2,0,8,3,6,7,1,2,3,0,2,0,1,62,70
8121,4061,BUF,14,0,0,7,7,5,6,2,130,31,82,18,11,4,0,1,7,357,3,40,1,24,1,0,62,24.5,2,1,1,0,0,0,0,1,1,72,46,11,5,4,2,9,2,5,2,2,5,0,0,3,12,10,87,1,4,6,15,3,7,14,37,9,43,2,50,5,79,5,28,3,22,7,17,2,0,0,0,1,46,2,6,9,76,3,7,3,20,27,233,4,15,9,74,9,-7,4,6,1,2,7,4,0,6,35,5,41,1,1,2,6,31,0,0,204,10,291,0,1,0,8.5,4,10,2.5,8.5,16.5,2,2,2,4,1,4,0,1,3,2,0,2,1,1,53,69
8122,4061,TEN,13,0,3,7,3,4,10,3,97,28,179,32,21,2,1,0,6,251,5,66,3,53,0,0,74,35.5,1,1,0,0,2,2,62,2,1,33,23,9,6,2,1,14,6,4,4,3,25,4,8,7,21,3,13,4,6,2,3,5,21,13,65,13,13,2,19,5,47,11,75,2,14,16,98,2,0,1,0,0,0,9,46,6,38,9,37,8,66,38,272,14,80,9,50,11,49,7,10,4,12,42,10,73,6,36,10,29,3,4,4,29,8,2.5,0,324,11,191,1,3,0,6.5,1.5,15,5,2.5,6.5,4,1,0,7,2,10,0,1,4,1,1,1,0,2,69,53
8123,4062,ARI,42,0,28,7,7,7,7,1,191,29,158,18,12,2,0,0,6,227,2,16,1,35,4,81,70,23.5,6,3,3,0,0,0,0,5,5,157,75,11,8,3,0,9,2,6,1,3,44,9,91,0,0,6,5,0,0,3,28,0,0,14,72,5,93,2,3,0,0,2,0,6,62,4,16,2,0,2,44,2,49,10,73,4,73,3,25,1,0,12,80,6,8,9,124,5,26,3,5,4,5,31,5,10,0,0,0,0,3,7,3,34,13,0,1,517,15,225,0,4,0,3,2.5,5.5,6,9.5,31.5,0,1,0,5,1,6,0,2,0,0,3,2,3,1,46,95
8124,4062,DET,17,7,0,0,10,3,22,4,57,18,379,70,41,1,4,2,4,172,2,2,3,94,0,0,85,36.5,2,0,2,0,1,1,40,2,2,12,134,9,5,3,1,32,12,13,7,2,12,5,13,0,0,2,4,0,0,6,23,3,5,10,36,7,19,1,2,1,2,22,79,15,91,21,95,3,0,4,92,3,22,25,141,20,134,5,29,18,75,59,272,29,150,25,142,17,87,12,23,6,9,25,9,109,0,0,0,0,0,0,3,18,0,0,0,274,13,156,0,3,0,4,2,5,1.5,9,7.5,14,6,5,8,2,5,0,2,6,0,0,0,1,1,95,46
8125,4063,NE,30,3,10,7,10,5,11,4,111,25,247,27,20,5,0,0,4,175,4,52,0,0,1,25,65,27,3,1,2,0,3,3,140,3,2,58,137,12,9,2,1,15,8,5,2,3,16,2,6,0,0,11,31,2,8,1,3,2,47,10,76,7,18,4,17,2,3,10,80,6,82,8,38,1,59,1,16,1,0,8,126,3,23,5,67,11,59,32,284,16,104,9,110,7,33,3,10,7,5,29,7,21,0,0,0,0,5,18,1,10,28,1,0,410,12,169,0,3,0,9.5,2,5,8,8.5,17,7,4,2,6,0,4,0,1,4,0,1,4,0,0,59,72
8126,4063,DAL,6,3,0,3,0,5,10,3,101,25,164,39,26,3,1,1,6,298,2,6,1,21,0,0,50,33,0,0,0,0,2,2,74,2,0,38,21,11,7,2,2,15,8,4,3,0,0,8,29,1,5,4,15,2,13,5,20,3,19,13,67,7,13,3,21,2,19,12,52,10,47,11,51,1,0,2,17,3,21,6,30,11,50,8,33,14,75,37,189,16,91,13,30,13,43,9,14,3,8,29,7,8,0,0,0,0,2,6,6,2,24,1,0,220,12,246,0,1,0,7.5,5,5.5,5,7,12,13,2,1,7,1,5,0,1,3,0,0,3,1,0,72,59
8127,4064,DEN,16,0,3,6,7,2,11,2,43,18,254,35,22,2,2,0,6,252,1,4,2,54,1,74,103,26,1,0,0,1,3,3,97,3,0,10,108,5,3,2,0,15,10,3,2,2,1,4,6,3,13,4,15,1,5,4,3,0,0,10,19,6,12,2,12,0,0,12,104,9,32,6,47,0,0,4,38,4,45,20,166,5,61,5,0,5,39,47,302,15,190,11,26,11,38,7,9,6,3,14,5,54,7,21,3,4,3,4,8,26,12,2,0,360,11,187,2,1,0,7.5,3.5,9.5,12,5,13.5,4,2,1,8,1,4,7,0,1,0,2,1,3,0,58,70
8128,4064,OAK,10,0,7,0,3,3,13,4,66,26,223,39,26,4,1,2,4,207,1,25,2,45,2,11,41,34,1,0,1,0,1,3,50,2,1,11,100,7,1,4,2,17,6,5,6,0,0,3,8,4,12,11,42,3,1,1,1,2,2,12,15,10,44,2,7,0,0,10,72,12,66,8,13,2,0,2,44,5,54,13,101,3,0,4,66,18,79,49,241,15,52,12,69,16,102,10,11,5,9,27,8,46,3,7,6,36,4,6,2,-2,26,1.5,0,252,12,203,0,3,0,11,2,4.5,5.5,2.5,16.5,6,3,3,10,4,8,0,2,1,0,1,2,0,0,70,58
8129,4065,SF,27,3,3,7,14,8,11,3,125,28,256,35,23,2,0,0,3,138,1,16,2,25,1,0,28,28,3,1,2,0,2,2,65,4,3,69,118,15,8,4,3,18,6,7,5,7,62,1,9,5,27,2,15,4,13,4,9,3,-10,14,43,8,51,4,31,2,24,9,77,7,51,16,71,1,0,0,0,2,63,14,149,5,45,9,41,7,27,24,303,13,79,14,92,10,85,8,8,7,8,26,5,40,8,46,10,80,7,19,7,17,6,0,0,207,10,107,0,1,0,7,1,9,14.5,5,22.5,1,4,3,6,2,9,0,0,1,1,1,1,0,0,68,79
8130,4065,NYG,30,3,10,7,10,6,23,1,84,21,441,54,41,0,1,0,2,90,3,31,2,44,0,0,65,32,3,0,3,0,3,3,87,6,3,21,128,10,4,5,1,37,16,13,8,0,0,3,12,3,13,5,20,4,6,5,30,1,3,11,47,7,29,3,8,1,11,16,99,18,191,14,78,0,0,2,24,3,49,17,163,13,88,11,83,12,107,57,442,25,155,18,180,11,106,13,17,11,7,19,8,80,6,33,15,125,5,10,9,48,0,0,0,211,9,74,0,1,0,8,3,6,6,11,14,52,6,5,4,2,2,0,0,2,0,0,3,0,1,79,68
8131,4066,PIT,24,0,3,7,14,8,5,1,155,27,194,25,13,3,1,0,8,322,5,27,2,62,1,70,86,26.5,3,1,1,1,1,1,47,1,1,81,137,13,6,5,2,7,2,2,3,6,36,3,14,1,7,10,68,1,-2,2,2,4,30,14,50,10,74,3,31,1,24,5,14,4,12,7,63,2,86,1,16,5,0,9,105,6,24,4,46,5,16,33,295,8,61,9,48,11,73,5,3,5,9,33,8,70,5,40,10,104,1,1,2,16,9,2,0,339,13,317,0,5,0,3.5,0.5,13,15.5,2.5,18,0,2,1,9,2,5,7,0,3,0,1,1,2,1,57,75
8132,4066,SD,20,7,0,0,13,2,20,2,52,19,354,48,35,2,1,1,5,267,2,5,1,30,1,0,54,33.5,2,0,2,0,2,3,94,2,2,0,107,9,5,2,2,26,13,10,3,2,13,1,1,0,0,11,25,0,0,3,4,2,9,13,40,4,8,2,4,0,0,13,78,18,147,11,84,2,24,2,32,2,0,6,48,10,57,16,142,16,118,64,438,19,193,19,117,12,44,10,18,7,2,5,7,75,7,20,14,88,1,4,3,23,11,0,1,214,12,240,0,1,0,5.5,3,12,5,8.5,7,0,3,3,8,1,2,0,1,5,0,0,1,2,1,75,57
8133,4067,ATL,21,0,7,0,14,8,15,0,150,21,263,44,30,5,0,3,4,124,2,21,1,19,0,0,41,27.5,3,1,2,0,0,0,0,3,2,104,73,14,7,5,2,26,14,8,4,2,0,2,44,4,27,2,0,5,40,2,11,4,28,9,60,7,77,5,13,4,10,12,53,11,90,15,102,2,0,3,50,0,0,14,116,7,48,8,50,14,81,41,224,22,134,16,89,11,40,4,21,5,5,28,10,78,0,0,0,0,1,0,5,38,32,0,0,299,12,90,0,0,0,12,5,10.5,4.5,6.5,20.5,6,3,2,5,1,3,0,1,3,0,1,1,1,0,73,72
8134,4067,NO,31,14,0,10,7,7,16,2,82,33,304,39,30,1,0,0,4,175,2,12,0,0,0,0,15,32.5,4,2,1,0,1,3,31,5,3,21,100,11,7,2,2,22,10,5,7,2,-3,0,0,9,30,1,3,14,37,3,4,2,11,14,41,10,18,7,23,1,3,13,117,11,98,11,49,1,26,1,0,2,22,5,41,6,55,18,165,10,51,33,255,17,113,13,102,10,89,10,11,9,8,23,7,64,0,0,0,0,8,25,5,9,8,2,0,389,11,134,1,1,0,3.5,3,10,19,5.5,11,1,5,4,7,2,8,7,1,0,1,1,0,0,0,72,73
8135,4068,WAS,20,7,6,0,7,1,12,1,34,17,191,44,25,1,2,0,6,288,0,0,5,96,1,28,15,27.5,2,0,1,0,2,2,84,3,1,0,20,5,2,2,1,18,8,5,5,1,2,3,10,0,0,6,9,1,-1,2,3,4,11,8,13,7,21,2,0,1,1,9,44,8,56,16,62,4,34,2,0,5,0,8,28,20,84,4,39,12,45,38,177,17,92,13,34,15,65,10,11,4,5,7,11,69,0,0,0,0,5,6,7,37,5,0,0,343,12,254,0,1,0,11,0,10,4,16,13,5,6,2,7,2,7,0,1,0,1,1,1,2,0,63,67
8136,4068,NYJ,34,7,3,17,7,10,11,1,223,43,253,26,19,0,1,2,2,49,3,34,4,47,2,6,5,32.5,4,2,2,0,2,3,74,4,3,166,117,17,10,4,3,15,5,6,4,2,-1,8,11,1,4,12,85,1,18,9,31,6,61,22,147,11,33,6,29,2,33,11,145,6,24,6,32,0,0,1,17,2,35,19,187,0,0,1,0,6,66,34,367,8,72,10,93,8,88,4,10,5,9,15,4,80,0,0,0,0,5,22,1,2,0,0,0,400,14,33,0,1,0,9,2.5,5.5,9,2.5,13.5,2,3,2,9,4,11,0,0,0,0,0,1,0,0,67,63
8137,4069,ARI,13,7,3,0,3,2,18,1,56,21,414,44,29,1,2,1,3,129,2,23,6,136,0,0,111,31,1,0,1,0,2,3,70,4,1,11,183,8,6,1,1,25,10,11,4,1,11,6,24,2,1,3,0,3,9,2,1,2,10,12,46,5,4,2,6,1,0,12,99,11,89,8,42,4,57,6,57,3,77,18,143,18,196,4,22,4,60,32,340,18,174,16,168,11,72,5,13,11,8,43,10,109,3,5,5,43,2,2,8,10,7,0,0,302,12,101,1,1,0,12,1.5,2.5,0.5,16.5,8,3,3,2,6,2,5,0,0,4,0,1,0,4,1,72,57
8138,4069,PIT,25,0,3,12,10,6,6,2,142,33,169,20,11,1,0,0,5,238,1,8,4,89,2,0,48,29,2,0,2,0,4,4,174,2,1,65,134,14,9,5,0,8,1,4,3,4,32,7,32,4,15,9,28,6,26,1,9,0,0,18,87,9,51,4,4,5,47,4,7,4,75,5,18,3,23,2,23,2,0,10,32,9,109,1,5,0,0,30,304,4,5,9,99,8,37,4,4,3,6,11,4,-6,8,29,6,101,4,11,3,8,5,1,0,333,12,195,1,1,0,3,0,8.5,9,7.5,20,0,2,0,6,2,10,0,1,2,1,0,2,1,1,57,72
8139,4070,KC,10,0,0,0,10,2,13,1,57,18,271,37,22,2,0,1,6,250,2,24,2,39,2,5,95,27,1,0,1,0,1,1,48,2,0,0,118,8,3,5,0,20,10,7,3,3,14,2,5,2,3,8,34,1,1,0,0,2,0,9,36,6,21,3,0,2,10,10,116,7,79,14,48,3,0,1,39,2,0,10,105,10,20,12,126,5,31,44,292,16,150,12,74,11,47,4,14,4,4,14,5,-3,1,1,6,49,3,3,1,6,11,1,0,242,11,236,0,3,0,12.5,1,10.5,4,9,11,5,4,0,6,1,4,0,0,5,0,1,1,3,1,62,70
8140,4070,MIN,16,3,7,3,3,4,10,2,87,40,237,31,17,2,2,0,4,181,2,14,2,51,0,0,50,33,1,0,1,0,3,3,114,3,1,46,133,10,4,4,2,12,2,5,5,0,0,4,-1,4,11,11,46,5,2,4,26,4,5,18,41,11,30,3,18,0,0,8,78,3,26,12,27,3,72,1,30,4,16,18,152,3,69,7,20,3,8,29,202,8,38,11,73,14,126,5,5,7,9,-1,11,138,7,30,5,26,5,-3,6,20,12,1,0,339,12,137,1,0,0,8,2,5,5,3,16,3,4,2,11,3,13,0,2,1,0,0,1,2,1,70,62
8141,4071,CIN,34,7,10,14,3,5,15,1,114,30,243,33,22,0,0,0,3,121,4,37,4,84,1,10,20,30,4,1,3,0,2,2,86,4,4,39,89,13,6,4,3,20,6,10,4,0,0,3,12,0,0,10,33,6,35,5,26,2,8,13,55,8,33,5,26,1,0,11,43,2,24,14,94,1,0,4,82,1,0,11,66,12,95,6,46,3,36,36,297,13,51,13,139,7,53,5,12,5,6,20,9,40,0,0,0,0,4,36,3,27,0,0,0,446,11,121,0,3,0,9,3.5,6,8,6,16.5,16,3,3,5,2,3,0,0,0,1,1,0,0,1,61,70
8142,4071,BUF,21,7,7,0,7,9,13,0,112,23,256,41,28,2,1,0,5,243,0,0,4,72,0,0,93,30,3,2,1,0,0,0,0,2,2,59,67,15,7,5,3,21,9,9,3,0,0,3,16,1,3,11,35,4,15,3,41,1,2,12,73,8,34,3,5,6,22,10,57,6,42,13,81,5,38,0,0,6,45,11,95,5,31,18,116,6,21,53,310,16,95,15,105,12,56,7,16,5,9,54,8,40,0,0,0,0,7,28,1,8,7,0,0,153,10,206,0,0,0,9,1,10.5,2.5,5.5,15.5,12,3,3,6,1,4,0,0,4,1,0,1,2,0,70,61
8143,4072,CHI,34,3,10,3,18,7,13,4,91,31,353,41,26,1,1,0,5,222,4,27,2,50,1,0,76,33.5,3,2,1,0,4,4,117,8,3,21,192,12,4,6,2,21,13,4,4,2,1,5,26,0,0,20,45,0,0,1,5,3,14,14,38,14,40,3,13,2,12,10,82,9,45,11,64,4,91,1,22,6,49,18,196,5,61,11,59,7,37,55,417,19,180,11,49,12,124,5,13,8,6,23,9,91,13,38,10,87,11,23,10,28,0,0,0,486,14,222,0,1,0,8,2,13.5,5.5,8.5,17.5,14,4,3,8,3,10,0,0,5,0,1,1,2,0,80,81
8144,4072,DET,37,7,14,3,10,6,17,3,155,32,391,42,27,2,1,2,4,221,3,0,3,69,1,0,98,39,4,0,4,0,3,3,98,5,3,73,283,17,10,3,4,22,10,6,6,9,30,3,12,0,0,6,39,0,0,6,30,8,44,16,66,10,17,6,72,6,37,10,74,11,118,12,29,2,26,2,20,4,138,18,206,13,128,0,0,10,71,41,287,18,178,14,144,12,69,8,10,9,7,39,6,43,11,51,26,182,5,11,8,36,14,0.5,0.5,240,12,194,0,0,0,10,3,14,8,5,15,0,5,3,9,4,9,0,0,3,1,2,3,1,1,81,80
8145,4073,DEN,26,3,7,3,10,6,15,0,152,33,290,47,26,0,3,0,7,319,3,19,6,110,2,62,81,36.5,2,0,1,1,4,5,127,3,0,62,95,14,7,6,1,17,8,5,4,2,10,10,40,10,40,0,0,4,7,7,55,0,0,18,93,13,48,2,11,0,0,19,97,3,12,13,69,5,37,0,0,7,60,29,205,6,17,3,24,9,29,76,571,17,139,13,65,17,71,8,13,5,10,30,10,56,11,39,21,157,4,5,3,2,0,2.5,0,394,17,265,1,0,0,9,1.5,16,8.5,7,12,3,5,1,8,1,4,7,0,3,0,4,0,3,0,84,80
8146,4073,CLE,23,0,0,7,16,8,10,2,110,34,189,39,20,4,2,1,7,322,3,34,4,85,3,48,30,33.5,3,0,2,1,1,1,26,3,2,35,72,18,11,6,1,14,6,3,5,6,15,2,14,6,15,1,2,12,38,3,3,2,23,20,77,11,31,1,2,2,13,10,32,7,46,17,63,2,72,2,0,1,0,16,117,6,30,9,39,8,27,37,168,12,63,16,13,15,113,7,11,2,5,24,7,21,8,24,10,24,3,6,5,29,24,0,0,547,16,283,1,2,0,16.5,1.5,8.5,6,8,17.5,1,1,1,9,3,7,6,3,0,3,0,0,0,0,80,84
8147,4074,HOU,31,7,3,0,21,6,15,3,97,33,287,36,24,1,0,0,4,155,2,25,1,14,3,34,69,30,4,0,3,1,1,1,41,2,2,28,86,14,8,4,2,18,9,3,6,8,26,0,0,0,0,14,56,0,0,0,0,7,15,20,68,5,29,4,0,3,7,8,50,8,44,15,127,2,43,0,0,3,29,15,148,11,76,2,8,8,61,19,137,10,129,15,55,12,103,6,11,7,9,40,12,95,5,11,8,107,3,5,4,23,6,2,0,253,11,108,2,1,0,4.5,2,10,7,4.5,20,4,4,3,9,3,8,7,1,4,1,1,1,3,0,72,81
8148,4074,JAC,21,0,7,7,7,4,18,4,83,21,311,53,30,3,3,0,5,234,1,7,3,79,0,0,64,30,3,0,3,0,0,0,0,3,2,22,146,11,6,3,2,25,10,10,5,3,16,0,0,0,0,14,53,0,0,0,0,4,14,9,32,10,31,2,20,4,37,13,62,7,20,20,84,3,19,5,71,5,75,19,116,12,87,15,86,7,42,53,320,24,143,17,97,15,76,7,15,8,4,10,7,62,2,7,1,0,4,12,10,33,20,0.5,0,274,11,189,1,2,0,8,0.5,11.5,6.5,8.5,12,0,1,0,9,2,4,0,1,1,2,1,1,3,0,81,72
8149,4075,MIA,38,10,7,7,14,11,14,1,180,32,254,29,22,2,2,0,3,131,1,6,2,45,2,30,97,32,5,2,2,1,1,1,30,4,3,99,84,20,10,8,2,19,10,6,3,2,15,0,0,6,20,10,56,5,13,3,16,6,60,17,92,13,79,2,9,2,14,10,110,4,0,11,94,2,62,0,0,2,0,12,173,1,13,12,63,4,17,43,424,15,149,9,76,7,29,5,11,6,9,82,7,76,0,0,0,0,7,24,5,37,12,4,1,245,10,117,0,1,0,5,3.5,9,10.5,4,14,1,3,2,5,2,5,7,0,4,1,0,0,3,1,67,69
8150,4075,TEN,10,3,0,7,0,4,15,3,63,18,236,40,26,6,2,2,3,125,1,14,3,79,2,45,50,28,1,0,1,0,1,1,37,3,1,16,80,10,6,3,1,22,11,9,2,3,0,4,16,2,11,4,18,1,4,1,-5,3,19,11,46,6,13,1,4,1,4,10,65,10,67,13,70,1,0,1,32,5,48,9,45,10,111,13,98,8,28,42,216,20,123,15,90,11,23,6,14,6,4,27,6,49,0,0,0,0,1,7,5,4,46,2,0,404,12,119,0,2,0,8,0,19,7.5,3,13.5,7,2,0,5,2,4,0,0,4,1,3,0,0,0,69,67
8151,4076,CAR,27,0,7,7,13,10,14,1,136,34,248,35,20,3,2,0,5,243,2,18,0,0,0,0,25,32,4,3,1,0,0,0,0,3,3,11,102,18,10,7,1,18,7,8,3,1,8,6,27,4,17,10,29,1,2,3,14,7,39,18,72,12,61,2,3,6,31,7,57,10,111,7,53,1,0,6,0,4,48,7,40,10,45,15,155,3,29,53,428,14,79,14,127,10,42,3,10,7,11,48,6,4,0,0,7,80,6,21,0,0,21,1,0,296,13,215,0,2,0,8,3,12,6,5,11,6,4,1,5,1,4,0,3,0,2,0,0,0,0,73,61
8152,4076,SEA,23,3,7,10,3,4,10,0,115,26,219,30,18,4,0,0,7,351,4,28,2,27,2,6,48,28,2,1,1,0,3,3,123,3,1,52,157,10,6,4,0,12,4,4,4,2,8,3,-2,4,9,10,54,0,0,3,12,4,34,11,58,14,56,1,1,8,53,10,29,5,31,8,46,3,40,3,52,1,45,7,23,5,57,13,156,5,7,37,326,14,77,7,69,13,75,8,3,7,5,10,8,26,4,25,9,77,6,10,4,6,22,1,0,370,13,313,1,2,0,10,3,10,5.5,9,13.5,0,2,0,8,2,7,0,0,3,0,0,1,2,2,61,73
8153,4077,SD,20,3,7,7,3,4,26,2,60,21,488,65,43,3,0,1,3,117,2,7,3,55,0,0,76,38,2,0,2,0,2,2,68,6,2,25,134,6,1,5,0,38,19,9,10,2,4,4,6,4,12,4,6,4,27,2,2,1,3,11,18,9,43,1,-1,0,0,14,112,19,160,16,92,7,16,2,88,7,35,19,113,15,157,20,130,11,103,88,608,29,190,19,136,20,162,6,29,8,7,28,14,83,5,13,19,141,6,6,13,44,15,2,0,184,10,79,1,1,0,6,1.5,5.5,6.5,3.5,8,58,5,3,11,5,5,0,1,1,1,3,4,3,0,92,53
8154,4077,GB,27,14,3,7,3,3,11,3,134,18,237,29,16,3,0,0,4,162,2,18,3,59,0,0,50,22,3,1,2,0,2,2,51,4,2,105,173,9,5,3,1,14,6,6,2,4,9,2,8,0,0,4,25,0,0,4,24,2,43,10,43,5,51,1,15,1,15,8,84,6,29,8,75,4,67,0,0,3,0,5,38,11,120,7,55,6,42,31,252,12,91,12,82,8,64,4,5,7,5,84,7,49,4,4,7,65,4,10,8,19,18,0,0,249,10,169,0,2,0,6,4,9.5,7,5.5,33,14,1,0,6,2,5,0,1,1,1,2,1,1,1,53,92
8155,4078,BAL,20,0,6,7,7,9,16,0,77,22,343,52,33,0,2,0,3,159,1,9,1,41,0,0,15,33,2,0,2,0,2,3,58,3,1,22,85,12,2,8,2,28,14,11,3,1,2,1,2,7,23,6,14,4,29,3,7,0,0,8,35,11,39,3,3,0,0,9,60,10,57,15,84,4,34,3,22,11,86,12,31,17,189,10,54,13,69,39,208,25,155,16,164,11,24,9,16,8,4,14,8,35,1,1,8,45,4,3,7,14,0,1,0,271,11,155,0,2,0,10,2,10.5,8,4.5,7,15,5,3,5,2,5,0,1,1,0,0,2,0,0,76,59
8156,4078,SF,25,6,10,3,6,2,11,2,65,25,326,27,16,3,0,0,4,152,1,4,0,0,2,45,25,27,2,0,2,0,4,4,152,3,0,14,254,7,4,2,1,13,5,4,4,2,6,6,14,3,11,8,19,4,9,1,-1,1,7,14,28,9,28,2,9,3,10,4,6,2,4,13,95,2,51,0,0,6,168,15,182,3,38,4,10,5,94,11,103,9,74,10,140,11,96,4,3,9,5,17,15,127,8,10,4,88,5,7,4,-4,14,0,0,323,11,123,1,1,0,7,0,13.5,14.5,1.5,15.5,0,2,2,9,2,7,0,1,1,2,0,1,0,0,59,76
8157,4079,NE,34,7,13,7,7,5,15,2,118,27,301,37,23,2,1,0,5,239,2,8,2,5,0,0,72,27.5,4,1,3,0,2,2,75,3,2,49,148,12,6,3,3,18,8,7,3,1,8,4,12,1,0,10,68,2,5,5,25,0,0,11,49,7,54,5,15,2,2,11,74,9,85,13,54,1,0,1,25,2,74,19,155,2,39,8,89,8,29,32,236,17,135,14,128,8,38,5,11,7,4,10,11,90,2,10,2,13,1,7,4,25,11,0,0,374,13,224,0,4,0,6.5,3.5,3,5,10.5,21.5,6,4,2,8,4,2,0,1,2,1,0,2,0,2,68,78
8158,4079,IND,27,7,14,0,6,6,16,2,121,23,289,50,30,3,0,0,6,287,3,15,1,19,1,14,103,32.5,4,0,3,1,0,0,0,3,3,66,67,10,5,2,3,25,10,10,5,1,3,1,-4,5,37,9,51,1,23,3,9,1,2,14,57,3,29,4,35,3,36,20,160,5,11,10,39,6,37,3,18,4,47,15,109,18,129,11,50,4,24,55,358,18,143,20,115,15,31,9,14,7,5,35,11,72,0,0,0,0,3,-1,7,45,23,0,1,221,12,279,0,3,0,4.5,2,15.5,6,2,13,8,5,4,7,1,2,7,2,6,1,2,1,1,1,78,68
8159,4080,NYG,7,7,0,0,0,3,11,4,81,23,166,38,24,3,2,1,8,339,3,1,4,79,3,43,92,29.5,1,0,1,0,0,0,0,1,1,26,0,10,8,2,0,17,5,8,4,5,8,2,9,0,0,13,56,0,0,2,4,1,4,17,76,4,7,2,-2,1,12,11,44,9,79,12,66,2,0,0,0,2,0,14,105,6,18,8,51,7,26,41,168,11,48,18,92,12,26,7,13,4,10,33,13,102,0,0,0,0,0,0,1,13,23,0,0,320,13,314,0,2,0,12.5,1,9.5,5.5,9,17.5,39,4,2,7,1,7,0,2,2,4,1,1,3,1,68,79
8160,4080,PHI,27,7,10,7,3,10,11,3,157,40,270,37,24,1,3,1,4,217,4,25,2,33,2,17,72,30.5,3,1,1,1,2,2,76,2,1,55,112,20,7,10,3,17,10,4,3,6,43,3,11,1,21,9,38,3,8,6,16,7,21,16,70,15,55,4,33,2,5,9,54,3,12,16,102,3,75,1,0,5,37,20,154,3,60,7,43,7,23,72,554,18,130,9,99,11,41,7,10,7,2,9,8,57,0,0,0,0,2,15,1,-10,10,0,0,351,13,196,1,1,0,10.5,4.5,10.5,5,2,15.5,55,5,4,6,0,6,7,2,2,1,2,2,1,0,79,68
8161,4081,SEA,20,7,10,0,3,11,9,1,179,44,212,24,18,5,2,0,4,187,5,11,1,20,0,0,50,38,2,1,1,0,2,2,95,1,1,71,123,21,12,4,5,15,6,8,1,4,38,3,25,6,16,13,54,6,24,4,5,2,17,20,87,10,61,8,31,4,23,7,29,2,4,9,79,1,43,2,23,3,57,7,83,6,79,5,31,6,42,32,244,10,84,14,129,5,-1,5,6,7,15,74,5,27,0,0,0,0,6,12,4,7,23,0,0,297,11,158,1,2,0,6,8,3.5,3.5,5.5,7.5,2,5,4,6,1,5,0,0,2,2,1,0,1,0,72,46
8162,4081,SF,3,0,0,3,0,3,5,0,61,15,81,24,13,6,0,0,9,390,1,9,4,104,2,0,33,22,0,0,0,0,1,1,35,1,0,13,54,5,3,2,0,8,5,2,1,3,14,1,13,2,3,4,15,1,9,3,5,1,2,8,37,5,20,2,4,0,0,7,21,4,16,8,33,3,54,0,0,2,0,8,39,3,2,8,70,5,13,22,78,11,34,10,23,9,24,4,7,2,3,24,5,3,0,0,0,0,0,0,1,0,43,4,0,216,11,379,0,3,0,12.5,1,15.5,10.5,9,10.5,1,1,0,7,1,3,0,0,3,1,0,0,2,0,46,72
8163,4082,BUF,31,3,10,0,18,10,13,3,115,28,260,42,24,4,2,2,3,148,2,37,4,87,1,44,87,31.5,3,0,2,1,3,3,95,3,1,61,109,15,7,6,2,21,12,8,1,8,41,0,0,4,9,3,0,5,27,4,8,4,30,15,57,10,52,3,6,8,38,14,64,7,39,14,92,2,0,1,0,4,103,13,84,12,114,12,61,5,39,62,458,22,147,14,128,10,-17,3,16,5,7,31,10,32,3,5,3,15,1,0,7,19,38,0,1,356,13,148,0,0,0,10.5,2,4.5,1,12,8,4,3,1,9,2,7,7,3,0,2,1,3,1,1,78,67
8164,4082,JAC,34,0,27,0,7,6,9,2,124,36,175,29,13,2,1,0,6,269,0,0,2,20,2,29,66,28.5,5,1,2,2,0,0,0,2,1,56,116,12,5,5,2,13,7,3,3,1,1,0,0,12,82,1,0,12,38,2,3,0,0,12,37,11,55,5,32,1,1,6,42,2,15,9,13,5,74,3,20,4,18,17,151,1,5,8,17,3,9,29,193,13,101,9,53,9,21,3,4,6,7,32,7,65,1,4,9,72,8,6,3,19,7,0,1,327,13,232,0,0,0,3,4,15,6,9,16,0,5,2,8,2,9,14,1,3,3,1,2,1,1,67,78
8165,4083,TB,30,10,14,0,6,9,12,0,190,30,289,29,21,1,0,1,2,89,3,18,1,15,0,0,142,31.5,3,0,2,1,3,3,88,3,1,103,138,20,11,7,2,18,6,7,5,3,17,5,4,0,0,6,24,6,30,4,18,6,88,18,117,8,52,4,12,1,5,6,34,10,110,8,57,4,80,0,0,1,16,14,177,2,36,6,28,7,56,20,221,10,133,12,67,8,89,2,12,7,8,66,9,137,6,47,8,77,7,14,3,17,8,1,0,187,9,85,0,0,0,6.5,3.5,5,10,5.5,17.5,3,5,3,5,2,4,7,2,5,0,1,3,6,1,63,64
8166,4083,WAS,31,0,7,14,10,4,16,7,51,20,305,40,33,1,0,1,4,189,1,4,2,48,0,0,20,28.5,4,1,3,0,1,1,35,5,4,11,91,8,5,2,1,26,14,8,4,5,11,3,4,1,-1,1,1,2,13,0,0,6,23,12,39,5,11,1,1,2,16,9,38,13,94,11,58,3,77,2,32,2,18,6,55,14,151,15,87,5,24,31,190,18,158,13,83,10,64,12,14,7,4,2,6,19,5,20,16,109,2,7,8,25,12,0,0,311,11,171,0,1,0,7.5,2,8,4,14.5,13,2,4,2,5,1,6,0,2,0,2,0,0,0,0,64,63
8167,4084,ATL,10,0,3,7,0,9,10,2,129,34,251,38,22,0,2,0,4,174,1,12,1,28,2,21,53,35,1,0,1,0,1,2,27,3,1,72,86,15,9,5,1,17,7,6,4,4,21,4,28,3,4,6,16,5,32,4,13,3,16,17,95,10,33,2,2,0,0,13,72,6,44,12,98,5,37,1,0,1,0,21,140,5,43,7,47,5,21,27,190,14,88,11,69,13,94,4,10,8,5,25,8,72,9,15,9,54,5,19,5,11,0,1,0,298,12,174,0,2,0,4.5,1,5.5,6,5,14,0,6,1,6,2,7,0,0,3,1,0,0,0,1,75,54
8168,4084,TEN,7,0,7,0,0,5,10,0,77,16,179,35,22,1,2,0,7,305,0,0,1,27,2,8,45,25,1,0,1,0,0,0,0,2,1,42,0,7,3,4,0,16,12,3,1,1,3,1,3,3,24,6,35,2,0,3,12,0,0,8,41,7,37,1,-1,1,0,9,56,7,53,12,59,3,0,3,19,1,0,8,46,5,17,13,76,9,48,34,173,17,125,10,21,9,33,5,15,2,6,44,8,18,5,11,8,36,0,0,4,30,8,0,0,364,13,293,0,5,0,5.5,0.5,15,7.5,7.5,12,7,1,0,6,0,3,0,0,2,0,0,2,1,0,54,75
8169,4085,NO,28,7,14,7,0,9,12,1,187,40,266,45,29,2,1,0,10,487,8,44,0,0,2,25,100,38.5,4,3,1,0,0,0,0,5,4,127,141,18,14,3,1,17,1,9,7,7,57,2,5,1,1,10,92,0,0,6,4,6,24,25,171,6,6,1,6,0,0,15,78,5,12,13,94,4,49,2,0,5,47,16,101,8,49,11,90,9,40,34,195,8,8,20,100,19,158,13,8,8,9,24,17,108,1,0,2,31,7,18,4,20,14,0,1,507,17,429,1,4,0,2,4,6,9,5,10,2,1,1,13,2,7,0,0,3,3,2,1,3,2,88,63
8170,4085,IND,21,0,0,14,7,3,10,2,75,13,301,44,23,4,2,1,10,517,5,38,4,91,1,0,42,21.5,3,0,3,0,0,0,0,2,1,30,195,7,3,2,2,15,8,6,1,1,16,2,5,1,5,6,32,1,8,0,0,2,9,6,21,4,24,3,30,3,27,8,28,10,70,15,40,3,106,0,0,7,62,19,167,8,42,6,57,10,40,50,379,21,97,17,165,10,12,7,11,5,4,18,3,-2,0,0,0,0,0,0,5,14,32,0,0,315,15,453,1,3,0,11,4.5,9.5,11,8.5,14.5,6,2,1,9,1,3,0,1,4,1,1,1,1,2,63,88
8171,4086,MIN,28,3,12,10,3,7,16,2,141,36,285,35,25,4,0,1,2,90,4,23,4,107,0,0,31,36.5,2,0,2,0,5,5,198,4,1,102,166,12,7,4,1,20,6,10,4,3,7,9,16,0,0,15,19,0,0,5,61,2,3,22,84,8,25,4,-3,2,2,12,96,6,74,8,26,5,53,1,21,2,46,14,144,10,82,3,23,7,67,33,178,12,118,17,132,10,35,8,9,8,8,21,8,44,0,0,2,0,6,13,8,-11,31,3.5,1,305,12,81,0,1,0,8,2.5,4,8.5,5,11,2,3,2,8,2,14,0,0,1,0,1,2,0,0,75,54
8172,4086,DET,19,14,3,0,2,3,9,2,77,17,197,26,18,7,0,0,6,296,1,9,4,85,0,0,30,23.5,2,0,2,0,1,1,52,3,2,27,132,6,3,3,0,14,12,1,1,2,4,5,18,0,0,4,29,0,0,5,12,1,14,6,32,8,41,3,4,1,5,7,59,8,39,7,57,2,101,1,0,1,0,13,100,2,13,5,89,6,54,30,230,17,173,7,-14,9,38,7,6,5,5,41,6,119,0,0,0,0,4,17,5,22,59,1,0,292,11,273,0,1,0,16,5,9.5,5,6.5,17,2,3,0,7,0,5,2,0,1,2,0,2,0,0,54,75
8173,4087,PIT,13,3,0,7,3,7,9,2,148,26,192,29,16,2,2,1,2,91,1,2,4,116,0,0,5,27.5,1,0,1,0,2,2,60,3,1,87,109,13,7,4,2,13,6,6,1,3,59,1,3,3,14,12,60,1,2,3,9,0,0,12,106,6,29,5,12,0,0,6,19,4,20,8,26,4,45,2,0,4,99,12,140,8,45,2,0,6,24,30,160,13,61,11,113,7,18,5,4,7,9,30,8,52,3,44,3,8,5,11,5,16,17,1,0,267,10,66,0,1,0,6,2,13.5,7,6.5,12,3,5,2,4,0,3,0,1,0,0,0,0,0,0,57,63
8174,4087,KC,23,3,6,7,7,7,11,0,140,31,239,32,21,2,0,0,3,164,1,25,3,76,2,33,66,32.5,2,1,1,0,3,4,79,5,2,60,91,15,8,3,4,15,6,4,5,3,18,0,0,0,0,16,99,0,0,3,15,5,8,15,102,7,24,5,14,1,7,11,73,4,27,11,66,3,42,1,26,1,17,6,71,9,74,8,75,8,31,42,331,11,102,12,46,11,91,5,10,6,4,20,7,49,5,47,4,44,8,19,9,27,12,2,0,304,10,162,0,0,0,7.5,2,6,2.5,8.5,10.5,2,4,4,6,2,3,0,1,1,0,0,2,2,0,63,57
8175,4088,CLE,6,0,3,3,0,3,12,4,82,24,282,37,30,4,0,4,5,227,2,4,1,21,0,0,98,35.5,0,0,0,0,2,2,69,1,0,32,97,7,5,1,1,18,10,6,2,4,8,2,8,2,13,11,27,3,0,2,26,0,0,15,51,5,6,4,25,5,26,10,37,9,77,14,142,0,0,2,28,1,13,11,69,7,36,9,111,9,81,39,280,16,118,16,86,9,78,10,15,5,10,18,9,51,0,0,0,0,1,1,4,9,15,0,0,273,13,192,1,2,0,7.5,3.5,6,7,8.5,6.5,8,3,2,8,1,8,0,4,4,0,0,2,0,1,75,53
8176,4088,STL,24,10,0,7,7,9,5,2,160,28,150,23,15,2,0,1,5,244,2,15,2,55,0,0,75,24.5,3,2,0,1,1,3,39,3,2,126,85,12,9,2,1,10,6,3,1,2,15,7,77,0,0,4,10,4,15,1,3,6,32,16,123,6,18,2,11,0,0,10,87,4,24,7,11,0,0,0,0,2,41,9,84,2,8,5,23,7,48,24,170,9,102,8,37,8,11,4,7,4,3,-2,3,5,0,0,0,0,4,14,3,1,13,0,0,394,12,240,0,3,0,8,4,5.5,3,10.5,27,7,1,1,6,0,6,7,1,2,0,5,1,3,0,53,75
8177,4089,HOU,27,0,0,14,13,6,18,0,71,25,251,49,23,4,1,0,8,384,2,21,3,88,0,0,25,28,4,1,3,0,0,0,0,4,3,33,119,9,4,4,1,23,9,9,5,1,3,2,0,6,26,6,31,6,13,3,-4,1,2,11,36,12,31,2,4,0,0,16,85,11,64,16,42,4,66,0,0,2,16,28,177,4,16,6,0,11,80,49,235,23,121,16,91,14,39,2,14,7,6,-7,9,7,0,0,0,0,7,23,8,19,22,1,0,366,14,365,0,2,0,11.5,4.5,13,5.5,6.5,8,23,1,1,8,1,8,0,0,1,1,1,2,1,0,81,63
8178,4089,MIA,44,21,20,0,3,8,11,2,251,37,255,20,19,4,0,1,5,246,6,19,2,64,1,23,52,32,6,1,4,1,1,1,53,2,1,177,180,14,8,6,0,14,6,7,1,3,43,1,7,5,14,9,34,6,39,4,41,4,27,18,99,10,97,4,9,1,3,7,186,2,20,11,90,0,0,0,0,0,0,8,158,2,37,4,20,6,81,39,337,9,116,10,111,5,28,4,11,4,10,72,8,147,0,0,0,0,2,6,1,10,41,2,0,388,15,205,1,2,0,11,2,5,7,8,13,2,2,0,5,0,8,7,0,4,3,6,0,0,0,63,81
8179,4090,NYJ,23,3,7,7,6,3,19,3,89,29,283,39,22,2,0,1,4,161,1,6,2,58,0,0,29,33,2,0,2,0,3,3,105,4,2,11,120,12,6,5,1,20,7,6,7,4,23,1,4,1,2,9,28,7,15,3,6,4,11,18,44,10,44,1,1,5,29,13,102,6,80,15,69,1,0,2,44,2,0,23,186,6,34,3,16,7,59,36,263,14,94,14,87,13,102,3,12,7,10,25,16,116,3,8,7,28,6,19,8,17,12,0,0,242,11,123,0,0,0,3.5,4,0.5,6,4,25,2,3,1,8,5,5,0,3,1,0,0,0,0,1,72,67
8180,4090,NE,30,3,10,3,14,3,17,0,16,9,337,54,34,3,0,0,3,134,3,38,3,83,0,0,38,27,3,1,2,0,3,3,108,5,3,11,125,4,1,1,2,27,12,8,7,0,0,0,0,3,15,2,4,2,3,0,0,2,-6,4,-4,3,8,2,12,4,15,23,161,13,62,12,37,3,68,2,27,1,0,18,140,11,43,20,146,5,26,53,317,23,137,19,88,15,112,8,19,7,0,0,8,21,3,-2,17,150,4,15,16,28,18,1,0,383,10,128,0,3,0,8,1.5,12,4.5,6,15,25,5,2,9,6,1,0,0,1,0,0,5,0,0,67,72
8181,4091,OAK,37,10,20,7,0,8,10,1,131,27,282,31,24,1,0,0,4,152,5,50,1,32,2,28,136,31,4,1,3,0,3,3,92,4,1,87,144,13,6,5,2,18,10,5,3,4,31,4,4,1,1,6,13,0,0,2,9,8,73,12,67,9,53,4,11,1,4,11,117,3,14,11,56,2,16,0,0,4,86,14,196,3,6,7,54,7,33,33,361,14,155,10,56,8,71,5,11,8,6,38,8,37,0,0,0,0,4,6,5,11,7,1,0,590,12,112,2,1,0,12,2.5,7.5,14,1.5,19.5,1,1,1,6,3,4,0,1,3,3,1,3,4,1,62,89
8182,4091,SD,29,3,3,0,23,9,15,4,90,21,327,58,38,1,2,0,5,211,0,0,4,84,0,0,86,29,3,0,3,0,2,2,84,2,2,26,74,15,6,5,4,30,15,11,4,4,18,1,5,0,0,4,15,2,11,3,7,7,34,7,44,9,24,5,22,0,0,20,100,7,49,23,126,3,43,1,18,1,0,13,83,13,89,10,50,19,114,67,411,28,130,20,149,11,48,12,20,6,2,5,11,49,0,0,0,0,1,4,5,22,9,0,1,205,12,161,0,0,0,10.5,1.5,9,8,4.5,12.5,12,6,5,6,2,4,0,0,6,1,1,1,1,0,89,62
8183,4092,DAL,20,3,10,0,7,14,10,3,233,41,227,27,17,1,3,1,2,66,2,7,3,66,0,0,46,38,2,1,1,0,2,2,78,2,1,109,134,27,13,11,3,13,8,2,3,7,70,4,18,3,13,7,27,7,35,6,19,7,51,24,114,14,106,3,13,1,4,5,32,5,18,10,43,4,88,1,0,2,46,7,70,8,66,9,79,3,12,26,211,10,133,9,37,9,57,3,8,6,8,67,6,29,13,78,7,52,3,9,2,0,0,0,0,255,10,66,0,0,0,6.5,2,5,3,8.5,10,1,3,3,3,1,3,0,3,1,0,0,2,0,1,73,53
8184,4092,NYG,27,0,10,10,7,4,7,2,136,29,157,24,13,2,0,0,5,235,0,0,3,149,3,70,13,22,3,1,0,1,2,2,81,3,1,78,106,12,9,3,0,10,4,3,3,0,0,5,19,5,25,4,30,4,13,3,49,0,0,13,102,7,32,1,2,0,0,7,6,5,78,9,42,0,0,1,0,2,44,11,103,2,43,7,18,4,6,28,226,8,49,9,57,9,51,3,7,3,5,22,7,27,4,6,5,21,2,17,2,-7,13,0,0,274,10,188,2,0,1,14,2,17,2.5,9,11.5,28,1,0,3,1,3,7,0,0,0,0,2,1,0,53,73
8185,4093,PHI,16,0,6,10,0,6,12,2,177,30,172,46,26,5,1,0,5,233,1,2,0,0,3,23,46,31,1,1,0,0,3,4,105,2,0,96,66,11,5,4,2,18,3,9,6,4,25,2,4,3,12,15,93,0,0,0,0,6,20,15,54,12,85,3,15,3,6,19,105,7,43,18,33,2,24,0,0,0,0,12,19,6,52,11,74,17,60,80,499,17,14,17,100,17,58,9,14,3,7,34,10,43,6,25,12,0,3,1,6,11,33,1,0,330,13,228,0,2,0,15,0,7,4,8,9,57,3,3,12,3,5,0,2,2,0,2,1,1,0,83,61
8186,4093,CAR,27,7,7,7,6,9,11,1,205,34,190,24,14,1,3,0,4,157,1,5,2,27,1,0,43,29,3,2,1,0,2,2,64,5,3,116,121,18,10,7,1,13,8,4,1,5,66,4,14,4,42,9,54,4,15,2,4,4,7,17,80,12,113,3,9,3,21,7,106,2,9,10,57,2,25,0,0,3,0,13,97,3,33,5,65,3,2,40,487,12,157,7,24,6,9,3,5,6,6,54,6,53,11,45,5,33,8,13,3,2,7,1,0,440,13,155,0,3,0,8.5,4,12.5,13.5,8,12.5,22,2,1,4,0,6,0,1,2,1,0,2,0,0,61,83
8187,4094,BAL,18,3,7,0,8,3,14,1,55,16,221,39,26,3,1,1,6,272,1,8,1,28,0,0,64,30.5,2,1,1,0,1,1,44,4,2,40,105,6,3,3,0,22,8,8,6,2,-1,2,0,0,0,7,45,0,0,5,11,0,0,8,43,6,14,2,-2,0,0,8,25,13,95,12,49,2,29,2,23,2,31,8,28,12,118,9,73,10,33,27,115,17,74,13,103,12,44,9,12,5,6,27,7,41,0,0,9,72,2,13,4,-6,31,2,0,309,10,253,0,2,0,9.5,2,11,6.5,5.5,11.5,3,6,2,7,3,7,0,2,2,2,0,2,1,1,64,62
8188,4094,ARI,26,7,7,6,6,5,14,2,151,29,264,29,20,2,0,0,4,144,4,19,0,0,1,0,40,29.5,3,1,2,0,2,3,42,4,2,98,112,10,6,3,1,17,7,6,4,1,3,4,9,0,0,19,80,0,0,1,5,2,32,19,92,6,30,2,7,1,3,6,56,8,63,9,88,1,0,0,0,4,68,9,98,7,68,6,62,6,47,23,200,9,116,12,66,10,82,3,10,7,5,46,5,77,4,7,4,38,5,-2,7,18,11,0,1,298,11,109,0,1,0,5,2.5,2.5,2.5,7.5,23,0,2,1,6,1,7,0,1,2,1,0,1,1,0,62,64
8189,4095,MIA,7,0,0,7,0,2,16,0,15,13,255,44,28,5,2,0,6,349,4,9,2,68,0,0,40,27.5,1,1,0,0,0,1,0,2,1,0,102,4,2,2,0,22,10,9,3,0,0,1,0,2,1,3,1,3,7,3,3,1,3,7,9,4,8,2,-2,2,-1,13,91,3,17,14,97,6,29,2,0,5,66,27,191,0,0,6,40,10,69,49,190,21,118,17,118,11,19,9,9,10,4,10,4,27,0,0,0,0,1,1,2,-13,45,1,0,259,13,271,2,1,0,7,1.5,8,9.5,11,12,13,1,0,9,1,7,0,3,1,1,3,0,0,0,63,72
8190,4095,NE,36,7,12,3,14,8,16,0,95,26,342,38,26,2,0,0,6,264,4,38,1,17,2,31,69,32.5,4,0,4,0,2,2,88,4,3,35,125,13,7,5,1,21,14,4,3,3,12,2,7,7,46,8,19,4,14,2,-3,0,0,12,60,10,26,4,9,1,1,15,130,12,124,5,26,3,43,0,0,3,33,10,92,7,47,11,122,10,95,31,172,20,230,11,80,9,32,5,11,10,6,23,11,128,0,0,0,0,1,0,7,40,14,1,1,409,12,255,0,4,0,9,3.5,1,4.5,1,23,8,3,1,8,2,7,2,3,1,1,0,0,0,3,72,63
8191,4096,DET,10,3,0,0,7,2,13,1,81,14,195,38,23,6,2,0,6,282,1,2,6,151,0,0,81,26,1,0,1,0,1,1,35,1,0,44,51,4,3,1,0,18,9,6,3,1,32,1,3,5,24,1,3,3,11,3,8,0,0,11,58,2,18,1,5,1,5,11,53,11,75,11,48,3,30,0,0,2,21,17,144,5,29,6,24,10,30,44,219,16,118,15,62,13,15,8,11,4,6,50,9,11,0,0,0,0,1,4,2,-4,32,0,0,205,12,241,0,0,0,8.5,4,10,3.5,8.5,13.5,9,2,0,7,0,1,0,0,1,1,1,2,2,1,60,65
8192,4096,KC,45,7,17,7,14,10,10,4,207,33,134,28,20,3,0,0,4,164,6,41,2,77,2,1,20,34,6,4,2,0,1,1,33,7,6,128,23,14,9,2,3,14,3,6,5,5,39,1,-1,6,20,2,48,12,79,3,9,2,4,19,125,8,40,4,33,4,70,13,45,6,59,6,28,1,0,2,17,0,0,9,47,1,6,9,49,9,47,38,389,9,13,13,78,9,43,7,9,4,6,36,6,19,0,0,0,0,7,42,8,46,15,2,3,517,12,162,0,3,0,6.5,3,0.5,4,7,21,2,2,2,7,4,7,0,1,0,0,0,1,1,0,65,60
8193,4097,TB,23,3,10,7,0,5,11,5,118,33,173,29,16,2,0,0,3,127,0,0,0,0,1,15,43,30,2,1,1,0,3,3,92,3,1,49,69,15,9,5,1,12,3,4,5,3,8,4,9,7,35,0,0,6,24,5,13,6,29,19,70,9,49,3,-1,2,25,6,26,5,25,12,57,2,28,1,20,3,21,9,48,9,18,6,80,5,31,24,158,7,61,13,48,11,64,4,8,4,7,28,2,0,11,39,10,38,6,10,7,29,4,1,0,295,10,104,0,1,0,13.5,0,3.5,12.5,8,23.5,0,3,0,7,3,7,0,1,2,1,4,0,1,0,70,80
8194,4097,ATL,20,3,0,7,10,7,19,2,101,27,395,45,37,1,1,3,0,0,2,23,2,58,0,0,124,39,2,0,2,0,2,2,45,5,2,50,56,13,7,4,2,36,20,10,6,6,26,4,17,4,9,2,0,4,42,2,5,5,2,14,74,9,25,4,2,3,2,18,148,15,123,11,105,0,0,0,0,1,21,16,186,5,32,13,110,11,69,39,310,21,229,14,102,11,64,7,22,8,8,9,10,124,0,0,10,67,11,8,8,56,2,1,1,265,10,0,0,0,0,16.5,2.5,3.5,5,10,8.5,5,6,4,5,3,8,0,2,5,0,2,3,1,1,80,70
8195,4098,ARI,34,7,3,14,10,6,17,2,121,40,372,37,23,1,1,3,2,100,4,50,3,63,1,0,25,34.5,4,0,4,0,2,2,72,5,3,13,219,22,12,6,4,22,5,8,9,1,0,4,20,12,35,1,8,10,34,8,24,0,0,22,70,10,31,4,20,1,8,9,107,1,6,15,76,4,105,2,20,6,60,19,190,8,109,6,31,4,44,26,238,10,141,16,93,12,138,2,13,8,9,28,10,85,5,21,7,59,6,25,5,18,2,0,0,382,13,81,0,0,0,8.5,2,2.5,3.5,8,12.5,1,5,5,6,4,7,0,2,1,1,0,3,1,0,81,63
8196,4098,CLE,20,7,13,0,0,1,12,3,39,20,215,40,21,1,1,1,6,299,2,19,2,46,1,0,35,25.5,3,0,3,0,0,0,0,3,3,10,52,7,4,2,1,18,6,4,8,1,-7,1,1,5,21,3,2,9,16,1,6,0,0,12,12,6,24,2,3,6,19,10,55,10,126,14,42,5,0,0,0,1,0,15,58,8,32,13,53,4,80,40,222,13,75,13,39,15,101,6,11,4,5,10,6,68,0,0,1,0,5,15,6,15,8,0,0,390,12,249,0,2,0,15.5,3,7.5,3,13,13,7,4,3,6,4,10,0,2,0,1,2,3,0,0,63,81
8197,4099,SF,6,3,3,0,0,1,8,2,39,22,151,41,20,3,0,0,10,460,5,38,2,49,0,0,93,28,0,0,0,0,2,2,80,1,0,0,33,2,0,1,1,12,6,4,2,3,10,2,-3,1,5,9,14,2,-1,1,-1,2,15,9,7,8,18,3,14,5,29,7,13,6,20,20,96,2,0,3,0,3,33,5,19,17,75,11,37,8,31,36,162,16,72,13,44,15,35,8,10,2,10,14,10,39,0,0,0,0,0,0,3,2,11,0,0,330,15,441,1,4,0,15,0,15,3.5,6,8.5,2,3,0,12,2,9,0,1,4,3,1,1,4,2,67,69
8198,4099,STL,27,2,18,0,7,7,5,4,200,44,191,23,14,0,0,1,8,436,3,1,2,19,0,0,93,32,3,2,1,0,1,2,38,1,1,84,135,15,9,6,0,8,3,4,1,2,-7,10,31,1,1,8,79,4,23,9,29,4,13,20,108,15,54,3,7,0,0,3,74,1,0,13,42,3,69,1,0,2,0,9,92,5,10,5,64,4,19,29,330,7,34,8,91,8,60,7,3,4,6,15,8,38,0,0,0,0,1,2,2,-2,0,0,0,390,15,398,0,4,0,9,4.5,3,4,8,12.5,12,0,0,7,0,7,2,0,2,2,2,1,3,2,69,67
8199,4100,NYG,49,7,14,7,21,5,16,7,87,21,329,41,30,3,0,1,4,212,1,13,5,169,1,2,53,25,7,0,6,1,0,0,0,4,4,46,179,9,6,3,0,25,12,10,3,0,0,0,0,10,47,0,0,10,39,1,1,0,0,16,58,4,30,1,-1,0,0,16,111,6,38,13,90,1,0,2,41,3,70,18,185,8,45,3,29,12,91,47,324,16,151,19,154,9,37,7,16,7,7,23,12,106,0,0,6,70,5,4,9,48,21,0,0,292,11,162,1,1,0,13.5,0,6.5,8,6,25,12,2,1,5,1,6,7,1,3,1,1,0,2,0,73,78
8200,4100,NO,52,14,14,14,10,10,24,1,103,26,511,50,40,0,1,1,2,95,2,30,2,26,0,0,93,35,7,0,7,0,1,1,50,2,2,48,246,14,7,4,3,34,17,12,5,4,18,4,26,9,28,1,1,6,19,0,0,2,11,15,63,8,18,3,22,1,1,14,135,9,113,17,96,4,42,2,45,4,80,17,202,9,90,13,152,11,67,41,408,24,244,17,205,9,62,9,20,11,5,14,9,162,7,28,16,103,5,13,4,31,0,2,0,336,12,82,0,0,0,7,0,9.5,6,4.5,18,3,4,4,5,2,7,0,4,1,0,1,5,2,0,78,73
8201,4101,MIN,23,7,3,0,13,8,7,2,147,25,180,30,17,1,1,0,4,134,3,77,3,55,0,0,35,27.5,2,0,1,0,3,3,127,2,0,70,95,15,9,6,0,14,5,4,5,4,24,6,21,5,31,0,0,4,15,6,56,0,0,15,91,9,58,1,-2,2,21,12,84,1,16,11,52,1,0,0,0,3,35,16,95,3,43,5,37,5,12,26,198,10,31,10,67,11,82,6,6,5,7,25,6,18,3,32,11,107,1,2,0,0,7,0,0,256,10,131,0,3,1,7.5,2,6.5,4.5,10,15.5,3,1,0,6,2,2,0,2,1,0,0,0,1,0,58,61
8202,4101,CHI,20,3,7,3,7,6,11,1,97,25,208,33,22,1,0,0,5,221,2,3,3,78,1,15,38,32.5,2,1,1,0,2,3,88,2,1,14,69,11,6,5,0,14,5,5,4,0,0,4,20,3,9,0,0,7,33,7,21,4,14,14,54,11,43,0,0,2,11,10,29,0,0,14,94,3,41,1,19,5,28,18,118,5,33,5,32,5,28,46,324,11,61,10,75,13,72,8,8,6,7,28,5,8,9,32,8,47,2,6,2,11,3,0,0,259,10,144,0,1,0,6.5,2.5,8,5,8.5,8.5,17,2,1,8,3,3,0,0,2,0,0,1,1,0,61,58
8203,4102,SD,26,3,13,7,3,4,15,3,81,26,290,36,28,1,0,0,4,177,1,2,0,0,0,0,66,30,3,0,3,0,2,2,91,2,2,0,149,13,7,5,1,21,8,7,6,1,1,3,9,11,29,1,0,9,39,1,3,0,0,16,51,8,26,2,4,1,0,13,91,5,58,14,82,2,0,1,60,1,0,12,120,5,35,8,77,11,59,60,444,11,97,15,72,11,111,11,12,5,6,21,9,67,7,17,8,55,2,4,3,29,11,2,0,173,9,160,0,1,0,8,1,10.5,4.5,4.5,18.5,44,3,1,5,2,5,0,1,0,2,0,1,2,0,67,68
8204,4102,BAL,29,6,7,6,10,6,14,3,73,26,293,37,25,3,0,0,2,122,2,17,1,33,0,0,46,30,2,1,1,0,5,5,209,4,2,11,124,12,7,3,2,18,8,6,4,1,8,5,18,7,22,4,11,4,7,2,14,1,-7,14,48,7,20,3,5,3,3,9,36,7,45,13,78,3,36,1,0,4,124,7,62,17,160,6,23,7,74,24,140,16,165,14,67,10,61,8,9,8,4,13,10,73,12,26,7,71,5,13,7,27,26,0,0,252,10,124,0,1,0,6.5,3.5,12.5,7,7,14.5,1,5,4,5,0,5,0,1,2,0,0,3,1,0,68,67
8205,4103,CIN,16,3,3,0,10,3,11,2,80,25,218,38,23,3,2,0,4,136,3,38,2,52,3,51,94,30,1,0,1,0,3,4,133,3,1,39,126,8,5,3,0,19,6,9,4,0,0,2,17,0,0,11,34,3,15,3,11,2,3,11,46,7,38,3,-4,4,6,10,21,9,70,11,59,3,20,2,23,3,38,20,128,5,12,9,61,4,30,48,311,15,67,14,74,12,77,6,12,5,4,34,9,42,7,17,16,106,2,11,6,17,13,0,0,431,12,136,0,3,0,6.5,4.5,5.5,9.5,7,15,28,5,2,6,0,6,0,4,1,1,1,2,3,1,67,75
8206,4103,PIT,10,7,0,3,0,3,15,3,116,19,240,45,28,3,3,0,6,213,0,0,2,34,2,49,91,30,1,0,1,0,1,1,32,3,1,55,46,9,4,5,0,23,10,10,3,1,6,3,16,5,46,7,22,2,7,1,4,0,0,11,30,8,71,0,0,0,0,7,59,13,97,12,48,4,0,6,58,3,0,13,52,11,49,14,109,7,52,51,254,20,80,17,135,11,25,10,13,5,6,25,9,47,2,6,16,69,1,5,5,13,22,2,0,242,12,175,0,3,0,3.5,2.5,6.5,6,9,14.5,18,2,2,6,0,2,0,1,5,2,0,1,4,1,75,67
8207,4104,TEN,6,3,0,3,0,3,9,3,86,20,125,31,22,7,1,2,7,349,5,63,4,97,0,0,45,31,0,0,0,0,2,2,79,1,0,28,0,9,5,4,0,14,9,4,1,2,5,2,5,2,2,6,23,2,14,3,0,3,37,12,66,7,20,1,0,0,0,7,34,10,72,9,47,3,0,1,0,1,18,7,21,7,29,8,80,9,41,36,115,14,86,12,25,12,14,6,14,2,10,29,5,22,0,0,0,0,1,2,1,0,46,1.5,0,314,13,321,0,3,0,7,1.5,11.5,4,3.5,17.5,3,2,1,8,0,4,0,1,1,0,1,3,1,1,59,64
8208,4104,HOU,20,0,10,7,3,1,11,2,57,24,214,35,23,3,0,0,8,407,3,28,1,29,1,22,85,29,2,0,2,0,2,2,62,1,0,0,63,3,2,1,0,15,6,5,4,1,1,3,12,1,0,6,16,2,3,6,17,3,8,13,29,7,22,2,6,0,0,13,60,5,12,12,100,3,21,1,42,0,0,17,168,4,3,3,15,10,49,30,124,13,112,11,42,14,60,4,16,3,4,11,11,35,0,0,0,0,1,3,2,1,21,3.5,0,476,14,324,1,2,0,5.5,6.5,7.5,13,7,9.5,0,1,1,9,1,6,0,1,2,2,0,0,3,0,64,59
8209,4105,NYJ,20,3,3,7,7,4,16,2,74,21,292,47,31,3,1,0,4,182,2,10,2,38,0,0,40,29.5,2,0,2,0,2,2,78,2,2,41,97,9,4,3,2,27,12,9,6,2,9,2,4,4,17,7,2,2,3,0,0,4,39,8,25,9,32,4,17,3,46,14,85,15,125,10,52,2,0,4,21,2,28,25,168,12,104,4,8,6,31,55,397,21,128,14,90,15,74,7,20,4,9,20,6,48,0,0,0,0,1,0,5,14,19,0,0,261,11,176,0,1,0,13.5,2,6.5,6.5,3,10.5,17,6,3,5,1,8,0,1,1,2,1,0,0,2,73,62
8210,4105,OAK,34,7,14,10,3,7,13,1,120,27,333,36,23,0,0,0,3,135,4,6,4,101,1,0,61,30.5,4,0,4,0,2,3,99,1,1,75,189,10,4,6,0,19,9,6,4,4,4,2,0,3,11,7,41,2,4,2,26,3,34,12,58,11,62,0,0,0,0,9,50,5,12,17,165,2,0,2,57,1,49,21,148,4,75,4,19,7,91,33,358,15,152,11,83,10,98,5,11,7,5,42,6,32,0,0,0,0,2,7,2,5,0,0,1,283,12,125,0,1,0,11.5,4,6,3,3.5,25,0,2,2,6,1,6,0,0,4,1,0,3,0,1,62,73
8211,4106,SEA,13,3,7,0,3,8,11,0,114,32,210,30,19,0,1,0,4,193,1,12,1,18,0,0,40,29.5,1,0,1,0,2,3,50,2,0,33,22,16,7,7,2,15,8,4,3,2,-4,4,20,6,24,8,32,1,7,2,6,7,29,15,50,12,47,3,17,5,33,10,89,4,39,11,82,1,0,0,0,3,0,7,35,7,39,12,116,3,20,34,307,12,109,9,62,9,39,3,10,6,7,23,6,53,16,62,9,68,8,19,1,0,0,0,0,259,10,185,0,1,0,11.5,2.5,7.5,4.5,10,7,2,1,1,6,2,8,0,1,1,1,0,1,1,0,62,60
8212,4106,DAL,12,3,3,3,3,8,4,2,130,31,91,26,13,1,0,0,4,188,2,8,0,0,1,9,40,30.5,0,0,0,0,4,4,147,3,0,48,0,14,4,7,3,7,4,1,2,6,46,6,22,2,1,8,41,1,2,4,10,2,8,11,55,13,57,5,18,3,44,7,44,5,35,11,18,2,0,0,0,1,0,8,32,1,0,6,16,11,49,24,158,10,29,6,15,11,47,4,7,2,8,32,6,38,3,7,6,-3,1,4,2,3,6,0,0,275,10,176,0,2,0,15,1,8,3,7,12,0,5,3,8,1,6,0,2,2,1,0,0,0,0,60,62
8213,4107,GB,10,0,7,3,0,7,3,4,90,21,50,22,14,3,0,0,5,231,1,9,2,45,1,0,15,26.5,1,1,0,0,1,1,56,1,1,67,0,9,5,3,1,7,5,1,1,1,10,2,16,1,1,12,43,1,0,3,6,1,14,12,51,7,21,2,18,2,31,6,9,3,14,9,37,1,0,3,17,0,0,11,35,2,2,5,22,4,18,27,122,10,31,9,2,6,17,8,5,1,3,15,8,15,0,0,0,0,2,3,0,0,27,0,0,173,9,219,0,2,0,13.5,0,10,4,7.5,17,4,1,0,6,2,7,0,1,1,0,0,2,0,0,53,67
8214,4107,DEN,29,7,10,7,5,9,15,0,160,34,340,29,21,0,1,0,3,120,3,12,1,13,0,0,93,33.5,3,3,0,0,2,2,74,3,2,96,177,14,6,4,4,18,8,8,2,3,6,5,13,5,12,11,60,4,30,3,22,3,17,18,74,10,40,6,46,0,0,9,60,9,110,5,51,3,47,2,48,1,24,16,190,4,45,6,105,3,0,49,534,12,167,11,132,6,41,2,8,11,8,36,9,105,0,0,0,0,4,17,3,11,0,2,0,198,9,111,0,1,0,7.5,2,6,8.5,5.5,5.5,13,4,4,6,1,13,2,1,5,1,2,3,1,0,67,53
8215,4108,IND,26,0,6,0,17,5,14,0,136,35,223,45,23,2,3,1,6,292,4,14,5,150,1,0,15,36,2,0,2,0,4,4,155,4,2,44,50,17,6,9,2,19,4,10,5,3,5,5,11,4,26,15,56,4,14,1,7,3,17,14,37,16,79,5,20,6,35,15,48,7,51,9,64,3,18,4,20,7,30,15,96,12,66,14,47,4,22,44,312,17,45,16,121,14,57,6,13,4,8,42,6,2,6,31,14,48,1,6,7,38,8,0,0,501,17,234,2,2,0,7.5,2,15,3,11.5,11,20,3,1,8,2,11,0,0,1,0,1,0,0,0,86,75
8216,4108,CAR,29,10,0,7,6,7,10,0,140,36,239,35,16,2,1,2,7,291,2,18,2,37,3,14,55,33.5,3,1,2,0,3,3,133,3,2,62,138,12,5,4,3,13,5,5,3,4,19,3,14,8,33,10,25,3,19,2,16,6,14,16,62,14,43,6,35,10,41,13,66,0,0,11,46,7,65,1,0,3,71,15,102,4,26,12,79,4,41,50,402,14,53,11,89,12,97,3,7,6,11,38,7,13,4,9,10,60,9,43,2,8,9,1,0,538,16,277,0,1,0,6,1,12.5,6,15.5,15,27,4,2,11,4,9,0,1,3,0,1,0,1,0,75,86
8217,4109,CLE,10,3,7,0,0,4,9,0,69,17,144,33,15,3,0,0,6,274,1,0,2,42,0,0,28,24,1,0,1,0,1,1,27,3,1,35,51,6,3,3,0,12,4,3,5,1,4,2,13,2,5,4,17,3,10,3,13,2,7,9,26,6,23,2,20,4,31,9,41,7,29,8,47,4,51,3,0,2,0,6,22,11,34,8,48,8,64,42,224,12,40,11,52,13,52,3,8,4,8,31,11,54,0,0,0,0,4,7,7,5,24,0,0,229,9,245,1,1,0,15,3.5,8.5,2.5,9.5,13,0,1,1,9,1,5,0,2,1,0,1,0,1,0,53,67
8218,4109,CIN,31,7,7,3,14,8,13,2,155,40,219,27,21,2,0,0,3,79,3,9,1,13,0,0,20,36,4,1,3,0,1,1,28,4,3,72,54,18,9,6,3,16,4,6,6,6,50,3,8,7,20,6,42,4,15,5,13,3,7,15,89,13,45,6,21,5,6,9,63,6,83,6,51,2,19,0,0,2,18,9,78,7,82,6,53,3,21,37,337,12,41,8,65,9,113,6,8,7,5,16,5,47,2,29,1,25,7,8,7,45,15,0,0,249,10,59,0,0,0,7.5,4,5.5,3,4,10,0,6,4,6,4,8,0,0,0,0,1,0,0,2,67,53
8219,4110,GB,29,7,0,7,15,3,16,2,71,19,331,48,25,5,1,1,8,357,4,18,3,71,1,4,87,28,4,0,4,0,0,0,0,3,2,15,250,7,4,3,0,22,11,6,5,3,13,5,16,2,3,4,14,0,0,3,15,2,10,8,20,9,40,2,11,4,22,15,75,8,34,16,81,4,114,3,56,2,21,23,204,6,57,9,19,10,101,59,407,23,128,15,150,15,65,6,8,11,6,33,8,30,2,5,7,13,4,23,9,29,38,0,0,461,16,322,0,2,0,7,0,15.5,3,12.5,9,16,1,0,11,3,8,0,0,2,2,2,2,1,1,77,67
8220,4110,CAR,37,3,24,3,7,9,10,1,130,36,297,30,15,0,1,0,6,289,5,35,2,33,1,1,45,32,4,1,3,0,3,4,91,5,3,57,217,14,8,4,2,13,7,3,3,4,-3,3,9,4,11,11,63,6,12,2,9,6,29,20,72,11,31,5,27,10,56,9,41,4,14,9,68,3,63,1,52,3,59,8,70,10,153,9,72,2,2,47,472,11,144,9,41,10,112,2,6,7,8,54,5,30,3,8,1,0,6,27,7,30,0,1,1,423,15,271,0,0,0,5,3.5,9,4.5,5,17,24,3,1,11,4,8,0,0,0,1,1,2,1,1,67,77
8221,4111,WAS,10,0,3,0,7,3,12,1,37,15,213,40,22,1,1,1,4,188,1,9,3,48,1,44,27,23,1,0,1,0,1,1,23,2,1,10,36,6,2,3,1,16,8,2,6,0,0,1,2,0,0,6,12,5,22,1,2,2,-1,9,22,4,14,2,1,0,0,14,56,10,82,9,43,4,0,1,0,2,36,14,85,10,76,9,18,7,38,39,224,15,86,13,21,13,106,7,11,4,2,6,5,9,0,0,0,0,2,0,7,30,4,0,0,214,9,190,0,2,0,9,2,9.5,7,14.5,15,7,2,1,12,6,3,0,1,1,1,0,1,1,0,58,80
8222,4111,NE,27,14,3,3,7,10,15,2,163,39,299,39,26,0,1,1,2,69,2,2,2,18,1,13,43,37,3,1,2,0,2,2,42,6,3,80,72,19,10,7,2,21,4,8,9,2,12,3,27,4,18,7,31,8,27,10,59,1,-11,21,100,11,58,3,5,0,0,22,138,8,66,4,29,0,0,3,48,2,18,13,79,9,102,8,52,9,66,32,321,11,35,14,123,14,141,6,13,7,11,42,19,143,0,0,0,0,7,15,9,51,0,0,0,322,11,60,0,1,0,10.5,3,2,2.5,2.5,16.5,1,5,3,10,6,6,0,0,3,2,0,1,0,0,80,58
8223,4112,TEN,34,10,7,3,8,3,19,3,112,28,371,39,28,0,0,1,5,253,2,12,4,96,1,0,66,32.5,4,0,4,0,2,3,80,5,3,53,222,8,6,1,1,23,11,8,4,4,21,3,19,2,3,0,0,11,19,6,49,2,1,19,95,6,11,3,6,1,5,15,118,8,61,11,81,3,110,0,0,2,0,5,73,14,94,14,152,6,51,36,315,14,166,15,113,10,91,9,11,8,7,19,6,65,10,25,17,160,6,11,8,40,0,3,0,342,13,232,0,2,0,7.5,1,9,13.5,7.5,14.5,4,4,2,6,2,9,0,0,3,0,0,1,6,0,71,76
8224,4112,NO,28,14,7,0,7,5,18,7,63,29,355,39,28,4,1,1,4,183,3,21,3,82,0,0,75,33,4,1,3,0,0,1,0,4,3,12,175,9,3,6,0,24,10,8,6,3,12,1,4,3,8,1,1,8,14,7,20,2,4,15,29,9,34,1,0,1,1,7,43,8,70,13,80,7,147,0,0,4,47,9,108,13,153,10,82,7,44,26,227,18,153,15,104,10,98,4,15,9,6,13,12,155,4,5,14,56,5,3,5,10,32,0,0,282,12,171,0,2,0,12.5,1.5,9.5,7,6,15.5,1,1,0,9,5,7,0,1,3,0,1,3,2,0,76,71
8225,4113,MIA,17,0,7,7,3,6,16,7,106,23,291,37,28,2,0,1,3,114,2,18,4,50,0,0,62,29,2,2,0,0,1,1,48,4,2,37,186,14,9,4,1,23,13,7,3,5,45,1,3,2,6,6,13,3,17,2,6,4,16,14,67,8,36,1,3,2,3,9,51,3,11,17,144,2,21,2,45,3,46,22,197,2,0,4,15,7,97,49,413,20,168,11,128,8,-5,9,11,8,5,17,5,38,0,0,0,0,4,10,6,10,27,0,1,136,9,94,1,1,0,8.5,3,9.5,1,12,8,6,1,1,4,0,4,0,1,5,1,1,0,1,1,69,55
8226,4113,BUF,33,9,10,7,7,10,7,1,269,40,154,12,11,3,0,0,3,150,0,0,3,32,0,0,94,31,4,3,1,0,1,1,43,2,1,186,107,17,10,3,4,7,2,1,4,7,44,5,74,4,20,5,26,4,33,3,8,5,57,17,143,10,48,6,71,7,48,4,29,2,12,4,33,1,60,0,0,1,44,9,165,0,0,1,6,2,7,32,571,5,64,4,-6,6,93,1,8,2,12,110,5,9,0,0,0,0,1,11,0,0,27,0,0,267,9,132,0,2,0,3.5,4,8,2,8.5,24,0,1,1,7,4,4,2,3,3,0,1,6,2,0,55,69
8227,4114,STL,18,6,9,0,3,10,5,3,160,36,160,32,18,1,0,0,8,372,4,27,0,0,1,0,87,32.5,1,1,0,0,4,5,194,2,1,107,98,13,7,5,1,7,3,2,2,5,26,2,1,2,7,14,33,1,2,2,1,10,90,23,93,11,61,2,6,1,2,8,24,4,39,11,27,2,0,1,55,5,23,12,102,8,15,5,35,6,16,23,35,7,36,11,42,15,82,10,5,3,7,22,8,74,12,68,10,23,2,6,1,0,8,0,1,337,14,332,0,1,0,12.5,0,7,3.5,9.5,12.5,7,2,1,11,1,11,0,0,2,2,5,3,1,0,74,72
8228,4114,MIN,21,10,0,8,0,9,6,6,146,36,148,27,15,1,1,0,8,334,4,40,4,96,0,0,67,33,2,2,0,0,2,2,74,3,2,74,55,15,12,1,2,13,5,7,1,5,14,3,8,1,11,14,61,2,17,1,-2,8,37,22,111,8,14,4,21,3,17,5,65,5,12,11,57,2,25,0,0,4,0,11,46,5,37,7,47,4,29,19,76,8,35,11,97,9,16,4,7,4,5,20,10,79,15,65,7,4,4,12,3,15,11,0,0.5,408,14,287,1,1,0,16.5,0.5,10,6,8.5,9.5,2,3,2,6,1,7,0,1,3,0,0,1,2,0,72,74
8229,4115,JAC,23,3,7,3,10,3,16,0,98,19,338,40,24,6,2,2,5,203,2,20,4,117,0,0,30,29.5,2,0,2,0,3,3,119,2,0,66,274,6,3,1,2,21,13,3,5,3,23,3,5,1,2,7,17,2,4,0,0,3,42,9,62,8,20,2,11,4,32,10,47,3,11,11,37,10,156,2,56,4,74,19,243,7,54,10,47,4,37,46,431,22,208,10,65,14,73,5,7,12,5,11,8,53,2,42,11,92,1,-1,6,6,43,0,0,328,13,161,0,3,0,6,4.5,6,5,11,11.5,0,4,3,10,3,6,0,0,2,0,2,1,0,0,66,65
8230,4115,NYJ,28,14,0,7,7,2,12,0,32,29,261,34,21,2,0,0,9,351,4,42,4,115,2,8,41,30.5,4,2,2,0,0,0,0,3,3,0,127,5,3,1,1,14,1,8,5,3,-2,3,10,1,1,10,5,1,1,5,5,2,10,14,20,8,13,3,-3,1,1,12,82,6,55,9,8,6,89,1,38,0,0,17,123,7,67,4,44,6,38,37,263,9,21,14,153,13,87,6,7,8,7,8,9,69,8,11,8,83,5,11,5,43,11,2,1,581,15,331,0,5,0,9.5,3,3,6.5,6.5,15.5,1,1,1,9,3,12,0,4,1,0,1,0,1,0,65,66
8231,4116,OAK,35,7,7,7,14,6,17,1,140,26,301,44,24,0,1,3,7,277,1,1,5,74,1,1,21,28,5,1,4,0,0,0,0,4,3,90,137,10,5,4,1,19,11,3,5,1,3,0,0,3,23,9,66,3,8,6,31,2,5,11,55,11,82,2,-1,1,4,11,56,4,48,18,61,0,0,4,96,7,40,25,196,6,73,10,27,3,5,48,321,22,198,10,28,12,75,6,10,8,4,55,10,36,1,4,15,85,2,19,5,16,0,1,0,458,15,275,0,3,0,10,1,6.5,2.5,11.5,21.5,9,2,2,8,3,6,0,1,0,0,0,3,0,0,70,85
8232,4116,PIT,38,3,18,0,17,9,16,2,195,30,402,50,28,1,1,1,5,208,3,2,4,83,1,25,42,32,4,2,2,0,3,4,90,6,4,116,234,16,6,8,2,23,13,5,5,2,47,1,3,5,19,14,63,5,16,1,12,2,22,14,82,13,95,3,5,0,0,13,96,8,55,18,143,4,60,2,0,5,59,27,282,9,31,8,45,6,55,44,304,22,214,13,42,16,146,9,10,9,7,24,15,153,10,65,15,113,9,28,6,30,11,0,0,420,15,207,0,3,0,6.5,1,5,7.5,10.5,11.5,9,5,4,9,2,5,0,3,2,0,1,0,1,0,85,70
8233,4117,NYG,32,10,7,3,12,6,14,4,115,34,213,40,26,0,2,0,1,64,0,0,2,54,0,0,49,35,3,0,2,1,4,4,167,4,2,11,24,18,9,9,0,20,7,4,9,1,-3,4,4,9,40,9,39,8,28,1,7,0,0,17,58,14,58,1,-1,0,0,14,87,9,51,14,75,1,0,1,0,1,0,22,145,4,4,8,29,6,35,38,210,14,74,10,37,16,102,7,16,3,7,25,15,85,11,46,7,44,5,9,7,21,0,0,0,336,11,63,0,1,0,6,2,10.5,5.5,5.5,8.5,34,3,1,7,4,6,6,0,1,1,1,2,2,0,75,63
8234,4117,TB,18,6,3,3,6,6,10,3,136,23,249,36,19,0,0,3,2,85,1,1,4,87,2,34,79,25,1,1,0,0,4,5,127,4,1,81,93,12,7,3,2,17,10,3,4,0,0,3,12,2,42,4,11,6,14,3,14,5,24,12,81,8,23,3,13,3,24,9,56,5,32,15,45,2,16,3,78,2,17,19,147,9,59,1,17,7,21,26,180,16,148,10,36,10,60,7,5,7,4,7,4,60,5,56,10,47,6,20,6,4,0,0,0,293,11,65,1,1,0,10.5,0,11,6.5,10.5,17.5,13,3,1,6,3,4,0,0,4,0,3,1,2,1,63,75
8235,4118,ATL,16,3,10,0,3,2,15,0,17,14,285,45,30,2,0,0,7,304,4,76,4,115,2,2,63,32,1,0,1,0,3,3,99,3,1,0,100,4,1,2,1,21,14,3,4,4,0,1,-3,1,3,2,7,2,12,1,4,3,-6,9,-2,4,15,1,4,1,2,17,96,10,49,13,58,4,46,1,54,0,0,19,157,5,17,11,62,10,67,38,225,18,192,15,62,14,31,11,13,6,3,2,8,35,2,8,12,61,1,1,7,36,18,0,0,369,11,287,0,5,0,12.5,1,14.5,4,6,8,3,2,2,7,0,5,0,0,1,1,1,1,2,0,64,66
8236,4118,SF,17,0,17,0,0,8,8,2,136,42,185,26,15,0,2,0,5,241,1,17,3,80,0,0,30,28,2,0,2,0,1,1,44,2,2,51,88,12,4,5,3,11,5,1,5,3,26,9,14,4,11,7,41,4,20,3,3,5,22,17,76,13,49,5,12,5,36,6,31,3,1,8,109,7,44,0,0,2,0,4,44,10,72,7,31,5,38,22,243,9,51,6,19,11,115,3,8,4,9,36,6,56,13,40,4,25,7,13,3,20,0,2,0,236,12,165,0,0,0,3,1,6,7,5,22,1,4,3,8,2,9,0,1,1,1,2,0,0,0,66,64
8237,4119,DEN,24,0,7,10,7,2,13,1,35,14,274,36,21,1,2,0,5,215,1,83,2,69,0,0,56,21.5,3,0,2,0,1,1,29,2,1,22,148,4,3,1,0,16,9,1,6,2,-6,2,22,1,3,1,3,1,8,5,9,2,-4,11,38,3,-3,0,0,0,0,11,67,7,31,7,39,2,16,3,60,6,64,18,136,5,22,11,115,2,4,49,341,13,100,12,39,12,131,7,8,6,4,2,12,57,3,18,7,57,1,3,5,14,7,1,0,239,10,213,0,2,1,9.5,0,24,4.5,4.5,15.5,6,0,0,10,5,4,0,0,1,0,1,3,4,0,52,79
8238,4119,IND,27,7,10,0,10,7,13,7,121,41,245,36,21,1,0,0,5,226,3,2,2,33,2,1,30,38.5,3,1,2,0,2,2,121,4,3,49,96,13,5,4,4,18,5,5,8,4,7,4,32,2,9,23,64,0,0,3,15,3,-6,20,54,12,34,7,33,5,35,7,36,9,51,13,99,4,66,1,0,1,0,9,82,10,103,11,40,5,27,31,268,10,41,14,70,13,134,7,7,7,8,35,6,52,12,18,7,64,10,19,4,24,7,0,0,292,11,143,0,1,0,9,2.5,3.5,2.5,1.5,13,2,5,4,12,6,13,0,1,0,1,0,1,1,0,79,52
8239,4120,PHI,33,0,7,7,13,13,9,3,173,36,287,36,25,1,0,0,5,241,0,0,0,0,1,67,70,25.5,4,2,1,1,2,2,84,3,2,75,201,21,6,12,3,14,10,2,2,7,49,8,16,2,7,10,54,1,3,1,3,5,41,13,48,18,118,3,7,0,0,8,19,4,22,20,115,1,27,0,0,3,112,16,143,3,27,6,44,11,81,63,535,19,201,6,40,12,46,12,6,7,6,10,9,38,10,55,13,147,5,22,4,7,8,1,0,203,11,236,0,3,0,13.5,5,4.5,7,11,13,49,5,3,6,1,6,7,3,1,0,0,5,1,0,73,78
8240,4120,DAL,27,7,0,7,13,8,11,6,134,29,277,38,25,4,1,0,4,175,2,5,1,79,0,0,58,38.5,3,0,3,0,2,2,85,3,3,69,170,17,9,5,3,21,9,4,8,3,32,5,18,3,10,8,19,2,18,3,6,5,31,13,65,12,42,4,27,2,17,14,84,9,96,7,50,6,69,1,0,0,0,13,131,13,120,9,43,2,5,42,390,17,127,11,42,14,175,6,13,7,9,38,8,78,4,20,20,132,4,7,6,48,22,0,0,241,10,175,0,2,0,10.5,1.5,7,5.5,14.5,16,1,4,3,8,4,5,0,1,2,2,1,2,2,0,78,73
8241,4121,CHI,22,0,7,0,15,5,20,0,112,31,337,40,27,1,1,1,2,85,2,22,2,46,0,0,55,33.5,3,1,2,0,0,2,0,4,2,27,126,15,9,5,1,22,9,5,8,3,3,1,3,2,1,15,76,2,8,2,11,1,9,15,78,10,32,1,1,0,0,14,124,3,31,12,87,1,31,1,25,7,47,16,151,7,44,11,80,4,70,52,452,16,131,12,88,13,118,6,12,9,9,39,8,68,3,12,7,68,4,11,7,10,8,2,0,322,10,85,0,1,0,6,0.5,11,12.5,2,14,1,4,3,6,2,4,0,1,1,0,2,0,2,0,72,71
8242,4121,SD,19,7,9,0,3,5,12,2,77,19,262,42,26,2,0,1,4,159,0,0,1,24,1,68,54,26.5,2,0,1,1,2,2,53,3,1,25,40,9,4,2,3,21,7,10,4,3,8,6,24,1,4,6,32,0,0,3,9,0,0,10,37,6,18,3,22,0,0,14,83,14,88,10,69,2,40,0,0,0,0,16,96,2,12,11,69,13,103,61,404,16,53,17,139,11,70,5,16,5,4,18,6,61,5,9,16,93,3,7,5,31,18,1,0,191,9,137,0,1,0,5,1,8.5,5,11.5,19,4,3,3,8,2,5,6,1,4,3,0,0,0,0,71,72
